{
    "Address": 1,
    "AddressUpgradeable": 2,
    "Address_1": 3,
    "Address_2": 4,
    "Address_3": 5,
    "Address_4": 6,
    "Address_5": 7,
    "Adminable": 8,
    "AngryBoarcats": 9,
    "Context": 10,
    "ContextUpgradeable": 11,
    "Context_1": 12,
    "Context_2": 13,
    "Context_3": 14,
    "Context_4": 15,
    "Context_5": 16,
    "Context_6": 17,
    "Context_7": 18,
    "Context_8": 19,
    "Context_9": 20,
    "Counters": 21,
    "ECDSA": 22,
    "ERC1967Proxy": 23,
    "ERC1967Upgrade": 24,
    "ERC20": 25,
    "ERC20Burnable": 26,
    "ERC20Votes": 27,
    "ERC20VotesComp": 28,
    "IBeacon": 29,
    "IBridge": 30,
    "IERC20": 31,
    "IERC20Metadata": 32,
    "IERC20_1": 33,
    "IERC20_2": 34,
    "IERC20_3": 35,
    "IERC20_4": 36,
    "IERC20_5": 37,
    "IERC20_6": 38,
    "IERC20_7": 39,
    "IMetaRouter": 40,
    "IReservoir": 41,
    "IWrapper": 42,
    "Initializable": 43,
    "MasterChef": 44,
    "Math": 45,
    "MerkleDistributor": 46,
    "MerkleProof": 47,
    "MetaRouteStructs": 48,
    "MetaRouteStructs_1": 49,
    "MetaRouter": 50,
    "MetaRouterGateway": 51,
    "MetaRouterGateway_1": 52,
    "MulticallRouter": 53,
    "Ownable": 54,
    "OwnableUpgradeable": 55,
    "Ownable_1": 56,
    "Ownable_2": 57,
    "Ownable_3": 58,
    "Ownable_4": 59,
    "Ownable_5": 60,
    "Ownable_6": 61,
    "Pausable": 62,
    "Portal": 63,
    "Proxiable": 64,
    "Proxy": 65,
    "ProxyAdmin": 66,
    "RelayRecipientUpgradeable": 67,
    "Reservoir": 68,
    "RevertMessageParser": 69,
    "RevertMessageParser_1": 70,
    "SafeCast": 71,
    "SafeERC20": 72,
    "SafeERC20_1": 73,
    "SafeERC20_2": 74,
    "SafeERC20_3": 75,
    "SafeERC20_4": 76,
    "StorageSlot": 77,
    "SymbiToken": 78,
    "SymbiosisTokenVesting": 79,
    "TokenVesting": 80,
    "TransferHelper": 81,
    "TransferHelper_1": 82,
    "TransferHelper_2": 83,
    "TransferHelper_3": 84,
    "TransparentUpgradeableProxy": 85,
    "UUPSUpgradeable": 86,
    "draft-EIP712": 87,
    "draft-ERC20Permit": 88,
    "draft-IERC20Permit": 89,
    "draft-IERC20Permit_1": 90,
    "import": 91
}