{
    "AnyswapV3Router": 1,
    "AnyswapV3Router_1": 2,
    "AnyswapV4ERC20": 3,
    "AnyswapV4Router": 4,
    "AnyswapV4Router_1": 5,
    "AnyswapV5ERC20": 6,
    "AnyswapV5ERC20_1": 7,
    "AnyswapV5ERC20_2": 8,
    "AnyswapV5ERC20_3": 9,
    "AnyswapV6ERC20": 10,
    "AnyswapV6ERC20_1": 11,
    "AnyswapV6Router": 12,
    "BtcSwapAssetV2": 13,
    "Erc20SwapAsset": 14,
    "Erc20SwapAsset_1": 15,
    "LtcSwapAsset": 16,
    "MultichainV7Router": 17,
    "MultichainV7Router_1": 18,
    "NFTRouter": 19,
    "fKRW": 20,
    "fUSD": 21
}