{
    "AccessControl": 1,
    "Address": 2,
    "Address_1": 3,
    "Address_10": 4,
    "Address_2": 5,
    "Address_3": 6,
    "Address_4": 7,
    "Address_5": 8,
    "Address_6": 9,
    "Address_7": 10,
    "Address_8": 11,
    "Address_9": 12,
    "Alpha_Homora_Earn_Zap_V1": 13,
    "Balancer_ZapIn_General_V2_5": 14,
    "Balancer_ZapIn_General_V4": 15,
    "CompoundInterface": 16,
    "Compound_Zap_V1": 17,
    "Context": 18,
    "Context_1": 19,
    "Context_10": 20,
    "Context_2": 21,
    "Context_3": 22,
    "Context_4": 23,
    "Context_5": 24,
    "Context_6": 25,
    "Context_7": 26,
    "Context_8": 27,
    "Context_9": 28,
    "Counters": 29,
    "CreamInterface": 30,
    "Curve_Registry_V2": 31,
    "Curve_ZapIn_General_V1_4": 32,
    "Curve_ZapIn_General_V4": 33,
    "Curve_ZapIn_General_V4_1": 34,
    "Curve_ZapOut_General_V4": 35,
    "Curve_to_Curve_Pipe": 36,
    "ERC1155": 37,
    "ERC1155_1": 38,
    "ERC165": 39,
    "ERC165_1": 40,
    "ERC165_2": 41,
    "ERC20": 42,
    "ERC20toUniPoolZapV1_General": 43,
    "ETH_ERC20_Curve_General_Zap_V1": 44,
    "Harvest_ZapIn_V3": 45,
    "IERC1155": 46,
    "IERC1155MetadataURI": 47,
    "IERC1155MetadataURI_1": 48,
    "IERC1155Receiver": 49,
    "IERC1155Receiver_1": 50,
    "IERC1155_1": 51,
    "IERC165": 52,
    "IERC165_1": 53,
    "IERC165_2": 54,
    "IERC20": 55,
    "IERC20Metadata": 56,
    "IERC20Metadata_1": 57,
    "IERC20Metadata_2": 58,
    "IERC20Metadata_3": 59,
    "IERC20_1": 60,
    "IERC20_2": 61,
    "IERC20_3": 62,
    "IERC20_4": 63,
    "IERC20_5": 64,
    "IERC20_6": 65,
    "IERC20_7": 66,
    "IERC20_8": 67,
    "IdleInterface": 68,
    "Idle_Zap_V1": 69,
    "Ownable": 70,
    "Ownable_1": 71,
    "Ownable_10": 72,
    "Ownable_2": 73,
    "Ownable_3": 74,
    "Ownable_4": 75,
    "Ownable_5": 76,
    "Ownable_6": 77,
    "Ownable_7": 78,
    "Ownable_8": 79,
    "Ownable_9": 80,
    "Pickle_ZapOut_V1": 81,
    "SafeERC20": 82,
    "SafeERC20_1": 83,
    "SafeERC20_2": 84,
    "SafeERC20_3": 85,
    "SafeERC20_4": 86,
    "SafeERC20_5": 87,
    "SafeERC20_6": 88,
    "SafeERC20_7": 89,
    "SafeERC20_8": 90,
    "SafeMath": 91,
    "SignatureVerifier": 92,
    "SignatureVerifier_V2": 93,
    "Strings": 94,
    "Strings_1": 95,
    "Sushiswap_ZapIn_V4": 96,
    "Sushiswap_ZapOut_General_V3": 97,
    "TokenTimelock": 98,
    "UniSwapAddLiquityV3_General": 99,
    "UniSwap_ETH_CDAIZap": 100,
    "UniSwap_ETH_CHAIZap": 101,
    "UniSwap_ETH_DAIZap": 102,
    "UniswapV2_ZapIn_General_V5": 103,
    "UniswapV2_ZapOut_General_V4": 104,
    "UniswapV2_ZapOut_General_V5": 105,
    "Vesper_ZapIn_V1": 106,
    "ZapBaseV1": 107,
    "ZapBaseV2": 108,
    "ZapBaseV2_1": 109,
    "ZapBaseV2_1_1": 110,
    "ZapBaseV2_1_2": 111,
    "ZapBaseV2_1_3": 112,
    "ZapBaseV2_2": 113,
    "ZapBaseV2_3": 114,
    "ZapBaseV2_4": 115,
    "ZapInBaseV3": 116,
    "ZapInBaseV3_1": 117,
    "ZapInBaseV3_1_1": 118,
    "ZapInBaseV3_1_2": 119,
    "ZapInBaseV3_1_3": 120,
    "ZapInBaseV3_2": 121,
    "ZapInBaseV3_3": 122,
    "ZapOutBaseV2": 123,
    "ZapOutBaseV3": 124,
    "ZapOutBaseV3_1": 125,
    "ZapOutBaseV3_1_1": 126,
    "ZapOutBaseV3_1_2": 127,
    "ZapOutBaseV3_2": 128,
    "Zapper_Matic_Bridge_V1": 129,
    "Zapper_Matic_Bridge_V1_2": 130,
    "Zapper_NFT_V1": 131,
    "Zapper_NFT_V2": 132,
    "ibTokenInterface": 133
}