{
    "AdminMultisigBase": 1,
    "AdminMultisigBase_1": 2,
    "AxelarAuthWeighted": 3,
    "AxelarGasService": 4,
    "AxelarGasServiceProxy": 5,
    "AxelarGasService_1": 6,
    "AxelarGateway": 7,
    "AxelarGatewayMultisig": 8,
    "AxelarGatewayMultisig_1": 9,
    "AxelarGatewayMultisig_2": 10,
    "AxelarGatewayMultisig_3": 11,
    "AxelarGatewayMultisig_4": 12,
    "AxelarGatewayProxy": 13,
    "AxelarGatewayProxyMultisig": 14,
    "AxelarGateway_1": 15,
    "AxelarGateway_2": 16,
    "BurnableMintableCappedERC20": 17,
    "BurnableMintableCappedERC20_1": 18,
    "Burner": 19,
    "Context": 20,
    "DepositHandler": 21,
    "ECDSA": 22,
    "ECDSA_1": 23,
    "ERC20": 24,
    "EternalStorage": 25,
    "EternalStorage_1": 26,
    "IAxelarAuth": 27,
    "IAxelarGateway": 28,
    "IAxelarGatewayMultisig": 29,
    "IAxelarGateway_1": 30,
    "IBurnableMintableCappedERC20": 31,
    "IERC20": 32,
    "IERC20Burn": 33,
    "IERC20BurnFrom": 34,
    "IERC20Permit": 35,
    "IERC20_1": 36,
    "IMintableCappedERC20": 37,
    "IOwnable": 38,
    "ITokenDeployer": 39,
    "Ownable": 40,
    "TokenDeployer": 41,
    "TokenDeployer_1": 42,
    "TokenDeployer_2": 43,
    "TokenDeployer_3": 44
}