{
    "Address": 1,
    "AddressUpgradeable": 2,
    "AddressUpgradeable_1": 3,
    "AddressUpgradeable_2": 4,
    "AddressUpgradeable_3": 5,
    "AddressUpgradeable_4": 6,
    "AddressUpgradeable_5": 7,
    "AddressUpgradeable_6": 8,
    "AddressUpgradeable_7": 9,
    "AddressUpgradeable_8": 10,
    "AddressUpgradeable_9": 11,
    "Address_10": 12,
    "Address_11": 13,
    "Address_12": 14,
    "Address_13": 15,
    "Address_14": 16,
    "Address_15": 17,
    "Address_16": 18,
    "Address_17": 19,
    "Address_18": 20,
    "Address_2": 21,
    "Address_3": 22,
    "Address_4": 23,
    "Address_5": 24,
    "Address_6": 25,
    "Address_7": 26,
    "Address_8": 27,
    "Address_8_1": 28,
    "Address_9": 29,
    "BridgeMessage": 30,
    "BridgeMessage_2": 31,
    "BridgeMessage_3": 32,
    "BridgeRouter": 33,
    "BridgeRouter_1": 34,
    "BridgeRouter_2": 35,
    "BridgeToken": 36,
    "Common": 37,
    "Common_1": 38,
    "Common_2": 39,
    "Common_3": 40,
    "Common_4": 41,
    "Common_5": 42,
    "Common_6": 43,
    "Common_7": 44,
    "Common_8": 45,
    "Common_9": 46,
    "Context": 47,
    "ContextUpgradeable": 48,
    "ContextUpgradeable_2": 49,
    "ContextUpgradeable_3": 50,
    "ContextUpgradeable_4": 51,
    "ContextUpgradeable_5": 52,
    "ContextUpgradeable_6": 53,
    "ContextUpgradeable_7": 54,
    "ContextUpgradeable_8": 55,
    "Context_1": 56,
    "Context_2": 57,
    "Context_3": 58,
    "Context_4": 59,
    "Context_5": 60,
    "Context_6": 61,
    "Context_7": 62,
    "ECDSA": 63,
    "ECDSA_2": 64,
    "ECDSA_3": 65,
    "ECDSA_4": 66,
    "ECDSA_5": 67,
    "ECDSA_6": 68,
    "ECDSA_7": 69,
    "ECDSA_8": 70,
    "ECDSA_8_1": 71,
    "ECDSA_9": 72,
    "ETHHelper": 73,
    "Encoding": 74,
    "Encoding_2": 75,
    "Encoding_3": 76,
    "Enum": 77,
    "EtherPaymentFallback": 78,
    "Executor": 79,
    "FallbackManager": 80,
    "GnosisSafe": 81,
    "GnosisSafeMath": 82,
    "GnosisSafeProxy": 83,
    "GovernanceMessage": 84,
    "GovernanceRouter": 85,
    "GuardManager": 86,
    "Home": 87,
    "Home_2": 88,
    "Home_3": 89,
    "Home_4": 90,
    "Home_5": 91,
    "Home_6": 92,
    "Home_7": 93,
    "Home_8": 94,
    "IBridgeToken": 95,
    "IBridgeToken_1": 96,
    "IBridgeToken_2": 97,
    "IBridgeToken_3": 98,
    "IERC20": 99,
    "IERC20_2": 100,
    "IERC20_3": 101,
    "IERC20_4": 102,
    "IMessageRecipient": 103,
    "IMessageRecipient_2": 104,
    "IMessageRecipient_3": 105,
    "IMessageRecipient_4": 106,
    "IMessageRecipient_5": 107,
    "IMessageRecipient_6": 108,
    "IMessageRecipient_7": 109,
    "IMessageRecipient_8": 110,
    "ISignatureValidator": 111,
    "IUpdaterManager": 112,
    "IUpdaterManager_2": 113,
    "IUpdaterManager_3": 114,
    "IUpdaterManager_4": 115,
    "IUpdaterManager_4_1": 116,
    "IUpdaterManager_5": 117,
    "IUpdaterManager_6": 118,
    "IUpdaterManager_7": 119,
    "IWeth": 120,
    "Initializable": 121,
    "Initializable_10": 122,
    "Initializable_2": 123,
    "Initializable_3": 124,
    "Initializable_4": 125,
    "Initializable_5": 126,
    "Initializable_6": 127,
    "Initializable_7": 128,
    "Initializable_8": 129,
    "Initializable_9": 130,
    "Merkle": 131,
    "Merkle_1": 132,
    "Merkle_2": 133,
    "Merkle_3": 134,
    "Merkle_4": 135,
    "Merkle_5": 136,
    "Merkle_6": 137,
    "Merkle_7": 138,
    "Merkle_8": 139,
    "Merkle_9": 140,
    "Message": 141,
    "Message_1": 142,
    "Message_2": 143,
    "Message_3": 144,
    "Message_4": 145,
    "Message_5": 146,
    "Message_6": 147,
    "Message_7": 148,
    "Message_8": 149,
    "Message_9": 150,
    "ModuleManager": 151,
    "OZERC20": 152,
    "Ownable": 153,
    "OwnableUpgradeable": 154,
    "OwnableUpgradeable_1": 155,
    "OwnableUpgradeable_2": 156,
    "OwnableUpgradeable_3": 157,
    "OwnableUpgradeable_4": 158,
    "OwnableUpgradeable_5": 159,
    "OwnableUpgradeable_6": 160,
    "OwnableUpgradeable_7": 161,
    "Ownable_2": 162,
    "Ownable_3": 163,
    "Ownable_4": 164,
    "Ownable_5": 165,
    "Ownable_6": 166,
    "Ownable_7": 167,
    "Ownable_8": 168,
    "OwnerManager": 169,
    "Queue": 170,
    "Queue_2": 171,
    "Queue_3": 172,
    "Queue_4": 173,
    "Queue_4_1": 174,
    "Queue_5": 175,
    "Queue_6": 176,
    "Queue_7": 177,
    "Replica": 178,
    "Replica_1": 179,
    "Replica_2": 180,
    "Replica_3": 181,
    "Replica_4": 182,
    "Replica_5": 183,
    "Replica_6": 184,
    "Replica_7": 185,
    "Router": 186,
    "Router_1": 187,
    "Router_2": 188,
    "SafeERC20": 189,
    "SafeERC20_1": 190,
    "SafeERC20_2": 191,
    "SafeMath": 192,
    "SafeMath_1": 193,
    "SafeMath_2": 194,
    "SafeMath_3": 195,
    "SafeMath_4": 196,
    "SafeMath_5": 197,
    "SafeMath_6": 198,
    "SafeMath_7": 199,
    "SafeMath_8": 200,
    "SafeMath_9": 201,
    "SecuredTokenTransfer": 202,
    "SelfAuthorized": 203,
    "SignatureDecoder": 204,
    "Singleton": 205,
    "StorageAccessible": 206,
    "TokenRegistry": 207,
    "TokenRegistry_2": 208,
    "TokenRegistry_2_1": 209,
    "TypeCasts": 210,
    "TypeCasts_1": 211,
    "TypeCasts_2": 212,
    "TypeCasts_3": 213,
    "TypeCasts_4": 214,
    "TypeCasts_5": 215,
    "TypeCasts_6": 216,
    "TypeCasts_7": 217,
    "TypeCasts_8": 218,
    "TypeCasts_9": 219,
    "TypedMemView": 220,
    "TypedMemView_10": 221,
    "TypedMemView_2": 222,
    "TypedMemView_3": 223,
    "TypedMemView_4": 224,
    "TypedMemView_5": 225,
    "TypedMemView_6": 226,
    "TypedMemView_7": 227,
    "TypedMemView_8": 228,
    "TypedMemView_9": 229,
    "UpdaterManager": 230,
    "UpgradeBeacon": 231,
    "UpgradeBeaconController": 232,
    "UpgradeBeaconProxy": 233,
    "UpgradeBeaconProxy_1": 234,
    "UpgradeBeaconProxy_2": 235,
    "UpgradeBeaconProxy_3": 236,
    "UpgradeBeaconProxy_4": 237,
    "UpgradeBeaconProxy_5": 238,
    "UpgradeBeaconProxy_6": 239,
    "UpgradeBeaconProxy_7": 240,
    "UpgradeBeaconProxy_8": 241,
    "UpgradeBeaconProxy_9": 242,
    "UpgradeBeacon_1": 243,
    "UpgradeBeacon_2": 244,
    "UpgradeBeacon_3": 245,
    "Version0": 246,
    "Version0_10": 247,
    "Version0_2": 248,
    "Version0_3": 249,
    "Version0_4": 250,
    "Version0_5": 251,
    "Version0_6": 252,
    "Version0_7": 253,
    "Version0_8": 254,
    "Version0_9": 255,
    "XAppConnectionClient": 256,
    "XAppConnectionClient_1": 257,
    "XAppConnectionClient_2": 258,
    "XAppConnectionManager": 259,
    "XAppConnectionManager_1": 260,
    "XAppConnectionManager_2": 261,
    "XAppConnectionManager_3": 262,
    "XAppConnectionManager_4": 263,
    "XAppConnectionManager_5": 264
}