{
    "AcceleratingDistributor": 1,
    "AcceleratingDistributor_2": 2,
    "AcrossConfigStore": 3,
    "AcrossMerkleDistributor": 4,
    "AcrossMerkleDistributor_2": 5,
    "AcrossToken": 6,
    "AdapterInterface": 7,
    "AdapterInterface_1": 8,
    "AdapterInterface_2": 9,
    "AdapterInterface_3": 10,
    "AdapterInterface_4": 11,
    "AdapterInterface_5": 12,
    "AdapterInterface_6": 13,
    "Address": 14,
    "AddressWhitelistInterface": 15,
    "Address_10": 16,
    "Address_2": 17,
    "Address_3": 18,
    "Address_4": 19,
    "Address_5": 20,
    "Address_6": 21,
    "Address_7": 22,
    "Address_8": 23,
    "Address_8_1": 24,
    "Address_9": 25,
    "Arbitrum_Adapter": 26,
    "Boba_Adapter": 27,
    "ClaimAndStake": 28,
    "Constants": 29,
    "Context": 30,
    "Context_1": 31,
    "Context_2": 32,
    "Context_3": 33,
    "Context_4": 34,
    "Context_5": 35,
    "Context_6": 36,
    "Context_7": 37,
    "CrossDomainEnabled": 38,
    "CrossDomainEnabled_2": 39,
    "ECDSA": 40,
    "ERC20": 41,
    "ERC20_2": 42,
    "Ethereum_Adapter": 43,
    "Ethereum_SpokePool": 44,
    "ExpandedERC20": 45,
    "ExpandedIERC20": 46,
    "ExpandedIERC20_2": 47,
    "FinderInterface": 48,
    "FixedPoint": 49,
    "HubPool": 50,
    "HubPoolInterface": 51,
    "HubPoolInterface_1": 52,
    "ICrossDomainMessenger": 53,
    "ICrossDomainMessenger_1": 54,
    "IERC20": 55,
    "IERC20Metadata": 56,
    "IERC20Metadata_1": 57,
    "IERC20_10": 58,
    "IERC20_11": 59,
    "IERC20_12": 60,
    "IERC20_13": 61,
    "IERC20_2": 62,
    "IERC20_3": 63,
    "IERC20_4": 64,
    "IERC20_5": 65,
    "IERC20_6": 66,
    "IERC20_7": 67,
    "IERC20_8": 68,
    "IERC20_9": 69,
    "IL1ERC20Bridge": 70,
    "IL1ERC20Bridge_1": 71,
    "IL1StandardBridge": 72,
    "IL1StandardBridge_2": 73,
    "IdentifierWhitelistInterface": 74,
    "Lockable": 75,
    "Lockable_1": 76,
    "Lockable_2": 77,
    "LpTokenFactory": 78,
    "LpTokenFactoryInterface": 79,
    "LpTokenFactoryInterface_2": 80,
    "MerkleDistributor": 81,
    "MerkleDistributorInterface": 82,
    "MerkleDistributorInterface_2": 83,
    "MerkleDistributor_1": 84,
    "MerkleLib": 85,
    "MerkleLib_2": 86,
    "MerkleProof": 87,
    "MerkleProof_2": 88,
    "MerkleProof_3": 89,
    "MerkleProof_4": 90,
    "MultiCaller": 91,
    "MultiCaller_1": 92,
    "MultiCaller_2": 93,
    "MultiRole": 94,
    "Multicall": 95,
    "Multicall_1": 96,
    "Optimism_Adapter": 97,
    "OptimisticOracleInterface": 98,
    "Ownable": 99,
    "Ownable_2": 100,
    "Ownable_3": 101,
    "Ownable_4": 102,
    "Ownable_5": 103,
    "Ownable_6": 104,
    "Ownable_7": 105,
    "PolygonTokenBridger": 106,
    "Polygon_Adapter": 107,
    "ReentrancyGuard": 108,
    "ReentrancyGuard_2": 109,
    "SafeERC20": 110,
    "SafeERC20_1": 111,
    "SafeERC20_10": 112,
    "SafeERC20_2": 113,
    "SafeERC20_3": 114,
    "SafeERC20_4": 115,
    "SafeERC20_5": 116,
    "SafeERC20_6": 117,
    "SafeERC20_7": 118,
    "SafeERC20_8": 119,
    "SafeERC20_9": 120,
    "SafeMath": 121,
    "SignedSafeMath": 122,
    "SkinnyOptimisticOracleInterface": 123,
    "SpokePool": 124,
    "SpokePoolInterface": 125,
    "SpokePoolInterface_1": 126,
    "StoreInterface": 127,
    "Strings": 128,
    "Testable": 129,
    "Testable_1": 130,
    "Timer": 131,
    "Timer_2": 132,
    "WETH9": 133,
    "WETH9_2": 134,
    "WETH9_3": 135,
    "WETH9_4": 136,
    "WETH9_5": 137,
    "WETH9_6": 138,
    "draft-IERC20Permit": 139,
    "draft-IERC20Permit_2": 140,
    "draft-IERC20Permit_2_1": 141
}