{
    "Address": 1,
    "AddressUpgradeable": 2,
    "Address_1": 3,
    "AdminUpgradeabilityProxy": 4,
    "AllowTokens": 5,
    "AllowTokensProxy": 6,
    "Bridge": 7,
    "Bridge_v0": 8,
    "Bridge_v1": 9,
    "BytesLib": 10,
    "Context": 11,
    "ContextUpgradeable": 12,
    "Context_1": 13,
    "ERC777": 14,
    "Federation": 15,
    "Federation_v1": 16,
    "IBridge": 17,
    "IERC1820Registry": 18,
    "IERC20": 19,
    "IERC20Basic": 20,
    "IERC20_1": 21,
    "IERC677Receiver": 22,
    "IERC777": 23,
    "IERC777Recipient": 24,
    "IERC777Sender": 25,
    "ISideToken": 26,
    "ISideTokenFactory": 27,
    "IUniswap": 28,
    "Initializable": 29,
    "Initializable_1": 30,
    "LibEIP712": 31,
    "MultiSigWallet": 32,
    "OwnableUpgradeable": 33,
    "Payroll": 34,
    "Proxies": 35,
    "Proxy": 36,
    "ReentrancyGuardUpgradeable": 37,
    "SafeMath": 38,
    "Secondary": 39,
    "SideToken": 40,
    "SideTokenFactory": 41,
    "SideTokenFactory_v1": 42,
    "TransferHelper": 43,
    "TransparentUpgradeableProxy": 44,
    "UpgradableOwnable": 45,
    "UpgradeableProxy": 46
}