{
    "AccessControlUpgradeable": 1,
    "AccessControlUpgradeable_1": 2,
    "AccessControlUpgradeable_2": 3,
    "AccessControlUpgradeable_3": 4,
    "AccessControlUpgradeable_4": 5,
    "AccessControlUpgradeable_5": 6,
    "AccessControlUpgradeable_6": 7,
    "AccessControlUpgradeable_7": 8,
    "AccessControlUpgradeable_8": 9,
    "Address": 10,
    "AddressUpgradeable": 11,
    "AddressUpgradeable_1": 12,
    "AddressUpgradeable_2": 13,
    "AddressUpgradeable_3": 14,
    "AddressUpgradeable_4": 15,
    "AddressUpgradeable_5": 16,
    "Address_1": 17,
    "Address_2": 18,
    "Address_3": 19,
    "Address_4": 20,
    "Address_5": 21,
    "Address_6": 22,
    "Address_7": 23,
    "Address_8": 24,
    "Address_9": 25,
    "BeaconProxy": 26,
    "BytesLib": 27,
    "CallProxy": 28,
    "CalldataUtils": 29,
    "Context": 30,
    "ContextUpgradeable": 31,
    "ContextUpgradeable_1": 32,
    "ContextUpgradeable_2": 33,
    "ContextUpgradeable_3": 34,
    "ContextUpgradeable_4": 35,
    "ContextUpgradeable_5": 36,
    "ContextUpgradeable_6": 37,
    "ContextUpgradeable_7": 38,
    "ContextUpgradeable_8": 39,
    "Context_1": 40,
    "Context_10": 41,
    "Context_2": 42,
    "Context_3": 43,
    "Context_4": 44,
    "Context_5": 45,
    "Context_6": 46,
    "Context_7": 47,
    "Context_8": 48,
    "Context_9": 49,
    "CrosschainForwarder": 50,
    "CrosschainForwarder_1": 51,
    "DeBridgeGate": 52,
    "DeBridgeGate_1": 53,
    "DeBridgeToken": 54,
    "DeBridgeTokenDeployer": 55,
    "DeBridgeTokenProxy": 56,
    "DeBridgeToken_1": 57,
    "DummyBridge": 58,
    "DummyCallProxy": 59,
    "DummyPool": 60,
    "DummyToken": 61,
    "ERC165Upgradeable": 62,
    "ERC165Upgradeable_1": 63,
    "ERC165Upgradeable_2": 64,
    "ERC165Upgradeable_3": 65,
    "ERC165Upgradeable_4": 66,
    "ERC165Upgradeable_5": 67,
    "ERC165Upgradeable_6": 68,
    "ERC165Upgradeable_7": 69,
    "ERC165Upgradeable_8": 70,
    "ERC1967Proxy": 71,
    "ERC1967Proxy_1": 72,
    "ERC1967Proxy_2": 73,
    "ERC1967Proxy_3": 74,
    "ERC1967Proxy_4": 75,
    "ERC1967Proxy_5": 76,
    "ERC1967Proxy_6": 77,
    "ERC1967Proxy_7": 78,
    "ERC1967Upgrade": 79,
    "ERC1967Upgrade_1": 80,
    "ERC1967Upgrade_2": 81,
    "ERC1967Upgrade_3": 82,
    "ERC1967Upgrade_4": 83,
    "ERC1967Upgrade_5": 84,
    "ERC1967Upgrade_6": 85,
    "ERC1967Upgrade_7": 86,
    "ERC1967Upgrade_8": 87,
    "ERC20": 88,
    "ERC20PausableUpgradeable": 89,
    "ERC20Upgradeable": 90,
    "ERC20Upgradeable_1": 91,
    "ERC20_1": 92,
    "ERC20_2": 93,
    "Flags": 94,
    "Flags_1": 95,
    "Flags_2": 96,
    "Flags_3": 97,
    "ForwarderBase": 98,
    "ForwarderBase_1": 99,
    "IAccessControlUpgradeable": 100,
    "IAccessControlUpgradeable_1": 101,
    "IAccessControlUpgradeable_2": 102,
    "IAccessControlUpgradeable_3": 103,
    "IAccessControlUpgradeable_4": 104,
    "IAccessControlUpgradeable_5": 105,
    "IAccessControlUpgradeable_6": 106,
    "IAccessControlUpgradeable_7": 107,
    "IAccessControlUpgradeable_8": 108,
    "IBeacon": 109,
    "IBeacon_1": 110,
    "IBeacon_2": 111,
    "IBeacon_3": 112,
    "IBeacon_4": 113,
    "IBeacon_5": 114,
    "IBeacon_6": 115,
    "IBeacon_7": 116,
    "IBeacon_8": 117,
    "ICallProxy": 118,
    "ICallProxy_1": 119,
    "ICallProxy_2": 120,
    "ICrossChainForwarder": 121,
    "ICrossChainForwarder_1": 122,
    "ICurve": 123,
    "IDeBridgeGate": 124,
    "IDeBridgeGateExtended": 125,
    "IDeBridgeGate_1": 126,
    "IDeBridgeGate_2": 127,
    "IDeBridgeGate_3": 128,
    "IDeBridgeGate_4": 129,
    "IDeBridgeToken": 130,
    "IDeBridgeTokenDeployer": 131,
    "IDeBridgeTokenDeployer_1": 132,
    "IDeBridgeTokenDeployer_2": 133,
    "IDeBridgeToken_1": 134,
    "IDeBridgeToken_2": 135,
    "IDeBridgeToken_3": 136,
    "IERC165Upgradeable": 137,
    "IERC165Upgradeable_1": 138,
    "IERC165Upgradeable_2": 139,
    "IERC165Upgradeable_3": 140,
    "IERC165Upgradeable_4": 141,
    "IERC165Upgradeable_5": 142,
    "IERC165Upgradeable_6": 143,
    "IERC165Upgradeable_7": 144,
    "IERC165Upgradeable_8": 145,
    "IERC20": 146,
    "IERC20Metadata": 147,
    "IERC20MetadataUpgradeable": 148,
    "IERC20MetadataUpgradeable_1": 149,
    "IERC20MetadataUpgradeable_2": 150,
    "IERC20MetadataUpgradeable_3": 151,
    "IERC20Metadata_1": 152,
    "IERC20Metadata_2": 153,
    "IERC20Permit": 154,
    "IERC20Permit_1": 155,
    "IERC20Permit_2": 156,
    "IERC20Permit_3": 157,
    "IERC20Upgradeable": 158,
    "IERC20Upgradeable_1": 159,
    "IERC20Upgradeable_2": 160,
    "IERC20Upgradeable_3": 161,
    "IERC20Upgradeable_4": 162,
    "IERC20Upgradeable_5": 163,
    "IERC20Upgradeable_6": 164,
    "IERC20Upgradeable_7": 165,
    "IERC20_1": 166,
    "IERC20_2": 167,
    "IFlashCallback": 168,
    "IOraclesManager": 169,
    "IReceivingForwarder": 170,
    "ISignatureVerifier": 171,
    "ISignatureVerifier_1": 172,
    "ISignatureVerifier_2": 173,
    "IWETH": 174,
    "IWETH_1": 175,
    "IWETH_2": 176,
    "IWethGate": 177,
    "IWethGate_1": 178,
    "IWethGate_2": 179,
    "Initializable": 180,
    "Initializable_1": 181,
    "Initializable_2": 182,
    "Initializable_3": 183,
    "Initializable_4": 184,
    "Initializable_5": 185,
    "Initializable_6": 186,
    "Initializable_7": 187,
    "Initializable_8": 188,
    "MultiSendCallOnly": 189,
    "OraclesManager": 190,
    "Ownable": 191,
    "Ownable_1": 192,
    "Ownable_2": 193,
    "Ownable_3": 194,
    "Ownable_4": 195,
    "Ownable_5": 196,
    "Ownable_6": 197,
    "Ownable_7": 198,
    "PausableUpgradeable": 199,
    "PausableUpgradeable_1": 200,
    "PausableUpgradeable_2": 201,
    "PausableUpgradeable_3": 202,
    "Proxiable": 203,
    "Proxiable_1": 204,
    "Proxiable_2": 205,
    "Proxiable_3": 206,
    "Proxiable_4": 207,
    "Proxiable_5": 208,
    "Proxiable_6": 209,
    "Proxiable_7": 210,
    "Proxy": 211,
    "ProxyAdmin": 212,
    "ProxyAdmin_1": 213,
    "ProxyAdmin_2": 214,
    "ProxyAdmin_3": 215,
    "ProxyAdmin_4": 216,
    "ProxyAdmin_5": 217,
    "ProxyAdmin_6": 218,
    "ProxyAdmin_7": 219,
    "Proxy_1": 220,
    "Proxy_2": 221,
    "Proxy_3": 222,
    "Proxy_4": 223,
    "Proxy_5": 224,
    "Proxy_6": 225,
    "Proxy_7": 226,
    "Proxy_8": 227,
    "ReceivingForwarder": 228,
    "ReentrancyGuardUpgradeable": 229,
    "ReentrancyGuardUpgradeable_1": 230,
    "SafeERC20": 231,
    "SafeERC20Upgradeable": 232,
    "SafeERC20Upgradeable_1": 233,
    "SafeERC20Upgradeable_2": 234,
    "SafeERC20Upgradeable_3": 235,
    "SafeERC20Upgradeable_4": 236,
    "SafeERC20Upgradeable_5": 237,
    "SignatureUtil": 238,
    "SignatureUtil_1": 239,
    "SignatureUtil_2": 240,
    "SignatureUtil_3": 241,
    "SignatureUtil_4": 242,
    "SignatureVerifier": 243,
    "SimpleFeeProxy": 244,
    "StorageSlot": 245,
    "StorageSlot_1": 246,
    "StorageSlot_2": 247,
    "StorageSlot_3": 248,
    "StorageSlot_4": 249,
    "StorageSlot_5": 250,
    "StorageSlot_6": 251,
    "StorageSlot_7": 252,
    "StorageSlot_8": 253,
    "StringsUpgradeable": 254,
    "StringsUpgradeable_1": 255,
    "StringsUpgradeable_2": 256,
    "StringsUpgradeable_3": 257,
    "StringsUpgradeable_4": 258,
    "StringsUpgradeable_5": 259,
    "StringsUpgradeable_6": 260,
    "StringsUpgradeable_7": 261,
    "StringsUpgradeable_8": 262,
    "SwapCalldataMock": 263,
    "SwapCalldataUtils": 264,
    "TargetTokenHolder": 265,
    "TransparentUpgradeableProxy": 266,
    "TransparentUpgradeableProxy_1": 267,
    "TransparentUpgradeableProxy_2": 268,
    "TransparentUpgradeableProxy_3": 269,
    "TransparentUpgradeableProxy_4": 270,
    "TransparentUpgradeableProxy_5": 271,
    "TransparentUpgradeableProxy_6": 272,
    "TransparentUpgradeableProxy_7": 273,
    "UUPSUpgradeable": 274,
    "UUPSUpgradeable_1": 275,
    "UUPSUpgradeable_2": 276,
    "UUPSUpgradeable_3": 277,
    "UUPSUpgradeable_4": 278,
    "UUPSUpgradeable_5": 279,
    "UUPSUpgradeable_6": 280,
    "UUPSUpgradeable_7": 281,
    "WethGate": 282,
    "draft-IERC20Permit": 283,
    "draft-IERC20PermitUpgradeable": 284,
    "draft-IERC20PermitUpgradeable_1": 285,
    "draft-IERC20Permit_1": 286,
    "import": 287,
    "import_1": 288,
    "import_2": 289,
    "import_3": 290,
    "import_4": 291,
    "import_5": 292,
    "import_6": 293,
    "import_7": 294
}