{
    "Accounting": 1,
    "Accounting_1": 2,
    "Accounting_2": 3,
    "Accounting_3": 4,
    "Accounting_4": 5,
    "Accounting_5": 6,
    "Accounting_6": 7,
    "Accounting_7": 8,
    "Accounting_8": 9,
    "Accounting_9": 10,
    "Address": 11,
    "Address_1": 12,
    "Address_2": 13,
    "Address_3": 14,
    "Address_4": 15,
    "Address_5": 16,
    "Address_6": 17,
    "Address_7": 18,
    "Address_8": 19,
    "BitMaps": 20,
    "Bridge": 21,
    "Bridge_1": 22,
    "Bridge_2": 23,
    "Bridge_3": 24,
    "Bridge_4": 25,
    "Bridge_5": 26,
    "Bridge_6": 27,
    "Bridge_7": 28,
    "Bridge_8": 29,
    "Bridge_9": 30,
    "Context": 31,
    "Context_1": 32,
    "Counters": 33,
    "Dai": 34,
    "ECDSA": 35,
    "ERC20": 36,
    "ERC20Base": 37,
    "ERC20BaseInternal": 38,
    "ERC20BaseStorage": 39,
    "ERC20Extended": 40,
    "ERC20Metadata": 41,
    "ERC20MetadataStorage": 42,
    "ERC20Votes": 43,
    "ERC20_1": 44,
    "ERC20_2": 45,
    "FiatTokenV2": 46,
    "HOPToken": 47,
    "IERC20": 48,
    "IERC20Internal": 49,
    "IERC20Metadata": 50,
    "IERC20Metadata_1": 51,
    "IERC20_1": 52,
    "IERC20_10": 53,
    "IERC20_11": 54,
    "IERC20_2": 55,
    "IERC20_3": 56,
    "IERC20_4": 57,
    "IERC20_5": 58,
    "IERC20_6": 59,
    "IERC20_7": 60,
    "IERC20_8": 61,
    "IERC20_9": 62,
    "IMagic": 63,
    "IMessengerWrapper": 64,
    "IMessengerWrapper_1": 65,
    "IMessengerWrapper_2": 66,
    "IMessengerWrapper_3": 67,
    "IMessengerWrapper_4": 68,
    "IMessengerWrapper_5": 69,
    "IMessengerWrapper_6": 70,
    "IMessengerWrapper_7": 71,
    "IMessengerWrapper_8": 72,
    "IMessengerWrapper_9": 73,
    "IVotes": 74,
    "L1_Bridge": 75,
    "L1_Bridge_1": 76,
    "L1_Bridge_2": 77,
    "L1_Bridge_3": 78,
    "L1_Bridge_4": 79,
    "L1_Bridge_5": 80,
    "L1_Bridge_6": 81,
    "L1_Bridge_7": 82,
    "L1_Bridge_8": 83,
    "L1_Bridge_9": 84,
    "L1_ERC20_Bridge": 85,
    "L1_ERC20_Bridge_1": 86,
    "L1_ERC20_Bridge_2": 87,
    "L1_ERC20_Bridge_3": 88,
    "L1_ERC20_Bridge_4": 89,
    "L1_ERC20_Bridge_5": 90,
    "L1_ERC20_Bridge_6": 91,
    "L1_ERC20_Bridge_7": 92,
    "L1_ERC20_Bridge_8": 93,
    "L1_ETH_Bridge": 94,
    "L1_HOP_Bridge": 95,
    "Lib_MerkleTree": 96,
    "Lib_MerkleTree_1": 97,
    "Lib_MerkleTree_2": 98,
    "Lib_MerkleTree_3": 99,
    "Lib_MerkleTree_4": 100,
    "Lib_MerkleTree_5": 101,
    "Lib_MerkleTree_6": 102,
    "Lib_MerkleTree_7": 103,
    "Lib_MerkleTree_8": 104,
    "Lib_MerkleTree_9": 105,
    "Magic": 106,
    "Math": 107,
    "MaticToken": 108,
    "MerkleProof": 109,
    "Ownable": 110,
    "OwnableInternal": 111,
    "OwnableStorage": 112,
    "ReentrancyGuard": 113,
    "ReentrancyGuard_1": 114,
    "ReentrancyGuard_2": 115,
    "ReentrancyGuard_3": 116,
    "ReentrancyGuard_4": 117,
    "ReentrancyGuard_5": 118,
    "ReentrancyGuard_6": 119,
    "ReentrancyGuard_7": 120,
    "ReentrancyGuard_8": 121,
    "ReentrancyGuard_9": 122,
    "RocketBase": 123,
    "RocketDAOProtocolSettingsNetworkInterface": 124,
    "RocketDepositPoolInterface": 125,
    "RocketNetworkBalancesInterface": 126,
    "RocketStorageInterface": 127,
    "RocketTokenRETH": 128,
    "RocketTokenRETHInterface": 129,
    "SafeCast": 130,
    "SafeERC20": 131,
    "SafeERC20_1": 132,
    "SafeERC20_2": 133,
    "SafeERC20_3": 134,
    "SafeERC20_4": 135,
    "SafeERC20_5": 136,
    "SafeERC20_6": 137,
    "SafeERC20_7": 138,
    "SafeERC20_8": 139,
    "SafeMath": 140,
    "SafeMath_1": 141,
    "SafeMath_10": 142,
    "SafeMath_2": 143,
    "SafeMath_3": 144,
    "SafeMath_4": 145,
    "SafeMath_5": 146,
    "SafeMath_6": 147,
    "SafeMath_7": 148,
    "SafeMath_8": 149,
    "SafeMath_9": 150,
    "Strings": 151,
    "TetherToken": 152,
    "draft-EIP712": 153,
    "draft-ERC20Permit": 154,
    "draft-IERC20Permit": 155
}