{
    "Address": 1,
    "Address_1": 2,
    "Address_2": 3,
    "Address_3": 4,
    "Address_4": 5,
    "Address_5": 6,
    "Address_6": 7,
    "Address_7": 8,
    "AuctionManager": 9,
    "BConst": 10,
    "BConst_1": 11,
    "BConst_2": 12,
    "BConst_3": 13,
    "BConst_4": 14,
    "BConst_5": 15,
    "BConst_6": 16,
    "BConst_7": 17,
    "BMath": 18,
    "BMath_1": 19,
    "BMath_2": 20,
    "BMath_3": 21,
    "BMath_4": 22,
    "BMath_5": 23,
    "BMath_6": 24,
    "BMath_7": 25,
    "BNum": 26,
    "BNum_1": 27,
    "BNum_2": 28,
    "BNum_3": 29,
    "BNum_4": 30,
    "BNum_5": 31,
    "BNum_6": 32,
    "BNum_7": 33,
    "BPool": 34,
    "BPool_1": 35,
    "BPool_2": 36,
    "BPool_3": 37,
    "BPool_4": 38,
    "BPool_5": 39,
    "BPool_6": 40,
    "BPool_7": 41,
    "Babylonian": 42,
    "Babylonian_1": 43,
    "Babylonian_2": 44,
    "Babylonian_3": 45,
    "Babylonian_4": 46,
    "Babylonian_5": 47,
    "Babylonian_6": 48,
    "Babylonian_7": 49,
    "BchBridge": 50,
    "BchMainnetToken": 51,
    "BchToken": 52,
    "BountyPayout": 53,
    "BtcPriceOracle": 54,
    "BtcPriceOracle_1": 55,
    "BtcPriceOracle_2": 56,
    "BtcPriceOracle_3": 57,
    "BtcPriceOracle_4": 58,
    "BtcPriceOracle_5": 59,
    "BtcPriceOracle_6": 60,
    "BtcPriceOracle_7": 61,
    "CloneFactory": 62,
    "Context": 63,
    "Context_1": 64,
    "Context_2": 65,
    "Context_3": 66,
    "Context_4": 67,
    "Context_5": 68,
    "Context_6": 69,
    "Context_7": 70,
    "DutchSwapAuction": 71,
    "DutchSwapFactory": 72,
    "ERC20": 73,
    "ERC20Capped": 74,
    "ERC20Capped_1": 75,
    "ERC20Capped_2": 76,
    "ERC20Capped_3": 77,
    "ERC20Capped_4": 78,
    "ERC20Capped_5": 79,
    "ERC20Capped_6": 80,
    "ERC20Capped_7": 81,
    "ERC20_1": 82,
    "ERC20_2": 83,
    "ERC20_3": 84,
    "ERC20_4": 85,
    "ERC20_5": 86,
    "ERC20_6": 87,
    "ERC20_7": 88,
    "FastExitHandler": 89,
    "FastExitHandlerMigration": 90,
    "FixedPoint": 91,
    "FixedPoint_1": 92,
    "FixedPoint_2": 93,
    "FixedPoint_3": 94,
    "FixedPoint_4": 95,
    "FixedPoint_5": 96,
    "FixedPoint_6": 97,
    "FixedPoint_7": 98,
    "FlashERC20": 99,
    "FlashERC20_1": 100,
    "FlashERC20_2": 101,
    "FlashERC20_3": 102,
    "FlashERC20_4": 103,
    "FlashERC20_5": 104,
    "FlashERC20_6": 105,
    "FlashERC20_7": 106,
    "GovernanceToken": 107,
    "GovernanceToken_1": 108,
    "GovernanceToken_2": 109,
    "IBFactory": 110,
    "IBFactory_1": 111,
    "IBFactory_2": 112,
    "IBFactory_3": 113,
    "IBFactory_4": 114,
    "IBFactory_5": 115,
    "IBFactory_6": 116,
    "IBFactory_7": 117,
    "IBPool": 118,
    "IBPool_1": 119,
    "IBPool_2": 120,
    "IBPool_3": 121,
    "IBPool_4": 122,
    "IBPool_5": 123,
    "IBPool_6": 124,
    "IBPool_7": 125,
    "IBorrower": 126,
    "IBorrower_1": 127,
    "IBorrower_2": 128,
    "IBorrower_3": 129,
    "IBorrower_4": 130,
    "IBorrower_5": 131,
    "IBorrower_6": 132,
    "IBorrower_7": 133,
    "IBtcPriceOracle": 134,
    "IBtcPriceOracle_1": 135,
    "IBtcPriceOracle_2": 136,
    "IBtcPriceOracle_3": 137,
    "IBtcPriceOracle_4": 138,
    "IBtcPriceOracle_5": 139,
    "IBtcPriceOracle_6": 140,
    "IDutchAuction": 141,
    "IDutchSwapFactory": 142,
    "IERC20": 143,
    "IERC20_1": 144,
    "IERC20_2": 145,
    "IERC20_3": 146,
    "IERC20_4": 147,
    "IERC20_5": 148,
    "IERC20_6": 149,
    "IERC20_7": 150,
    "IGovBridge": 151,
    "IGovBridge_1": 152,
    "ILender": 153,
    "ILender_1": 154,
    "ILender_2": 155,
    "ILender_3": 156,
    "ILender_4": 157,
    "ILender_5": 158,
    "ILender_6": 159,
    "ILender_7": 160,
    "IPriceOracle": 161,
    "IRelay": 162,
    "IRelay_1": 163,
    "IRelay_2": 164,
    "IRelay_3": 165,
    "IRelay_4": 166,
    "IRelay_5": 167,
    "IRelay_6": 168,
    "IRelay_7": 169,
    "ITokenRecipient": 170,
    "ITokenRecipient_1": 171,
    "ITokenRecipient_2": 172,
    "ITokenRecipient_3": 173,
    "ITokenRecipient_4": 174,
    "ITokenRecipient_5": 175,
    "ITokenRecipient_6": 176,
    "ITokenRecipient_7": 177,
    "IUniswapV2Factory": 178,
    "IUniswapV2Factory_1": 179,
    "IUniswapV2Factory_2": 180,
    "IUniswapV2Factory_3": 181,
    "IUniswapV2Factory_4": 182,
    "IUniswapV2Factory_5": 183,
    "IUniswapV2Factory_6": 184,
    "IUniswapV2Factory_7": 185,
    "IUniswapV2Pair": 186,
    "IUniswapV2Pair_1": 187,
    "IUniswapV2Pair_2": 188,
    "IUniswapV2Pair_3": 189,
    "IUniswapV2Pair_4": 190,
    "IUniswapV2Pair_5": 191,
    "IUniswapV2Pair_6": 192,
    "IUniswapV2Pair_7": 193,
    "IUniswapV2Router01": 194,
    "IUniswapV2Router01_1": 195,
    "IUniswapV2Router01_2": 196,
    "IUniswapV2Router01_3": 197,
    "IUniswapV2Router01_4": 198,
    "IUniswapV2Router01_5": 199,
    "IUniswapV2Router01_6": 200,
    "IUniswapV2Router01_7": 201,
    "IUniswapV2Router02": 202,
    "IUniswapV2Router02_1": 203,
    "IUniswapV2Router02_2": 204,
    "IUniswapV2Router02_3": 205,
    "IUniswapV2Router02_4": 206,
    "IUniswapV2Router02_5": 207,
    "IUniswapV2Router02_6": 208,
    "IUniswapV2Router02_7": 209,
    "IWETH9": 210,
    "IWETH9_1": 211,
    "IWETH9_2": 212,
    "IWETH9_3": 213,
    "IWETH9_4": 214,
    "IWETH9_5": 215,
    "IWETH9_6": 216,
    "IWETH9_7": 217,
    "Initializable": 218,
    "Initializable_1": 219,
    "Initializable_2": 220,
    "Initializable_3": 221,
    "Initializable_4": 222,
    "Initializable_5": 223,
    "Initializable_6": 224,
    "Initializable_7": 225,
    "Math": 226,
    "Mediator": 227,
    "MinterRole": 228,
    "MinterRole_1": 229,
    "MinterRole_2": 230,
    "MinterRole_3": 231,
    "MinterRole_4": 232,
    "MinterRole_5": 233,
    "MinterRole_6": 234,
    "MinterRole_7": 235,
    "MockBFactory": 236,
    "MockBFactory_1": 237,
    "MockBFactory_2": 238,
    "MockBFactory_3": 239,
    "MockBFactory_4": 240,
    "MockBFactory_5": 241,
    "MockBFactory_6": 242,
    "MockBFactory_7": 243,
    "MockBorrower": 244,
    "MockBorrower_1": 245,
    "MockBorrower_2": 246,
    "MockBorrower_3": 247,
    "MockBorrower_4": 248,
    "MockBorrower_5": 249,
    "MockBorrower_6": 250,
    "MockBorrower_7": 251,
    "MockERC20": 252,
    "MockERC20_1": 253,
    "MockERC20_2": 254,
    "MockERC20_3": 255,
    "MockERC20_4": 256,
    "MockERC20_5": 257,
    "MockERC20_6": 258,
    "MockERC20_7": 259,
    "MockFlashERC20": 260,
    "MockFlashERC20_1": 261,
    "MockFlashERC20_2": 262,
    "MockFlashERC20_3": 263,
    "MockFlashERC20_4": 264,
    "MockFlashERC20_5": 265,
    "MockFlashERC20_6": 266,
    "MockFlashERC20_7": 267,
    "MockGovBridge": 268,
    "MockGovBridge_1": 269,
    "MockPriceOracle": 270,
    "MockRelay": 271,
    "MockRelay_1": 272,
    "MockRelay_2": 273,
    "MockRelay_3": 274,
    "MockRelay_4": 275,
    "MockRelay_5": 276,
    "MockRelay_6": 277,
    "MockRelay_7": 278,
    "MockToken": 279,
    "MockToken_1": 280,
    "MockToken_2": 281,
    "MockVbtcUpgraded": 282,
    "MockVbtcUpgraded_1": 283,
    "MockVbtcUpgraded_2": 284,
    "MockVbtcUpgraded_3": 285,
    "MockVbtcUpgraded_4": 286,
    "MockVbtcUpgraded_5": 287,
    "MockVbtcUpgraded_6": 288,
    "MockVbtcUpgraded_7": 289,
    "Ownable": 290,
    "Ownable_1": 291,
    "Ownable_2": 292,
    "Ownable_3": 293,
    "Ownable_4": 294,
    "Ownable_5": 295,
    "Ownable_6": 296,
    "Ownable_7": 297,
    "PaymentSplitter": 298,
    "ReentrancyGuard": 299,
    "ReentrancyGuard_1": 300,
    "ReentrancyGuard_2": 301,
    "ReentrancyGuard_3": 302,
    "ReentrancyGuard_4": 303,
    "ReentrancyGuard_5": 304,
    "ReentrancyGuard_6": 305,
    "ReentrancyGuard_7": 306,
    "ReservePoolController": 307,
    "ReservePoolController_1": 308,
    "ReservePoolController_2": 309,
    "ReservePoolController_3": 310,
    "ReservePoolController_4": 311,
    "ReservePoolController_5": 312,
    "ReservePoolController_6": 313,
    "Roles": 314,
    "Roles_1": 315,
    "Roles_2": 316,
    "Roles_3": 317,
    "Roles_4": 318,
    "Roles_5": 319,
    "Roles_6": 320,
    "Roles_7": 321,
    "SDP": 322,
    "SafeERC20": 323,
    "SafeERC20_1": 324,
    "SafeERC20_2": 325,
    "SafeERC20_3": 326,
    "SafeERC20_4": 327,
    "SafeERC20_5": 328,
    "SafeERC20_6": 329,
    "SafeERC20_7": 330,
    "SafeMath": 331,
    "SafeMath_1": 332,
    "SafeMath_2": 333,
    "SafeMath_3": 334,
    "SafeMath_4": 335,
    "SafeMath_5": 336,
    "SafeMath_6": 337,
    "SafeMath_7": 338,
    "SpotPriceOracle": 339,
    "SpotPriceOracle_1": 340,
    "SpotPriceOracle_2": 341,
    "SpotPriceOracle_3": 342,
    "SpotPriceOracle_4": 343,
    "StrudelMediator": 344,
    "StrudelToken": 345,
    "StrudelToken_1": 346,
    "StrudelToken_2": 347,
    "StrudelToken_3": 348,
    "StrudelToken_4": 349,
    "StrudelToken_5": 350,
    "StrudelToken_6": 351,
    "StrudelToken_7": 352,
    "StrudelWrapper": 353,
    "SwapRegistry": 354,
    "SwapRegistryMigration": 355,
    "Timelock": 356,
    "Timelock_1": 357,
    "Timelock_2": 358,
    "Timelock_3": 359,
    "Timelock_4": 360,
    "Timelock_5": 361,
    "Timelock_6": 362,
    "Timelock_7": 363,
    "TorchShip": 364,
    "TorchShip_1": 365,
    "TorchShip_2": 366,
    "TorchShip_3": 367,
    "TorchShip_4": 368,
    "TorchShip_5": 369,
    "TorchShip_6": 370,
    "TorchShip_7": 371,
    "TypedMemView": 372,
    "TypedMemView_1": 373,
    "TypedMemView_2": 374,
    "TypedMemView_3": 375,
    "TypedMemView_4": 376,
    "TypedMemView_5": 377,
    "TypedMemView_6": 378,
    "TypedMemView_7": 379,
    "UniswapV2Library": 380,
    "UniswapV2Library_1": 381,
    "UniswapV2Library_2": 382,
    "UniswapV2Library_3": 383,
    "UniswapV2Library_4": 384,
    "UniswapV2Library_5": 385,
    "UniswapV2Library_6": 386,
    "UniswapV2Library_7": 387,
    "UniswapV2OracleLibrary": 388,
    "UniswapV2OracleLibrary_1": 389,
    "UniswapV2OracleLibrary_2": 390,
    "UniswapV2OracleLibrary_3": 391,
    "UniswapV2OracleLibrary_4": 392,
    "UniswapV2OracleLibrary_5": 393,
    "UniswapV2OracleLibrary_6": 394,
    "UniswapV2OracleLibrary_7": 395,
    "V1ReservePoolController": 396,
    "V1ReservePoolController_1": 397,
    "V1ReservePoolController_2": 398,
    "V1ReservePoolController_3": 399,
    "V1TorchShip": 400,
    "V1TorchShip_1": 401,
    "V1TorchShip_2": 402,
    "VbtcToken": 403,
    "VbtcToken_1": 404,
    "VbtcToken_2": 405,
    "VbtcToken_3": 406,
    "VbtcToken_4": 407,
    "VbtcToken_5": 408,
    "VbtcToken_6": 409,
    "VbtcToken_7": 410,
    "ViewBTC": 411,
    "ViewBTC_1": 412,
    "ViewBTC_2": 413,
    "ViewBTC_3": 414,
    "ViewBTC_4": 415,
    "ViewBTC_5": 416,
    "ViewBTC_6": 417,
    "ViewBTC_7": 418,
    "ViewSPV": 419,
    "ViewSPV_1": 420,
    "ViewSPV_2": 421,
    "ViewSPV_3": 422,
    "ViewSPV_4": 423,
    "ViewSPV_5": 424,
    "ViewSPV_6": 425,
    "ViewSPV_7": 426
}