{
    "AAVEInterestERC20": 1,
    "Address": 2,
    "Address_1": 3,
    "Address_2": 4,
    "Address_3": 5,
    "Address_4": 6,
    "BaseRelayer": 7,
    "BaseRelayer_1": 8,
    "BaseRelayer_2": 9,
    "BasicAMBMediator": 10,
    "BasicAMBMediator_1": 11,
    "BasicAMBMediator_2": 12,
    "BasicNFTOmnibridge": 13,
    "BasicNFTOmnibridge_1": 14,
    "BasicNFTOmnibridge_2": 15,
    "BridgeOperationsStorage": 16,
    "BridgeOperationsStorage_1": 17,
    "BridgeOperationsStorage_2": 18,
    "BridgeValidators": 19,
    "BridgedTokensRegistry": 20,
    "BridgedTokensRegistry_1": 21,
    "BridgedTokensRegistry_2": 22,
    "Bytes": 23,
    "Bytes_1": 24,
    "Bytes_2": 25,
    "Context": 26,
    "Context_1": 27,
    "Context_2": 28,
    "Context_3": 29,
    "Context_4": 30,
    "Distribution": 31,
    "ERC1155": 32,
    "ERC1155BridgeToken": 33,
    "ERC1155Relayer": 34,
    "ERC1155Relayer_1": 35,
    "ERC1155Relayer_2": 36,
    "ERC1155TokenProxy": 37,
    "ERC1155TokenProxy_1": 38,
    "ERC1155TokenProxy_2": 39,
    "ERC165": 40,
    "ERC165_1": 41,
    "ERC165_2": 42,
    "ERC165_3": 43,
    "ERC165_4": 44,
    "ERC677MultiBridgeToken": 45,
    "ERC677MultiBridgeToken_1": 46,
    "ERC721": 47,
    "ERC721BridgeToken": 48,
    "ERC721BridgeToken_1": 49,
    "ERC721BridgeToken_2": 50,
    "ERC721BridgeToken_3": 51,
    "ERC721Relayer": 52,
    "ERC721Relayer_1": 53,
    "ERC721Relayer_2": 54,
    "ERC721TokenProxy": 55,
    "ERC721TokenProxy_1": 56,
    "ERC721TokenProxy_2": 57,
    "ERC721_1": 58,
    "ERC721_2": 59,
    "ERC721_3": 60,
    "EnumerableMap": 61,
    "EnumerableMap_1": 62,
    "EnumerableMap_2": 63,
    "EnumerableMap_3": 64,
    "EnumerableSet": 65,
    "EnumerableSet_1": 66,
    "EnumerableSet_2": 67,
    "EnumerableSet_3": 68,
    "EternalStorage": 69,
    "EternalStorageProxy": 70,
    "EternalStorageProxy_1": 71,
    "EternalStorage_1": 72,
    "EternalStorage_2": 73,
    "FailedMessagesProcessor": 74,
    "FailedMessagesProcessor_1": 75,
    "FailedMessagesProcessor_2": 76,
    "ForeignAMB": 77,
    "ForeignAMBErc677ToErc677": 78,
    "ForeignBridge": 79,
    "ForeignBridgeErcToNative": 80,
    "ForeignMultiAMBErc20ToErc677": 81,
    "ForeignNFTOmnibridge": 82,
    "ForeignNFTOmnibridge_1": 83,
    "ForeignNFTOmnibridge_2": 84,
    "ForeignOmnibridge": 85,
    "ForeignOmnibridge_1": 86,
    "ForeignOmnibridge_2": 87,
    "GasLimitManager": 88,
    "GasLimitManager_1": 89,
    "GasLimitManager_2": 90,
    "IAMB": 91,
    "IAMB_1": 92,
    "IAMB_2": 93,
    "IBurnableMintableERC1155Token": 94,
    "IBurnableMintableERC1155Token_1": 95,
    "IBurnableMintableERC1155Token_2": 96,
    "IBurnableMintableERC1155Token_3": 97,
    "IBurnableMintableERC721Token": 98,
    "IBurnableMintableERC721Token_1": 99,
    "IBurnableMintableERC721Token_2": 100,
    "IBurnableMintableERC721Token_3": 101,
    "IERC1155": 102,
    "IERC1155MetadataURI": 103,
    "IERC1155MetadataURI_1": 104,
    "IERC1155MetadataURI_2": 105,
    "IERC1155MetadataURI_3": 106,
    "IERC1155Receiver": 107,
    "IERC1155TokenReceiver": 108,
    "IERC1155TokenReceiver_1": 109,
    "IERC1155TokenReceiver_2": 110,
    "IERC1155_1": 111,
    "IERC1155_2": 112,
    "IERC1155_3": 113,
    "IERC165": 114,
    "IERC165_1": 115,
    "IERC165_2": 116,
    "IERC165_3": 117,
    "IERC165_4": 118,
    "IERC721": 119,
    "IERC721Enumerable": 120,
    "IERC721Enumerable_1": 121,
    "IERC721Enumerable_2": 122,
    "IERC721Enumerable_3": 123,
    "IERC721Metadata": 124,
    "IERC721Metadata_1": 125,
    "IERC721Metadata_2": 126,
    "IERC721Metadata_3": 127,
    "IERC721Receiver": 128,
    "IERC721Receiver_1": 129,
    "IERC721Receiver_2": 130,
    "IERC721Receiver_3": 131,
    "IERC721_1": 132,
    "IERC721_2": 133,
    "IERC721_3": 134,
    "IOwnable": 135,
    "IOwnable_1": 136,
    "IOwnable_2": 137,
    "IOwnable_3": 138,
    "IOwnable_4": 139,
    "IUpgradeabilityOwnerStorage": 140,
    "IUpgradeabilityOwnerStorage_1": 141,
    "IUpgradeabilityOwnerStorage_2": 142,
    "Initializable": 143,
    "Initializable_1": 144,
    "Initializable_2": 145,
    "MetadataReader": 146,
    "MetadataReader_1": 147,
    "MetadataReader_2": 148,
    "MultiSigWallet": 149,
    "MultipleDistribution": 150,
    "NFTBridgeLimits": 151,
    "NFTBridgeLimits_1": 152,
    "NFTBridgeLimits_2": 153,
    "NFTMediatorBalanceStorage": 154,
    "NFTMediatorBalanceStorage_1": 155,
    "NFTMediatorBalanceStorage_2": 156,
    "NFTOmnibridgeInfo": 157,
    "NFTOmnibridgeInfo_1": 158,
    "NFTOmnibridgeInfo_2": 159,
    "NativeTokensRegistry": 160,
    "NativeTokensRegistry_1": 161,
    "NativeTokensRegistry_2": 162,
    "Ownable": 163,
    "Ownable_1": 164,
    "Ownable_2": 165,
    "Proxy": 166,
    "Proxy_1": 167,
    "Proxy_2": 168,
    "ReentrancyGuard": 169,
    "ReentrancyGuard_1": 170,
    "ReentrancyGuard_2": 171,
    "SafeMath": 172,
    "SafeMath_1": 173,
    "SafeMath_2": 174,
    "SafeMath_3": 175,
    "SafeMath_4": 176,
    "Strings": 177,
    "Strings_1": 178,
    "Strings_2": 179,
    "Strings_3": 180,
    "TokenImageStorage": 181,
    "TokenImageStorage_1": 182,
    "TokenImageStorage_2": 183,
    "Upgradeable": 184,
    "Upgradeable_1": 185,
    "Upgradeable_2": 186,
    "VersionableBridge": 187,
    "VersionableBridge_1": 188,
    "VersionableBridge_2": 189,
    "WETHOmnibridgeRouter": 190,
    "XDaiForeignBridge": 191
}