{
    "Address": 1,
    "AdminUpgradeabilityProxy": 2,
    "Hermez": 3,
    "HermezHelpers": 4,
    "HermezHelpers_1": 5,
    "Hermez_1": 6,
    "IERC20": 7,
    "IERC20_1": 8,
    "IHermezAuctionProtocol": 9,
    "IHermezAuctionProtocol_1": 10,
    "IWithdrawalDelayer": 11,
    "IWithdrawalDelayer_1": 12,
    "Initializable": 13,
    "Initializable_1": 14,
    "InstantWithdrawManager": 15,
    "InstantWithdrawManager_1": 16,
    "Proxy": 17,
    "SafeMath": 18,
    "SafeMath_1": 19,
    "UpgradeabilityProxy": 20,
    "VerifierRollupInterface": 21,
    "VerifierRollupInterface_1": 22,
    "VerifierWithdrawInterface": 23,
    "VerifierWithdrawInterface_1": 24
}