{
    "AccessControlIndexUpgradeable": 1,
    "AccessControlIndexUpgradeable_1": 2,
    "AddressUpgradeable": 3,
    "AddressUpgradeable_1": 4,
    "AddressUpgradeable_2": 5,
    "AddressUpgradeable_3": 6,
    "BEP20Upgradeable": 7,
    "BEP20Upgradeable_1": 8,
    "ContextUpgradeable": 9,
    "ContextUpgradeable_1": 10,
    "ContextUpgradeable_2": 11,
    "ContextUpgradeable_3": 12,
    "EnumerableSetUpgradeable": 13,
    "EnumerableSetUpgradeable_1": 14,
    "IBEP20": 15,
    "IBEP20_1": 16,
    "IQBridgeDelegator": 17,
    "IQBridgeDelegator_1": 18,
    "IQBridgeHandler": 19,
    "IQBridgeHandler_1": 20,
    "IQBridgeHandler_2": 21,
    "IQBridgeHandler_3": 22,
    "Initializable": 23,
    "Initializable_1": 24,
    "Initializable_2": 25,
    "Initializable_3": 26,
    "OwnableUpgradeable": 27,
    "OwnableUpgradeable_1": 28,
    "OwnableUpgradeable_2": 29,
    "OwnableUpgradeable_3": 30,
    "PausableUpgradeable": 31,
    "PausableUpgradeable_1": 32,
    "QBridge": 33,
    "QBridgeHandler": 34,
    "QBridgeHandler_1": 35,
    "QBridgeToken": 36,
    "QBridgeToken_1": 37,
    "QBridge_1": 38,
    "SafeMath": 39,
    "SafeMath_1": 40,
    "SafeMath_2": 41,
    "SafeMath_3": 42,
    "SafeToken": 43,
    "SafeToken_1": 44,
    "SafeToken_2": 45,
    "SafeToken_3": 46
}