{
    "Address": 1,
    "Address_1": 2,
    "Address_2": 3,
    "Address_3": 4,
    "Address_4": 5,
    "Address_5": 6,
    "AggregatorV3Interface": 7,
    "BalanceResolver": 8,
    "BalancesCounter": 9,
    "BaseChain": 10,
    "Blacklisted": 11,
    "Chain": 12,
    "ChainlinkV3PriceProvider": 13,
    "Context": 14,
    "Context_1": 15,
    "Context_10": 16,
    "Context_11": 17,
    "Context_12": 18,
    "Context_13": 19,
    "Context_14": 20,
    "Context_15": 21,
    "Context_2": 22,
    "Context_3": 23,
    "Context_4": 24,
    "Context_5": 25,
    "Context_6": 26,
    "Context_7": 27,
    "Context_8": 28,
    "Context_9": 29,
    "DPoSCore": 30,
    "DPoSUmbRewards": 31,
    "ECDSA": 32,
    "ERC165": 33,
    "ERC165_1": 34,
    "ERC20": 35,
    "ERC20Burnable": 36,
    "ERC20Mintable": 37,
    "ERC20_1": 38,
    "ERC20_10": 39,
    "ERC20_11": 40,
    "ERC20_2": 41,
    "ERC20_3": 42,
    "ERC20_4": 43,
    "ERC20_5": 44,
    "ERC20_6": 45,
    "ERC20_7": 46,
    "ERC20_8": 47,
    "ERC20_9": 48,
    "ERC721": 49,
    "ERC721Burnable": 50,
    "ERC721Burnable_1": 51,
    "ERC721Mintable": 52,
    "ERC721Mintable_1": 53,
    "ERC721_1": 54,
    "EnumerableMap": 55,
    "EnumerableMap_1": 56,
    "EnumerableSet": 57,
    "EnumerableSet_1": 58,
    "ForeignChain": 59,
    "ForeignGate": 60,
    "FullMath": 61,
    "FullMath_1": 62,
    "HashStore": 63,
    "HashStore_1": 64,
    "HomeGate": 65,
    "HomeGate_1": 66,
    "IBaseChainV1": 67,
    "IBurnableToken": 68,
    "IBurnableToken_1": 69,
    "IBurnableToken_2": 70,
    "IBurnableToken_3": 71,
    "IBurnableToken_4": 72,
    "IERC165": 73,
    "IERC165_1": 74,
    "IERC20": 75,
    "IERC20LikeV2": 76,
    "IERC20Metadata": 77,
    "IERC20Metadata_1": 78,
    "IERC20Metadata_2": 79,
    "IERC20Metadata_3": 80,
    "IERC20Metadata_4": 81,
    "IERC20_1": 82,
    "IERC20_10": 83,
    "IERC20_11": 84,
    "IERC20_12": 85,
    "IERC20_13": 86,
    "IERC20_14": 87,
    "IERC20_2": 88,
    "IERC20_3": 89,
    "IERC20_4": 90,
    "IERC20_5": 91,
    "IERC20_6": 92,
    "IERC20_7": 93,
    "IERC20_8": 94,
    "IERC20_9": 95,
    "IERC721": 96,
    "IERC721Enumerable": 97,
    "IERC721Enumerable_1": 98,
    "IERC721Metadata": 99,
    "IERC721Metadata_1": 100,
    "IERC721Receiver": 101,
    "IERC721Receiver_1": 102,
    "IERC721_1": 103,
    "IMigrationReceiver": 104,
    "IPriceProvider": 105,
    "IPriceProvidersRepository": 106,
    "IRegistry": 107,
    "IRegistry_1": 108,
    "IRegistry_2": 109,
    "IStakingBank": 110,
    "IStakingBank_1": 111,
    "IStakingBank_2": 112,
    "IStakingRewards": 113,
    "IStakingRewards_1": 114,
    "IStakingRewards_2": 115,
    "IStakingRewards_3": 116,
    "ISwapReceiver": 117,
    "ISwapReceiver_1": 118,
    "ISwapReceiver_2": 119,
    "IUniswapV3Pool": 120,
    "IUniswapV3PoolActions": 121,
    "IUniswapV3PoolActions_1": 122,
    "IUniswapV3PoolDerivedState": 123,
    "IUniswapV3PoolDerivedState_1": 124,
    "IUniswapV3PoolEvents": 125,
    "IUniswapV3PoolEvents_1": 126,
    "IUniswapV3PoolImmutables": 127,
    "IUniswapV3PoolImmutables_1": 128,
    "IUniswapV3PoolOwnerActions": 129,
    "IUniswapV3PoolOwnerActions_1": 130,
    "IUniswapV3PoolState": 131,
    "IUniswapV3PoolState_1": 132,
    "IUniswapV3Pool_1": 133,
    "LinearVesting": 134,
    "LockSettings": 135,
    "LockSettings_1": 136,
    "Math": 137,
    "Math_1": 138,
    "MerkleProof": 139,
    "MintableToken": 140,
    "MintableToken_1": 141,
    "MintableToken_2": 142,
    "MintableToken_3": 143,
    "MintableToken_4": 144,
    "NFTRewards": 145,
    "OnDemandToken": 146,
    "OnDemandTokenBridgable": 147,
    "OnDemandToken_1": 148,
    "OnDemandToken_2": 149,
    "OperatorHub": 150,
    "OperatorHub_1": 151,
    "OracleLibrary": 152,
    "OracleLibrary_1": 153,
    "Ownable": 154,
    "Ownable_1": 155,
    "Ownable_10": 156,
    "Ownable_11": 157,
    "Ownable_12": 158,
    "Ownable_13": 159,
    "Ownable_2": 160,
    "Ownable_3": 161,
    "Ownable_4": 162,
    "Ownable_5": 163,
    "Ownable_6": 164,
    "Ownable_7": 165,
    "Ownable_8": 166,
    "Ownable_9": 167,
    "Owned": 168,
    "Owned_1": 169,
    "Owned_2": 170,
    "Owned_3": 171,
    "Owned_4": 172,
    "Owned_5": 173,
    "Pausable": 174,
    "Pausable_1": 175,
    "Pausable_2": 176,
    "Pausable_3": 177,
    "Ping": 178,
    "PriceProvider": 179,
    "ReentrancyGuard": 180,
    "ReentrancyGuard_1": 181,
    "ReentrancyGuard_2": 182,
    "ReentrancyGuard_3": 183,
    "Registrable": 184,
    "Registrable_1": 185,
    "Registrable_2": 186,
    "Registry": 187,
    "Registry_1": 188,
    "Registry_2": 189,
    "RewardsDistributionRecipient": 190,
    "RewardsDistributionRecipient_1": 191,
    "RewardsDistributionRecipient_2": 192,
    "RewardsDistributionRecipient_3": 193,
    "SafeERC20": 194,
    "SafeERC20_1": 195,
    "SafeERC20_2": 196,
    "SafeMath": 197,
    "SafeMath_1": 198,
    "SafeMath_2": 199,
    "SafeMath_3": 200,
    "SafeMath_4": 201,
    "SafeMath_5": 202,
    "SafeMath_6": 203,
    "SafeMath_7": 204,
    "SafeMath_8": 205,
    "SafeMath_9": 206,
    "SampleERC20": 207,
    "SampleERC721": 208,
    "StakingBankState": 209,
    "StakingLens": 210,
    "StakingLockable": 211,
    "StakingLockable_1": 212,
    "StakingRewards": 213,
    "StakingRewardsV2": 214,
    "StakingRewards_1": 215,
    "Strings": 216,
    "Strings_1": 217,
    "Strings_2": 218,
    "SwappableTokenV2": 219,
    "SwappableTokenV2_1": 220,
    "SwappableTokenV2_2": 221,
    "TickMath": 222,
    "TickMath_1": 223,
    "UMB": 224,
    "UmbMultiSig": 225,
    "UniswapV2LPTokenCounter": 226,
    "UniswapV2LPTokenCounter_1": 227,
    "UniswapV3Helper": 228,
    "UniswapV3Helper_1": 229,
    "ValueDecoder": 230,
    "console": 231,
    "rUMB1": 232,
    "rUMB2": 233,
    "rUMBV2": 234
}