{
    "AddressAliasHelper": 1,
    "BondManager": 2,
    "CanonicalTransactionChain": 3,
    "ChainStorageContainer": 4,
    "ChainStorageContainer_1": 5,
    "ChainStorageContainer_2": 6,
    "Context": 7,
    "Context_1": 8,
    "Context_2": 9,
    "Context_3": 10,
    "Context_4": 11,
    "Context_5": 12,
    "Context_6": 13,
    "Context_7": 14,
    "Context_8": 15,
    "IBondManager": 16,
    "IBondManager_1": 17,
    "ICanonicalTransactionChain": 18,
    "ICanonicalTransactionChain_2": 19,
    "IChainStorageContainer": 20,
    "IChainStorageContainer_2": 21,
    "IChainStorageContainer_3": 22,
    "IChainStorageContainer_4": 23,
    "IChainStorageContainer_5": 24,
    "ICrossDomainMessenger": 25,
    "IL1CrossDomainMessenger": 26,
    "IStateCommitmentChain": 27,
    "L1ChugSplashProxy": 28,
    "L1MultiMessageRelayer": 29,
    "Lib_AddressManager": 30,
    "Lib_AddressManager_2": 31,
    "Lib_AddressManager_3": 32,
    "Lib_AddressManager_4": 33,
    "Lib_AddressManager_5": 34,
    "Lib_AddressManager_6": 35,
    "Lib_AddressManager_7": 36,
    "Lib_AddressManager_8": 37,
    "Lib_AddressManager_9": 38,
    "Lib_AddressResolver": 39,
    "Lib_AddressResolver_1": 40,
    "Lib_AddressResolver_2": 41,
    "Lib_AddressResolver_3": 42,
    "Lib_AddressResolver_4": 43,
    "Lib_AddressResolver_5": 44,
    "Lib_AddressResolver_6": 45,
    "Lib_Buffer": 46,
    "Lib_Buffer_1": 47,
    "Lib_Buffer_2": 48,
    "Lib_Bytes32Utils": 49,
    "Lib_Bytes32Utils_2": 50,
    "Lib_Bytes32Utils_3": 51,
    "Lib_BytesUtils": 52,
    "Lib_BytesUtils_2": 53,
    "Lib_BytesUtils_3": 54,
    "Lib_MerkleTree": 55,
    "Lib_OVMCodec": 56,
    "Lib_OVMCodec_2": 57,
    "Lib_OVMCodec_3": 58,
    "Lib_RLPReader": 59,
    "Lib_RLPReader_1": 60,
    "Lib_RLPReader_2": 61,
    "Lib_RLPWriter": 62,
    "Lib_RLPWriter_2": 63,
    "Lib_RLPWriter_3": 64,
    "Lib_ResolvedDelegateProxy": 65,
    "Ownable": 66,
    "Ownable_2": 67,
    "Ownable_3": 68,
    "Ownable_4": 69,
    "Ownable_5": 70,
    "Ownable_6": 71,
    "Ownable_7": 72,
    "Ownable_8": 73,
    "Ownable_8_1": 74,
    "StateCommitmentChain": 75,
    "iL1ChugSplashDeployer": 76
}