{
    "Address": 1,
    "Address_1": 2,
    "Address_10": 3,
    "Address_11": 4,
    "Address_12": 5,
    "Address_13": 6,
    "Address_14": 7,
    "Address_15": 8,
    "Address_16": 9,
    "Address_17": 10,
    "Address_18": 11,
    "Address_19": 12,
    "Address_2": 13,
    "Address_20": 14,
    "Address_3": 15,
    "Address_4": 16,
    "Address_5": 17,
    "Address_6": 18,
    "Address_7": 19,
    "Address_8": 20,
    "Address_9": 21,
    "BeaconProxy": 22,
    "BeaconProxy_1": 23,
    "BeaconProxy_10": 24,
    "BeaconProxy_11": 25,
    "BeaconProxy_2": 26,
    "BeaconProxy_3": 27,
    "BeaconProxy_4": 28,
    "BeaconProxy_5": 29,
    "BeaconProxy_6": 30,
    "BeaconProxy_7": 31,
    "BeaconProxy_8": 32,
    "BeaconProxy_9": 33,
    "Bridge": 34,
    "BridgeGetters": 35,
    "BridgeGetters_1": 36,
    "BridgeGetters_2": 37,
    "BridgeGetters_3": 38,
    "BridgeGetters_4": 39,
    "BridgeGetters_5": 40,
    "BridgeGetters_6": 41,
    "BridgeGovernance": 42,
    "BridgeGovernance_1": 43,
    "BridgeGovernance_2": 44,
    "BridgeGovernance_3": 45,
    "BridgeGovernance_4": 46,
    "BridgeGovernance_5": 47,
    "BridgeGovernance_6": 48,
    "BridgeImplementation": 49,
    "BridgeImplementation_1": 50,
    "BridgeImplementation_2": 51,
    "BridgeImplementation_3": 52,
    "BridgeImplementation_4": 53,
    "BridgeImplementation_5": 54,
    "BridgeImplementation_6": 55,
    "BridgeImplementation_7": 56,
    "BridgeImplementation_8": 57,
    "BridgeSetters": 58,
    "BridgeSetters_1": 59,
    "BridgeSetters_2": 60,
    "BridgeSetters_3": 61,
    "BridgeSetters_4": 62,
    "BridgeSetters_5": 63,
    "BridgeSetters_6": 64,
    "BridgeState": 65,
    "BridgeState_1": 66,
    "BridgeState_2": 67,
    "BridgeState_3": 68,
    "BridgeState_4": 69,
    "BridgeState_5": 70,
    "BridgeState_6": 71,
    "BridgeStructs": 72,
    "BridgeStructs_1": 73,
    "BridgeStructs_2": 74,
    "BridgeStructs_3": 75,
    "BridgeStructs_4": 76,
    "BridgeStructs_5": 77,
    "BridgeStructs_6": 78,
    "Bridge_1": 79,
    "Bridge_2": 80,
    "Bridge_3": 81,
    "Bridge_4": 82,
    "Bridge_5": 83,
    "Bridge_6": 84,
    "BytesLib": 85,
    "BytesLib_1": 86,
    "BytesLib_10": 87,
    "BytesLib_11": 88,
    "BytesLib_12": 89,
    "BytesLib_13": 90,
    "BytesLib_14": 91,
    "BytesLib_15": 92,
    "BytesLib_2": 93,
    "BytesLib_3": 94,
    "BytesLib_4": 95,
    "BytesLib_5": 96,
    "BytesLib_6": 97,
    "BytesLib_7": 98,
    "BytesLib_8": 99,
    "BytesLib_9": 100,
    "CircleIntegration": 101,
    "CircleIntegrationGetters": 102,
    "CircleIntegrationGovernance": 103,
    "CircleIntegrationImplementation": 104,
    "CircleIntegrationMessages": 105,
    "CircleIntegrationProxy": 106,
    "CircleIntegrationSetters": 107,
    "CircleIntegrationState": 108,
    "CircleIntegrationStructs": 109,
    "Context": 110,
    "Context_1": 111,
    "Context_10": 112,
    "Context_11": 113,
    "Context_12": 114,
    "Context_13": 115,
    "Context_2": 116,
    "Context_3": 117,
    "Context_4": 118,
    "Context_5": 119,
    "Context_6": 120,
    "Context_7": 121,
    "Context_8": 122,
    "Context_9": 123,
    "Counters": 124,
    "ECDSA": 125,
    "ERC165": 126,
    "ERC165_1": 127,
    "ERC165_2": 128,
    "ERC165_3": 129,
    "ERC165_4": 130,
    "ERC1967Proxy": 131,
    "ERC1967Proxy_1": 132,
    "ERC1967Proxy_2": 133,
    "ERC1967Upgrade": 134,
    "ERC1967Upgrade_1": 135,
    "ERC1967Upgrade_10": 136,
    "ERC1967Upgrade_11": 137,
    "ERC1967Upgrade_12": 138,
    "ERC1967Upgrade_13": 139,
    "ERC1967Upgrade_14": 140,
    "ERC1967Upgrade_15": 141,
    "ERC1967Upgrade_16": 142,
    "ERC1967Upgrade_17": 143,
    "ERC1967Upgrade_18": 144,
    "ERC1967Upgrade_2": 145,
    "ERC1967Upgrade_3": 146,
    "ERC1967Upgrade_4": 147,
    "ERC1967Upgrade_5": 148,
    "ERC1967Upgrade_6": 149,
    "ERC1967Upgrade_7": 150,
    "ERC1967Upgrade_8": 151,
    "ERC1967Upgrade_9": 152,
    "ERC20": 153,
    "Getters": 154,
    "Getters_1": 155,
    "Getters_2": 156,
    "Governance": 157,
    "GovernanceStructs": 158,
    "GovernanceStructs_1": 159,
    "GovernanceStructs_2": 160,
    "Governance_1": 161,
    "Governance_2": 162,
    "IBeacon": 163,
    "IBeacon_1": 164,
    "IBeacon_10": 165,
    "IBeacon_11": 166,
    "IBeacon_12": 167,
    "IBeacon_13": 168,
    "IBeacon_14": 169,
    "IBeacon_15": 170,
    "IBeacon_16": 171,
    "IBeacon_17": 172,
    "IBeacon_18": 173,
    "IBeacon_2": 174,
    "IBeacon_3": 175,
    "IBeacon_4": 176,
    "IBeacon_5": 177,
    "IBeacon_6": 178,
    "IBeacon_7": 179,
    "IBeacon_8": 180,
    "IBeacon_9": 181,
    "ICircleBridge": 182,
    "ICircleIntegration": 183,
    "IERC165": 184,
    "IERC165_1": 185,
    "IERC165_2": 186,
    "IERC165_3": 187,
    "IERC165_4": 188,
    "IERC20": 189,
    "IERC20_1": 190,
    "IERC20_10": 191,
    "IERC20_11": 192,
    "IERC20_12": 193,
    "IERC20_13": 194,
    "IERC20_2": 195,
    "IERC20_3": 196,
    "IERC20_4": 197,
    "IERC20_5": 198,
    "IERC20_6": 199,
    "IERC20_7": 200,
    "IERC20_8": 201,
    "IERC20_9": 202,
    "IERC721": 203,
    "IERC721Metadata": 204,
    "IERC721Metadata_1": 205,
    "IERC721Metadata_2": 206,
    "IERC721Metadata_3": 207,
    "IERC721Metadata_4": 208,
    "IERC721Receiver": 209,
    "IERC721Receiver_1": 210,
    "IERC721Receiver_2": 211,
    "IERC721Receiver_3": 212,
    "IERC721Receiver_4": 213,
    "IERC721_1": 214,
    "IERC721_2": 215,
    "IERC721_3": 216,
    "IERC721_4": 217,
    "IMessageTransmitter": 218,
    "ITokenMinter": 219,
    "IWormhole": 220,
    "IWormhole_1": 221,
    "IWormhole_10": 222,
    "IWormhole_11": 223,
    "IWormhole_2": 224,
    "IWormhole_3": 225,
    "IWormhole_4": 226,
    "IWormhole_5": 227,
    "IWormhole_6": 228,
    "IWormhole_7": 229,
    "IWormhole_8": 230,
    "IWormhole_9": 231,
    "Implementation": 232,
    "Implementation_1": 233,
    "Implementation_2": 234,
    "Messages": 235,
    "Messages_1": 236,
    "Messages_2": 237,
    "NFT": 238,
    "NFTBridge": 239,
    "NFTBridgeEntrypoint": 240,
    "NFTBridgeGetters": 241,
    "NFTBridgeGetters_1": 242,
    "NFTBridgeGetters_2": 243,
    "NFTBridgeGetters_3": 244,
    "NFTBridgeGovernance": 245,
    "NFTBridgeGovernance_1": 246,
    "NFTBridgeGovernance_2": 247,
    "NFTBridgeGovernance_3": 248,
    "NFTBridgeImplementation": 249,
    "NFTBridgeImplementation_1": 250,
    "NFTBridgeImplementation_2": 251,
    "NFTBridgeSetters": 252,
    "NFTBridgeSetters_1": 253,
    "NFTBridgeSetters_2": 254,
    "NFTBridgeSetters_3": 255,
    "NFTBridgeSetup": 256,
    "NFTBridgeState": 257,
    "NFTBridgeState_1": 258,
    "NFTBridgeState_2": 259,
    "NFTBridgeState_3": 260,
    "NFTBridgeStructs": 261,
    "NFTBridgeStructs_1": 262,
    "NFTBridgeStructs_2": 263,
    "NFTBridgeStructs_3": 264,
    "NFTBridge_1": 265,
    "NFTBridge_2": 266,
    "NFTImplementation": 267,
    "NFTImplementation_1": 268,
    "NFTImplementation_2": 269,
    "NFTImplementation_3": 270,
    "NFTImplementation_4": 271,
    "NFTState": 272,
    "NFTState_1": 273,
    "NFTState_2": 274,
    "NFTState_3": 275,
    "NFTState_4": 276,
    "NFT_1": 277,
    "NFT_2": 278,
    "NFT_3": 279,
    "Ownable": 280,
    "Ownable_1": 281,
    "Ownable_10": 282,
    "Ownable_11": 283,
    "Ownable_2": 284,
    "Ownable_3": 285,
    "Ownable_4": 286,
    "Ownable_5": 287,
    "Ownable_6": 288,
    "Ownable_7": 289,
    "Ownable_8": 290,
    "Ownable_9": 291,
    "Proxy": 292,
    "Proxy_1": 293,
    "Proxy_10": 294,
    "Proxy_11": 295,
    "Proxy_12": 296,
    "Proxy_13": 297,
    "Proxy_14": 298,
    "Proxy_2": 299,
    "Proxy_3": 300,
    "Proxy_4": 301,
    "Proxy_5": 302,
    "Proxy_6": 303,
    "Proxy_7": 304,
    "Proxy_8": 305,
    "Proxy_9": 306,
    "ReentrancyGuard": 307,
    "ReentrancyGuard_1": 308,
    "ReentrancyGuard_2": 309,
    "ReentrancyGuard_3": 310,
    "ReentrancyGuard_4": 311,
    "ReentrancyGuard_5": 312,
    "SafeERC20": 313,
    "SafeERC20_1": 314,
    "SafeERC20_10": 315,
    "SafeERC20_11": 316,
    "SafeERC20_12": 317,
    "SafeERC20_2": 318,
    "SafeERC20_3": 319,
    "SafeERC20_4": 320,
    "SafeERC20_5": 321,
    "SafeERC20_6": 322,
    "SafeERC20_7": 323,
    "SafeERC20_8": 324,
    "SafeERC20_9": 325,
    "SafeMath": 326,
    "SafeMath_1": 327,
    "Setters": 328,
    "Setters_1": 329,
    "Setters_2": 330,
    "State": 331,
    "State_1": 332,
    "State_2": 333,
    "StorageSlot": 334,
    "StorageSlot_1": 335,
    "StorageSlot_10": 336,
    "StorageSlot_11": 337,
    "StorageSlot_12": 338,
    "StorageSlot_13": 339,
    "StorageSlot_14": 340,
    "StorageSlot_15": 341,
    "StorageSlot_16": 342,
    "StorageSlot_17": 343,
    "StorageSlot_18": 344,
    "StorageSlot_2": 345,
    "StorageSlot_3": 346,
    "StorageSlot_4": 347,
    "StorageSlot_5": 348,
    "StorageSlot_6": 349,
    "StorageSlot_7": 350,
    "StorageSlot_8": 351,
    "StorageSlot_9": 352,
    "Strings": 353,
    "Strings_1": 354,
    "Strings_2": 355,
    "Strings_3": 356,
    "Strings_4": 357,
    "Structs": 358,
    "Structs_1": 359,
    "Structs_10": 360,
    "Structs_11": 361,
    "Structs_12": 362,
    "Structs_13": 363,
    "Structs_2": 364,
    "Structs_3": 365,
    "Structs_4": 366,
    "Structs_5": 367,
    "Structs_6": 368,
    "Structs_7": 369,
    "Structs_8": 370,
    "Structs_9": 371,
    "Token": 372,
    "TokenBridge": 373,
    "TokenImplementation": 374,
    "TokenImplementation_1": 375,
    "TokenImplementation_2": 376,
    "TokenImplementation_3": 377,
    "TokenImplementation_4": 378,
    "TokenImplementation_5": 379,
    "TokenImplementation_6": 380,
    "TokenImplementation_7": 381,
    "TokenImplementation_8": 382,
    "TokenState": 383,
    "TokenState_1": 384,
    "TokenState_2": 385,
    "TokenState_3": 386,
    "TokenState_4": 387,
    "TokenState_5": 388,
    "TokenState_6": 389,
    "Token_1": 390,
    "Token_2": 391,
    "Token_3": 392,
    "Token_4": 393,
    "Token_5": 394,
    "Token_6": 395,
    "Wormhole": 396,
    "WrappedAsset": 397,
    "WrappedAsset_1": 398,
    "draft-IERC1822": 399,
    "draft-IERC1822_1": 400,
    "draft-IERC20Permit": 401
}