file,original pragma version,compiled version,notes
draft-IERC1822_1.sol,^0.8.0,0.8.0,
Address_16.sol,^0.8.1,0.8.1,
Initializable.sol,^0.8.0,0.8.0,
Proxy_20.sol,^0.8.0,0.8.0,
IOutbox.sol,^0.6.11,0.6.11,
ERC1967Proxy_14.sol,^0.8.0,0.8.0,
IOwnable.sol,>=0.4.21 <0.9.0,0.4.21,
RollupProxy.sol,^0.8.0,0.8.0,
draft-IERC1822_10.sol,^0.8.0,0.8.0,
OneStepProverMemory.sol,^0.8.0,0.8.0,
ERC1967Upgrade_8.sol,^0.8.2,0.8.2,
ERC1967Upgrade_9.sol,^0.8.2,0.8.2,
ISequencerInbox.sol,>=0.6.9 <0.9.0,0.6.9,
draft-IERC1822_11.sol,^0.8.0,0.8.0,
Outbox.sol,^0.8.4,0.8.4,
ERC1967Proxy_15.sol,^0.8.0,0.8.0,
Proxy_21.sol,>=0.6.0 <0.8.0,0.6.0,
IChallengeResultReceiver.sol,^0.8.0,0.8.0,
IRollupCore.sol,^0.8.0,0.8.0,
IChallengeManager.sol,^0.8.0,0.8.0,
Address_17.sol,^0.8.1,0.8.1,
StorageSlot_14.sol,^0.8.0,0.8.0,
AdminFallbackProxy.sol,^0.8.0,0.8.0,
Address_15.sol,^0.8.1,0.8.1,
draft-IERC1822_2.sol,^0.8.0,0.8.0,
UpgradeableProxy_4.sol,>=0.6.0 <0.8.0,0.6.0,
MessageTester.sol,^0.8.0,0.8.0,
draft-IERC1822_13.sol,^0.8.0,0.8.0,
TransparentUpgradeableProxy_9.sol,^0.8.0,0.8.0,
WETH9.sol,^0.4.18,0.4.18,
ValueArrayTester.sol,^0.8.0,0.8.0,
TransparentUpgradeableProxy_8.sol,^0.8.0,0.8.0,
draft-IERC1822_12.sol,^0.8.0,0.8.0,
MessageTypes.sol,^0.8.4,0.8.4,
ChallengeLib.sol,^0.8.0,0.8.0,
UpgradeableProxy_5.sol,>=0.6.0 <0.8.0,0.6.0,
draft-IERC1822_3.sol,^0.8.0,0.8.0,
Address_14.sol,^0.8.1,0.8.1,
Instructions.sol,^0.8.0,0.8.0,
StorageSlot_15.sol,^0.8.0,0.8.0,
OneStepProverHostIo.sol,^0.8.0,0.8.0,
StorageSlot_11.sol,^0.8.0,0.8.0,
Address_10.sol,^0.8.1,0.8.1,
draft-IERC1822_7.sol,^0.8.0,0.8.0,
Proxy_8.sol,^0.8.0,0.8.0,
draft-IERC1822.sol,^0.8.0,0.8.0,
Address_9.sol,>=0.6.2 <0.8.0,0.6.2,
IDelayedMessageProvider.sol,>=0.6.9 <0.9.0,0.6.9,
ERC1967Proxy_12.sol,^0.8.0,0.8.0,
UpgradeableProxy_1.sol,>=0.6.0 <0.8.0,0.6.0,
RollupEventInbox.sol,^0.8.0,0.8.0,
BridgeStub.sol,^0.8.0,0.8.0,
L1DaiGateway.sol,^0.6.11,0.6.11,
IBridge_1.sol,^0.6.11,0.6.11,
ValidatorWallet.sol,^0.8.0,0.8.0,
IOutbox_2.sol,0.8.9,0.8.9,
IOutbox_3.sol,>=0.6.9 <0.9.0,0.6.9,
ERC1967Proxy_13.sol,^0.8.0,0.8.0,
IRollupLogic.sol,^0.8.0,0.8.0,
Address_8.sol,^0.8.1,0.8.1,
ValueStack.sol,^0.8.0,0.8.0,
Proxy_9.sol,>=0.6.0 <0.8.0,0.6.0,
draft-IERC1822_6.sol,^0.8.0,0.8.0,
Address_11.sol,^0.8.1,0.8.1,
ProxyAdmin.sol,^0.8.0,0.8.0,
StorageSlot_10.sol,^0.8.0,0.8.0,
L1ITokenGateway.sol,^0.6.11,0.6.11,
StorageSlot_12.sol,^0.8.0,0.8.0,
draft-IERC1822_4.sol,^0.8.0,0.8.0,
Address_13.sol,^0.8.1,0.8.1,
Machine.sol,^0.8.0,0.8.0,
Proxy_19.sol,>=0.6.0 <0.8.0,0.6.0,
UpgradeableProxy_2.sol,>=0.6.0 <0.8.0,0.6.0,
ERC1967Proxy_11.sol,^0.8.0,0.8.0,
SequencerInbox.sol,^0.8.0,0.8.0,
draft-IERC1822_15.sol,^0.8.0,0.8.0,
IBridge_2.sol,0.8.9,0.8.9,
Pausable.sol,^0.8.0,0.8.0,
draft-IERC1822_14.sol,^0.8.0,0.8.0,
ERC1967Proxy_10.sol,^0.8.0,0.8.0,
UpgradeableProxy_3.sol,>=0.6.0 <0.8.0,0.6.0,
Proxy_18.sol,>=0.6.0 <0.8.0,0.6.0,
Address_12.sol,>=0.6.2 <0.8.0,0.6.2,
draft-IERC1822_5.sol,^0.8.0,0.8.0,
IOneStepProver.sol,^0.8.0,0.8.0,
StorageSlot_13.sol,^0.8.0,0.8.0,
StorageSlot_4.sol,^0.8.0,0.8.0,
InboxStub.sol,^0.8.0,0.8.0,
IInbox.sol,^0.6.11,0.6.11,
Deserialize.sol,^0.8.0,0.8.0,
UpgradeableProxy.sol,>=0.6.0 <0.8.0,0.6.0,
TransparentUpgradeableProxy_11.sol,>=0.6.0 <0.8.0,0.6.0,
ERC1967Upgrade_13.sol,^0.8.2,0.8.2,
TransparentUpgradeableProxy.sol,^0.8.0,0.8.0,
IInbox_2.sol,0.8.9,0.8.9,
IBeacon.sol,^0.8.0,0.8.0,
IBeacon_5.sol,^0.8.0,0.8.0,
Ownable.sol,^0.8.0,0.8.0,
IBeacon_4.sol,^0.8.0,0.8.0,
Context_1.sol,^0.8.0,0.8.0,
ValidatorUtils.sol,^0.8.0,0.8.0,
IInbox_3.sol,>=0.6.9 <0.9.0,0.6.9,
ERC1967Upgrade_12.sol,^0.8.2,0.8.2,
TransparentUpgradeableProxy_10.sol,^0.8.0,0.8.0,
SimpleProxy.sol,^0.8.0,0.8.0,
StorageSlot_5.sol,^0.8.0,0.8.0,
StorageSlot_7.sol,^0.8.0,0.8.0,
Address_8_1.sol,^0.8.1,0.8.1,
TransparentUpgradeableProxy_12.sol,^0.8.0,0.8.0,
ERC1967Upgrade_10.sol,^0.8.2,0.8.2,
IBeacon_6.sol,^0.8.0,0.8.0,
IBeacon_7.sol,^0.8.0,0.8.0,
ERC1967Upgrade_11.sol,^0.8.2,0.8.2,
TransparentUpgradeableProxy_13.sol,^0.8.0,0.8.0,
Value.sol,^0.8.0,0.8.0,
StorageSlot_6.sol,^0.8.0,0.8.0,
StorageSlot_2.sol,^0.8.0,0.8.0,
IMessageProvider_1.sol,0.8.9,0.8.9,
Bridge.sol,^0.8.4,0.8.4,
Address.sol,^0.8.1,0.8.1,
ERC1967Upgrade_15.sol,^0.8.2,0.8.2,
TransparentUpgradeableProxy_17.sol,>=0.6.0 <0.8.0,0.6.0,
ERC1967Proxy_8.sol,^0.8.0,0.8.0,
OwnableUpgradeable.sol,^0.8.0,0.8.0,
PausableUpgradeable.sol,^0.8.0,0.8.0,
IBeacon_3.sol,^0.8.0,0.8.0,
IBeacon_2.sol,^0.8.0,0.8.0,
ERC1967Proxy_9.sol,^0.8.0,0.8.0,
TransparentUpgradeableProxy_16.sol,^0.8.0,0.8.0,
ERC1967Upgrade_14.sol,^0.8.2,0.8.2,
Inbox.sol,^0.8.4,0.8.4,
StorageSlot_3.sol,^0.8.0,0.8.0,
IBridge.sol,>=0.6.9 <0.9.0,0.6.9,
StorageSlot_1.sol,^0.8.0,0.8.0,
ContextUpgradeable.sol,^0.8.0,0.8.0,
TransparentUpgradeableProxy_14.sol,^0.8.0,0.8.0,
ModuleMemory.sol,^0.8.0,0.8.0,
RollupAdminLogic.sol,^0.8.0,0.8.0,
OneStepProofEntry.sol,^0.8.0,0.8.0,
StorageSlot.sol,^0.8.0,0.8.0,
TransparentUpgradeableProxy_15.sol,^0.8.0,0.8.0,
InterfaceCompatibilityTester.sol,>=0.6.9 <0.9.0,0.6.9,
Proxy.sol,^0.8.0,0.8.0,
L1CrossDomainEnabled.sol,^0.6.11,0.6.11,
TransparentUpgradeableProxy_18.sol,>=0.6.0 <0.8.0,0.6.0,
ERC1967Proxy_7.sol,^0.8.0,0.8.0,
DoubleLogicUUPSUpgradeable.sol,^0.8.0,0.8.0,
RollupLib.sol,^0.8.0,0.8.0,
ERC1967Proxy_6.sol,^0.8.0,0.8.0,
TransparentUpgradeableProxy_19.sol,^0.8.0,0.8.0,
IRollupEventInbox.sol,^0.8.0,0.8.0,
IAccessControl.sol,^0.8.0,0.8.0,
TransparentUpgradeableProxy_8_1.sol,>=0.6.0 <0.8.0,0.6.0,
ERC1967Proxy_4.sol,^0.8.0,0.8.0,
AddressAliasHelper.sol,^0.8.0,0.8.0,
IL1LPTGateway.sol,0.8.9,0.8.9,
BridgeTester.sol,^0.8.4,0.8.4,
UUPSNotUpgradeable.sol,^0.8.0,0.8.0,
ERC1967Proxy_5.sol,^0.8.0,0.8.0,
MockResultReceiver.sol,^0.8.0,0.8.0,
Constants.sol,^0.8.4,0.8.4,
ERC1967Proxy.sol,^0.8.0,0.8.0,
IL2LPTGateway.sol,0.8.9,0.8.9,
ChallengeManager.sol,^0.8.0,0.8.0,
Node.sol,^0.8.0,0.8.0,
OneStepProver0.sol,^0.8.0,0.8.0,
MerkleProof.sol,^0.8.0,0.8.0,
StorageSlot_8.sol,^0.8.0,0.8.0,
L1LPTGateway.sol,0.8.9,0.8.9,
IMessageProvider.sol,^0.6.11,0.6.11,
GlobalState.sol,^0.8.0,0.8.0,
ERC1967Proxy_2.sol,^0.8.0,0.8.0,
Context.sol,^0.8.0,0.8.0,
SequencerInboxStub.sol,^0.8.0,0.8.0,
IBeacon_9.sol,^0.8.0,0.8.0,
ExecutionManager.sol,^0.8.0,0.8.0,
Strings.sol,^0.8.0,0.8.0,
ERC1967Proxy_4_1.sol,^0.8.0,0.8.0,
IBeacon_8.sol,^0.8.0,0.8.0,
TransparentUpgradeableProxy_20.sol,>=0.6.0 <0.8.0,0.6.0,
ERC1967Proxy_3.sol,^0.8.0,0.8.0,
Module.sol,^0.8.0,0.8.0,
Error.sol,^0.8.4,0.8.4,
StorageSlot_9.sol,^0.8.0,0.8.0,
draft-IERC1822_8.sol,^0.8.0,0.8.0,
Proxy_7.sol,^0.8.0,0.8.0,
MerkleLib.sol,^0.8.4,0.8.4,
Proxy_15.sol,^0.8.0,0.8.0,
Address_6.sol,>=0.6.2 <0.8.0,0.6.2,
TransparentUpgradeableProxy_3.sol,^0.8.0,0.8.0,
ERC1967Upgrade_1.sol,^0.8.2,0.8.2,
IBeacon_14.sol,^0.8.0,0.8.0,
IBeacon_15.sol,^0.8.0,0.8.0,
TransparentUpgradeableProxy_2.sol,^0.8.0,0.8.0,
OneStepProverMath.sol,^0.8.0,0.8.0,
Proxy_14.sol,^0.8.0,0.8.0,
Address_7.sol,^0.8.1,0.8.1,
Messages.sol,^0.8.0,0.8.0,
Proxy_6.sol,>=0.6.0 <0.8.0,0.6.0,
draft-IERC1822_9.sol,^0.8.0,0.8.0,
RollupCore.sol,^0.8.0,0.8.0,
Proxy_4.sol,^0.8.0,0.8.0,
Address_20.sol,^0.8.1,0.8.1,
StackFrame.sol,^0.8.0,0.8.0,
Address_5.sol,^0.8.1,0.8.1,
Proxy_16.sol,^0.8.0,0.8.0,
ValueArray.sol,^0.8.0,0.8.0,
ERC1967Upgrade_2.sol,^0.8.2,0.8.2,
UpgradeableBeacon.sol,^0.8.0,0.8.0,
ValidatorWalletCreator.sol,^0.8.0,0.8.0,
IBeacon_16.sol,^0.8.0,0.8.0,
ERC1967Upgrade_3.sol,^0.8.2,0.8.2,
OssifiableProxy.sol,0.8.10,0.8.10,
Proxy_8_1.sol,^0.8.0,0.8.0,
Address_4.sol,^0.8.1,0.8.1,
Proxy_17.sol,^0.8.0,0.8.0,
Address_21.sol,>=0.6.2 <0.8.0,0.6.2,
Proxy_5.sol,^0.8.0,0.8.0,
ERC165.sol,^0.8.0,0.8.0,
RollupUserLogic.sol,^0.8.0,0.8.0,
Address_19.sol,>=0.6.2 <0.8.0,0.6.2,
DelegateCallAware.sol,^0.8.0,0.8.0,
Proxy_13.sol,^0.8.0,0.8.0,
ERC1967Upgrade.sol,^0.8.2,0.8.2,
BridgeCreator.sol,^0.8.0,0.8.0,
TransparentUpgradeableProxy_5.sol,>=0.6.0 <0.8.0,0.6.0,
ERC1967Upgrade_7.sol,^0.8.2,0.8.2,
IBeacon_12.sol,^0.8.0,0.8.0,
IBeacon_13.sol,^0.8.0,0.8.0,
ERC1967Upgrade_6.sol,^0.8.2,0.8.2,
OutboxWithoutOptTester.sol,^0.8.4,0.8.4,
TransparentUpgradeableProxy_4.sol,^0.8.0,0.8.0,
Proxy_12.sol,>=0.6.0 <0.8.0,0.6.0,
IERC165.sol,^0.8.0,0.8.0,
AddressUpgradeable.sol,^0.8.1,0.8.1,
UUPSUpgradeable.sol,^0.8.0,0.8.0,
Address_18.sol,>=0.6.2 <0.8.0,0.6.2,
AccessControl.sol,^0.8.0,0.8.0,
Proxy_2.sol,^0.8.0,0.8.0,
Address_3.sol,^0.8.1,0.8.1,
Proxy_10.sol,^0.8.0,0.8.0,
RollupCreator.sol,^0.8.0,0.8.0,
IOneStepProofEntry.sol,^0.8.0,0.8.0,
ControlledGateway.sol,0.8.9,0.8.9,
TransparentUpgradeableProxy_6.sol,^0.8.0,0.8.0,
ERC1967Upgrade_4.sol,^0.8.2,0.8.2,
IBeacon_11.sol,^0.8.0,0.8.0,
IBeacon_10.sol,^0.8.0,0.8.0,
ERC1967Upgrade_5.sol,^0.8.2,0.8.2,
IERC20Upgradeable.sol,^0.8.0,0.8.0,
TransparentUpgradeableProxy_7.sol,^0.8.0,0.8.0,
IGasRefunder.sol,>=0.6.9 <0.9.0,0.6.9,
Address_2.sol,^0.8.1,0.8.1,
Proxy_11.sol,^0.8.0,0.8.0,
L2ITokenGateway.sol,^0.6.11,0.6.11,
Proxy_3.sol,^0.8.0,0.8.0,
L1ArbitrumMessenger.sol,0.8.9,0.8.9,
