{
    "Address": 1,
    "AddressUpgradeable": 2,
    "AmplificationUtils": 3,
    "AssetLogic": 4,
    "BaseConnextFacet": 5,
    "ConnextDiamond": 6,
    "Constants": 7,
    "ContextUpgradeable": 8,
    "ERC20BurnableUpgradeable": 9,
    "ERC20Upgradeable": 10,
    "IConnectorManager": 11,
    "IDiamondCut": 12,
    "IDiamondCut_2": 13,
    "IERC20": 14,
    "IERC20Metadata": 15,
    "IERC20MetadataUpgradeable": 16,
    "IERC20Upgradeable": 17,
    "IOutbox": 18,
    "IStableSwap": 19,
    "Initializable": 20,
    "LPToken": 21,
    "LibConnextStorage": 22,
    "LibDiamond": 23,
    "LibDiamond_2": 24,
    "MathUtils": 25,
    "Multisend": 26,
    "OwnableUpgradeable": 27,
    "RoutersFacet": 28,
    "SafeERC20": 29,
    "SwapUtils": 30,
    "TokenId": 31,
    "TypeCasts": 32,
    "TypedMemView": 33,
    "draft-IERC20Permit": 34
}