Smart Contract, Unsound jumps (File 1), Maybe unsound jumps (File 1), Maybe unreachable jumps (File 1), Unsound jumps (File 2), Maybe unsound jumps (File 2), Maybe unreachable jumps (File 2)
0x1ec364CDD9697F56B8CB17a745B98C2b862CBE29, 0, 0, 0, 0, 0, 0
0x38c48c3d8d88c17281462e39192615cdc25fe630, 0, 0, 0, 0, 0, 0
0xa09a3e90da9574a43d35b893277ed6b3df79e88f, 0, 0, 0, 0, 0, 0
0xa1b0f267cf5eab73eefdcaf1c52704772f99a37f, 0, 0, 0, 0, 0, 0
0xF9D2ec4b9b44B141097489CBf00C59c974c49238, 0, 0, 0, 0, 0, 0
0x8012d769c438f106604c64d16e6287af9323deab, 0, 0, 0, 0, 0, 0
0x2aecf16ea4b4036123f43da94cf4e3e4d0a2a293, 0, 0, 0, 0, 0, 0
0x46Fa005E07e51732778A3745145B0D29AD5d7167, 0, 0, 0, 0, 0, 0
0xc1024ef7448186d4792d7dec5497fe8d4241687c, 0, 1, 0, 0, 1, 0
0x9C1E6d460426a5e5355B337F67B5e4ffE916765E, 0, 0, 0, 0, 0, 0
0xed881fdc86fd928c48f199ac0d4f95e104011611, 0, 0, 0, 0, 0, 0
0x024084d60a5fE572620aE9CE3178471F8fEEFfD2, 0, 0, 0, 0, 0, 0
0xa54d90d8132edef66599196fbc4f1b95702508bf, 0, 0, 0, 0, 0, 0
0xe22c1226d88672595aec3d476053140465638228, 0, 0, 0, 0, 0, 0
0xdc597a5fd1f90d2b529c7862f3eab5cbad2c6ce2, 0, 0, 0, 0, 0, 0
0xf689818d07ac53488ced7fca5a79e1456a7d4695, 0, 0, 0, 0, 0, 0
0x9264Ac4E52EDdb5D0fb345CAE8E47A8b420a96fd, 0, 0, 0, 0, 0, 0
0x88b0d61be1092a0aed7d5d0393246a242c5899f6, 0, 0, 0, 0, 0, 0
0x3311ad94f1bb66a78dd073b3c7fad6619c551e01, 0, 0, 0, 0, 0, 0
0x10bf82fe7c65f7c222b67cb2b5d84e0150cbebd9, 0, 0, 0, 0, 0, 0
0x3B115AbA8D09d18dc80b0CA9fDC925BdF3606A5d, 0, 0, 0, 0, 0, 0
0xe3efc8bacda7b19f5d51c5daab9af682b2a66744, 0, 0, 0, 0, 0, 0
0x118492053f229e52da35c4095e255b6a245c2e34, 0, 0, 0, 0, 0, 0
0x203b87e9b22a1b27a684cdb923d7646b12e39760, 0, 0, 0, 0, 0, 0
0x00000000006756ce25b95124e0FC879Cc2B7F1DA, 0, 0, 0, 0, 0, 0
0x2bcdb73866d4a40a5fb9ef98e501dc1c0d95292c, 0, 0, 0, 0, 0, 0
0x4822D77A2D328115C4edEbe1c82F313b28f8c315, 0, 1, 0, 0, 1, 0
0xd03d297d13a83a69abaa280feb8d44da83855c6a, 0, 0, 0, 0, 0, 0
0x1cf2931af34a175d9cd3a27e8afa5746e277338c, 0, 0, 0, 0, 0, 0
0x7bce3751c2a595b30f73fe0b34ad7dbea51756d6, 0, 0, 0, 0, 0, 0
0x32e1bfd713d9fef8a5d1bc10592a2d0fc10b92ff, 0, 0, 0, 0, 0, 0
0x7e81f954fa4f8877d45ce4867363e9c913599746, 0, 0, 0, 0, 0, 0
0x2cce3a267eeec5219ae66583f37876b39cb44eb9, 0, 0, 0, 0, 0, 0
0xcd758a5e59d8e6293f8749370647bacbb5327fbb, 0, 0, 0, 0, 0, 0
0x72A3a1461A88E2785b0Fb19AcE6C6137502b3622, 0, 0, 0, 0, 0, 0
0xc70150188142fbfcbb90db05bffc31bccded3da5, 0, 0, 0, 0, 0, 0
0x1fd1b29b8e7e652dcd0ab9867482ed9d71efab87, 0, 0, 0, 0, 0, 0
0x3fd78dc101ef657575a11aa70ea563fc1c9c30e5, 0, 0, 0, 0, 0, 0
0x86b130298719F753808E96cA6540b684a2d21466, 0, 0, 0, 0, 0, 0
0x62fb2cdaf98b4851920548e991e14445721ad952, 0, 0, 0, 0, 0, 0
0xb4066ded5bab002ca19fb49a2335926ae00e7b46, 0, 0, 0, 0, 0, 0
0x09d1341849319F46A1feF75575C3bDa339649295, 0, 0, 0, 0, 0, 0
0x62f2f56ade240ea712a86d7a73dd11e24ce61a51, 0, 0, 0, 0, 0, 0
0x8a83ff75acb48feaa1644eeabf5acebd71b60c80, 0, 0, 0, 0, 0, 0
0x48b3fd97730063f317b4d03a092dcaf8f49e8f70, 0, 0, 0, 0, 0, 0
0x71e454a66Df5c67a0C5AB61fc3c60953B6aeb67a, 0, 0, 0, 0, 0, 0
0xad98414815ef406da4631c9804ccfbedd3225035, 0, 0, 0, 0, 0, 0
0xb3d1E37784c884c197fB4a94D23b669620cae4c6, 0, 0, 0, 0, 0, 0
0xa780801815E8384794278d02214cfCe645f4d1Ae, 0, 0, 0, 0, 0, 0
0x25a919D38c5D395FCb1f9d9e8895B68C53F39fdC, 0, 0, 0, 0, 0, 0
0xdc2afdbf00f4bdb31d6c1e8b0b7588305f5847cd, 0, 0, 0, 0, 0, 0
0xd3DE54d9e424BF27b8259E69B205127722c771Cb, 0, 0, 0, 0, 0, 0
0xa3Bb3866A0082bcDe11A081b7240B5c828c994f2, 0, 0, 0, 0, 0, 0
0x7d3e4ad388f7f9cfcb6ae58a63777ef6fe076379, 0, 0, 0, 0, 0, 0
0x201c00ba25cAc8e8FC23F001B1b6095094998c31, 0, 0, 0, 0, 0, 0
0x57f63ef099876ed555f5b7fe6f76392e1502eb19, 0, 0, 0, 0, 0, 0
0x34504644b56cbe86b34f39e679c435d435f18747, 0, 0, 0, 0, 0, 0
0x73A15FeD60Bf67631dC6cd7Bc5B6e8da8190aCF5, 0, 0, 0, 0, 0, 0
0x83d23bccc19449a2f66de54ef4903535be284a09, 0, 0, 0, 0, 0, 0
0xe44c3f63fd25c2b1b9a04d1a876e9b6438f2b442, 0, 0, 0, 0, 0, 0
0x0b03ff98663fa7b97edc1b305e66ebf193b1d9cc, 0, 0, 0, 0, 0, 0
0xd215c87988c46c71a0532058ddff01c885eb015c, 0, 0, 0, 0, 0, 0
0xEBb2ecdae91F875D4f25f26D1494bba0c52a04bC, 0, 0, 0, 0, 0, 0
0x891459b56cd7f82993a0f272f4979695db2a66e5, 0, 0, 0, 0, 0, 0
0x1e2f66272d44ae720dffa8991c9694c1e4fa2d63, 0, 0, 0, 0, 0, 0
0x651c6cc4ebbe421319bae4eadf4fa769ff14bf3e, 0, 0, 0, 0, 0, 0
0x55648Ddd02a912058ccd5d173ae42F779a141a54, 0, 0, 0, 0, 0, 0
0x6849bc47e2c815e16d765c9500e1cd841f22b282, 0, 0, 0, 0, 0, 0
0xbe01Af16910183a72c332681FE239a91999aD670, 0, 0, 0, 0, 0, 0
0xd2c59781f1db84080a0592ce83fe265642a4a8eb, 0, 0, 0, 0, 0, 0
0x147aae07dF268817994FD674a4f69D493c283e24, 0, 0, 0, 0, 0, 0
0x5db6e8e85f635391a3bfa5e93126947af20ad05f, 0, 0, 0, 0, 0, 0
0x1a5b13ef713ba23f7bb17013d1c73797e1285f26, 0, 0, 0, 0, 0, 0
0x752446c704ba6e9d261eb810a20f3f1514623e18, 0, 0, 0, 0, 0, 0
0x55a51a884aad46425743d64873024d6002c8cee4, 0, 0, 0, 0, 0, 0
0xe591293151fFDadD5E06487087D9b0E2743de92E, 0, 1, 0, 0, 1, 0
0x2604a868be5d7e1e0d88d08507fe717376c9eff9, 0, 0, 0, 0, 0, 0
0x8ab8e01c5f96af1546a8d0b1df2107bdd5293bb4, 0, 0, 0, 0, 0, 0
0x25bb3d2f8db0776e68beb2b2ede7d6b229f374b7, 0, 0, 0, 0, 0, 0
0x361768d1cf41aa232eb6436d477505f446ee65b6, 0, 0, 0, 0, 0, 0
0xe3b07168cf4e33f1ba1bb8bacb801416aa21886b, 0, 0, 0, 0, 0, 0
0x750c08afe6468fb83986e5b5b222273fb925f881, 0, 0, 0, 0, 0, 0
0x8a915282bab9985ea4c13ad35b53403644ebeace, 0, 0, 0, 0, 0, 0
0x9EB0f9702e9bd1D478B4F027120CB5659cc999b8, 0, 0, 0, 0, 0, 0
0xfbbda7e8bdd468ead6b51f19427c435cbd459c3c, 0, 0, 0, 0, 0, 0
0x16a70939d9aeb729adc8da34b9ed63538a603c42, 0, 0, 0, 0, 0, 0
0xb97e163cE6A8296F36112b042891CFe1E23C35BF, 0, 0, 0, 0, 0, 0
0x77a45fa1e6b6e6557c8aca6de2a4eb5557bc5881, 0, 0, 0, 0, 0, 0
0xfeb669045652b62cEF47ecFd286d39e4730f51b3, 0, 0, 0, 0, 0, 0
0xde6e1F680C4816446C8D515989E2358636A38b04, 0, 0, 0, 0, 0, 0
0x42BcCB90eCCDAe96F6435C82eEfdD2DA577659fc, 0, 0, 0, 0, 0, 0
0xfb4e98a54710e1305043257e7c44c3cc67b0da3a, 0, 0, 0, 0, 0, 0
0x10ac3f60f0111e812f3274a1a51075be26ee39a1, 0, 0, 0, 0, 0, 0
0xd5A8004Afd44A83e913f325f9b3C656977453704, 0, 0, 0, 0, 0, 0
0x04fabe1de8d972d3c4ce53d2dad8b73b86da8788, 0, 0, 0, 0, 0, 0
0xce254c058294b26ed2ed74f5d6f32d2cc0eb305d, 0, 0, 0, 0, 0, 0
0xbcf08597eceb2bcf012480e15d9c04f3861fbe89, 0, 0, 0, 0, 0, 0
0x390dD930a4D00Cb7b0D2CB19745B6C0Cfb0e3B73, 0, 0, 0, 0, 0, 0
0xe6ad61f76209b9a15072f8cc26d7652e2687d7c0, 0, 0, 0, 0, 0, 0
0xaAE0DBF0eebdB2D22587BeEE04732a4c7945F270, 0, 0, 0, 0, 0, 0
0xC0A152d0c78D335257F4cCd474213a702096d911, 0, 1, 0, 0, 1, 0
0x14abed2dd5fb0390a98653e9079059cf19c1f4c2, 0, 0, 0, 0, 0, 0
0x4d5898E723b51b42320D944B9ddFb333465196d4, 0, 0, 0, 0, 0, 0
0x430e8453b0a33e0b1b092aa69f812d9227761ef2, 0, 0, 0, 0, 0, 0
0x5eeb8de77af38cb5db17244742989ccd128e10f6, 0, 0, 0, 0, 0, 0
0x09D85676cbEe4fF1A521e2b8b907Dc82F0dcDb2D, 0, 0, 0, 0, 0, 0
0x29dfe6138ceaf336c6662bab46fc46bb5a654f0f, 0, 0, 0, 0, 0, 0
0xa4bfa98a19d8b3830cd30ba9594af06df3537dbc, 0, 0, 0, 0, 0, 0
0xF53417f66D0A0a39fa2e6db44876Fb9413422DDB, 0, 0, 0, 0, 0, 0
0xa55c8b69748e3ca39af80edc3e7a93abcc36afae, 0, 0, 0, 0, 0, 0
0x20616748570be36403dc83e3dc4cece4082f6453, 0, 0, 0, 0, 0, 0
0xe0f53faba6cbfb022b16c9da63a1e0bad0279332, 0, 0, 0, 0, 0, 0
0x2a364CdDa802Aa76caEA873410E8263575f7D276, 0, 0, 0, 0, 0, 0
0xbc36755e696ecf27f727a3ad8d75a55e09139321, 0, 0, 0, 0, 0, 0
0x1B4ad253a7dA87e3ECf738a046beF1D8e714cDf8, 0, 0, 0, 0, 0, 0
0x41587f0de17E1Fb7e15d905eb2A0d0A300acbf6c, 0, 0, 0, 0, 0, 0
0x26391e51c32bd18f43df3678df87d5510d43ee36, 0, 0, 0, 0, 0, 0
0xd8e4ab3ac0d5376e6c3a3a7dd43eda557529a848, 0, 0, 0, 0, 0, 0
0xd5ff9ae45e33c028ca1b726ec788e48a70cd5d79, 0, 0, 0, 0, 0, 0
0xd5d882de64d5dcc1ae0c622c5489aa85b4ef67aa, 0, 0, 0, 0, 0, 0
0xa39c5d7b7c0bf22830cd3da207712acaf5d3cbb7, 0, 1, 0, 0, 1, 0
0x7485e7ae331c77d9edfc6d187aa9ec9779f03941, 0, 0, 0, 0, 0, 0
0x31fea152f7d6a89543ea2e55f724311e3c09c036, 0, 0, 0, 0, 0, 0
0xc69ec3432f8cda053ddf761af3a724e75e99e08d, 0, 0, 0, 0, 0, 0
0x6540bfaa6b41f27a3dfb8fe5f44b9bd7b678c921, 0, 0, 0, 0, 0, 0
0xcc3c9a1e2387c5e74698a3ac3ba91d905d996543, 0, 0, 0, 0, 0, 0
0xaFE3C34D9fF9AAFEfD237323E1cde4d5eEE99cC5, 0, 0, 0, 0, 0, 0
0x89b607bdb24af5127f2ef0e15583aebaaf2d6808, 0, 0, 0, 0, 0, 0
0xB617e1D89C99bFfccA472c682Ce18a1f070E5747, 0, 0, 0, 0, 0, 0
0x3e0b14f27de8334eada9432d33d3de58a35a0a8b, 0, 0, 0, 0, 0, 0
0x50a1f9378a318168d2b880ed5ed48a9ee70afc55, 0, 0, 0, 0, 0, 0
0x4b6737ba4faa7cece23b9fa0f50370a51ac7af16, 0, 0, 0, 0, 0, 0
0x3efea1e5f8bbb0dbcd87e6ca7960cfb7c09d0ae9, 0, 0, 0, 0, 0, 0
0x2e38dc1673cda87f65532b5a03053934a42abda1, 0, 0, 0, 0, 0, 0
0xc823813B27855356E0556859a2f1a7548dBedE71, 0, 0, 0, 0, 0, 0
0x40069889098cd54D6c1021578000F37b197479Cf, 0, 0, 0, 0, 0, 0
0x210dbb010d93c7f843f699190da4fc4064f95260, 0, 0, 0, 0, 0, 0
0x0b6177141fb299f448c96211ad8ca21f7a3ffb41, 0, 0, 0, 0, 0, 0
0x3E3B53A5a38e843ec54f2813A530418e8EBF8e1d, 0, 0, 0, 0, 0, 0
0x11d6d434fdff93bfc3a1e9c2923e669939fff73e, 0, 0, 0, 0, 0, 0
0xc09ea1201fa133c49c025ec0a8f54c2b9bc31a92, 0, 0, 0, 0, 0, 0
0x1d59b95ad87f0f4e7e41169d3d85bcc5643ac018, 0, 0, 0, 0, 0, 0
0x8fa4bfaafB319a3e2359398B1Cad54ab5CF84414, 0, 0, 0, 0, 0, 0
0x16465a7163f546c2f4be688d65b9478026ef3545, 0, 0, 0, 0, 0, 0
0x334aA5996583722cC850344eC02fD99bc263C56d, 0, 0, 0, 0, 0, 0
0xcee2fb44bfbd4305d1da245f14d94892eaaa5d95, 0, 0, 0, 0, 0, 0
0x6810d3d295f24f7cd14ff0f006a16c6eb57b82fb, 0, 0, 0, 0, 0, 0
0x7c84ac34fa5be7eb52ffe22a24df8fda8c238319, 0, 0, 0, 0, 0, 0
0xc36318df21171dc43428f57ebff9f2e0b213bb8c, 0, 0, 0, 0, 0, 0
0xe036736e5e49b93e82af304e7b48a8c5d5ce7a53, 0, 0, 0, 0, 0, 0
0x95E23260A144E17d14d43FaA84Ac92965feAA30F, 0, 0, 0, 0, 0, 0
0x3b2c26ec40dfcff1f9637ea9f937c52b333713e0, 0, 0, 0, 0, 0, 0
0x6af4e56f3031210158125fa89100785818aa31dc, 0, 0, 0, 0, 0, 0
0xcd3623c0a765b1a44cc1e2feedeb4bde34eae636, 0, 0, 0, 0, 0, 0
0x185842355304ad4931100f24c0315293296c5392, 0, 0, 0, 0, 0, 0
0xce6f6d4897b85c4977052fcfa7d48657850415e3, 0, 0, 0, 0, 0, 0
0x172A744e27B1Eb58BeCC028Ce7294Fd3e685A2Ae, 0, 0, 0, 0, 0, 0
0xC15091D3478296fD522B2807a9541578910DCC41, 0, 0, 0, 0, 0, 0
0x8fb57bade1d83136803887071caefba116086aa8, 0, 0, 0, 0, 0, 0
0x60d84B721293aa4C0D2Dc826068521Bd972f02E5, 0, 0, 0, 0, 0, 0
0xb05f23BcD2e0713062b22c641F03591B101fBD94, 0, 0, 0, 0, 0, 0
0x9174e29ca6552486b250507a2677b5224cf77c13, 0, 0, 0, 0, 0, 0
0x94729784657b556370438597c7929110641c29c9, 0, 0, 0, 0, 0, 0
0xee698678f5c5cbc9c5b938326b3e6d15b113d345, 0, 0, 0, 0, 0, 0
0x01ad560dFc0c71d1349A4BF18F51aBc3eCeAF48e, 0, 0, 0, 0, 0, 0
0xa4d6262a3be1a5f25716d26e69218917cb200adc, 0, 0, 0, 0, 0, 0
0x6Cc65bF618F55ce2433f9D8d827Fc44117D81399, 0, 0, 0, 0, 0, 0
0x58427ae12C559a5376918b11ce0C88564452ecE6, 0, 0, 0, 0, 0, 0
0x1ef14c4afbd73b2faf8a1f1bc31f088d4ce1d548, 0, 0, 0, 0, 0, 0
0x23f8dec716699941bade7a3751dcb21000b29d39, 0, 0, 0, 0, 0, 0
0x71e9e74491de234d78a7da6d5ad2935148057e03, 0, 0, 0, 0, 0, 0
0xe532ee26641438c24a5409cdd5a707731052d8e5, 0, 0, 0, 0, 0, 0
0xf7b265c2be85a4a5f9bd0ed4642f57b0eca7c530, 0, 0, 0, 0, 0, 0
0x217547248d135d143b4c974168782d3906515eb9, 0, 0, 0, 0, 0, 0
0xf5ef38ad15fb41bf066ccd9b738a26462b3701d2, 0, 0, 0, 0, 0, 0
0xb12c05c7e540832d05c2007bb92088661232dc88, 0, 0, 0, 0, 0, 0
0x1f47a4a4fc670b7368439fb959bde29b3ecdada6, 0, 0, 0, 0, 0, 0
0x26bcf3a55ce2c176ca27d48aec76ee71090c0e18, 0, 0, 0, 0, 0, 0
0x231608329b1a6dde9f3da31104714c4ad277fce7, 0, 0, 0, 0, 0, 0
0xc6f7fa4510f26f88a053208f760926ce70fab451, 0, 0, 0, 0, 0, 0
0xbecc9bb2e970101dce5518b67b9ee85be62d85e0, 0, 0, 0, 0, 0, 0
0xcb96c64c94573e3786ae19bd3ce09a78903b6950, 0, 0, 0, 0, 0, 0
0x9dDA9063D5b86CD3fa5Fa316fE0B0E9bd2f85A41, 0, 0, 0, 0, 0, 0
0x05Be534AfEfFDe5ff66e44696b35C2dC0fCDfF90, 0, 0, 0, 0, 0, 0
0x39bfC76cf7dd2c7B9F666E089e70D68D39D041E4, 0, 0, 0, 0, 0, 0
0xbc9D05517c10b14B241B6bB1c1149E337Fd80e4B, 0, 0, 0, 0, 0, 0
0x1d4ff8afe044b688d38f06374262530bead617e3, 0, 0, 0, 0, 0, 0
0x2092202d26417fd0aa4e3802e7ce339f8e8f0695, 0, 0, 0, 0, 0, 0
0x0a976384d68039C311bD8a4bb9711451c2001A43, 0, 0, 0, 0, 0, 0
0x723c27c91e88909dbd0e8033fda53a85b2500231, 0, 0, 0, 0, 0, 0
0xeb79563d45fb4a0a0513b9d4dec3944aaf53ac20, 0, 0, 0, 0, 0, 0
0x5CDE9fec66D89B931fB7a5DB8cFf2cDb642f4e7d, 0, 0, 0, 0, 0, 0
0x448DA008c7EB2501165c9Aa62DfFEeC4405bC660, 0, 0, 0, 0, 0, 0
0xbf19dd68189eabd4eb3de656e6c04a7df7b271bc, 0, 0, 0, 0, 0, 0
0x7b8f9D1f7444C86A1263C4A88f56A0471320b103, 0, 0, 0, 0, 0, 0
0xF0A3c2D4E81ACcc8e3Ac3aCCd50F5294601f88Cf, 0, 0, 0, 0, 0, 0
0x2715770bd7b23165bc9ee82c4c865c73ad2f21b5, 0, 0, 0, 0, 0, 0
0x3ee4a5b965699d0706fa98c80855423f3f9d6c2c, 0, 0, 0, 0, 0, 0
0xe3748b86a559fc91b66d957c26732feddfaf0785, 0, 0, 0, 0, 0, 0
0x5aee15d83b50ab6909375242642ea3cedeb06b39, 0, 0, 0, 0, 0, 0
0xf687973a18915962acac67570ca267f45d875604, 0, 1, 0, 0, 1, 0
0xd3bd47d109fabe717dea185b9f337b258cf0eec7, 0, 0, 0, 0, 0, 0
0xb33B94A471dA5d54bfC40C80D43b1F4Fc5F4D14D, 0, 0, 0, 0, 0, 0
0xb2695d83b8fdd7d7b20e54318e8bda89e97e2391, 0, 0, 0, 0, 0, 0
0x4a487fe7f26a9ff521797c13cc2238c8d7cfc1b8, 0, 0, 0, 0, 0, 0
0x51a2df312e19e1a144622e75fb5a04de97fb9d96, 0, 0, 0, 0, 0, 0
0x10350ac44c0d3f6c4abd55d32409ac31d4bd5087, 0, 0, 0, 0, 0, 0
0x8f441d5880361fff1da43f4909b5b4ebf5dec99a, 0, 0, 0, 0, 0, 0
0xe7db0c55c8a6d7d5c21696dd41570e344f0bfd63, 0, 0, 0, 0, 0, 0
0x4fb610a0be1965b943ee17df7c7d80071835e056, 0, 0, 0, 0, 0, 0
0x833d4379940f3b30b0d258d3fd1258ad51222e0c, 0, 0, 0, 0, 0, 0
0x8142709896850e5532983f25a26e36dcc3eab5fc, 0, 0, 0, 0, 0, 0
0x3e0e7d1388338556a707d3bb6ebfd1bdef9618f3, 0, 0, 0, 0, 0, 0
0x9cfd5e0aed87c614e218aeb3da4728c281f36997, 0, 0, 0, 0, 0, 0
0xE6685f9C0CA08e6D12bb83281629a32204eEAb48, 0, 0, 0, 0, 0, 0
0xa8ba8d813b8a952cdc87e27480e8645c36e3e671, 0, 0, 0, 0, 0, 0
0xf37e918697635c0eed40979ec3cbd1298347f66c, 0, 0, 0, 0, 0, 0
0x06e29544bd4e9548d16c7a043adfa6b1567defe1, 0, 0, 0, 0, 0, 0
0x04729ae5f2b39709e4a7b20903566e1c6bca19c2, 0, 0, 0, 0, 0, 0
0xe5C9e4097cb26CA0dbF615c1113d9BE1aa7B50B9, 0, 0, 0, 0, 0, 0
0xba630A7457f110211d9543f5D2D59233e9E4754d, 0, 0, 0, 0, 0, 0
0x352af70cdae5bd9772b823f96310c4d0a801f27e, 0, 0, 0, 0, 0, 0
0x8b42012324157ef46b7cf401364a89eeb28d6fb5, 0, 0, 0, 0, 0, 0
0xf38db58994ead8c00ee4c7b1ce5b1972263bdeb7, 0, 0, 0, 0, 0, 0
0xaf4c6752feff6572615445ae4d2335abde418df1, 0, 0, 0, 0, 0, 0
0xda1266b512baecfed27b5bfa47f403da9507628b, 0, 0, 0, 0, 0, 0
0x826f1a1c427b32fa32c449df12b815f88dc55dc8, 0, 0, 0, 0, 0, 0
0x5c3596cedb2396d9fe88171decbeda5eebf0c5a9, 0, 0, 0, 0, 0, 0
0x3d0c6aff559ada6bfaa911b092e6c2ae4eb5505b, 0, 0, 0, 0, 0, 0
0x790888d358963e0dd6ad3036cf40db2297f4d5f8, 0, 0, 0, 0, 0, 0
0x2c25d88e6dea171a32d15893e975409046c806b7, 0, 0, 0, 0, 0, 0
0x81538c473291864419bfbf565c674c9d1f26ce1d, 0, 0, 0, 0, 0, 0
0x89682e5F9bf69C909FC5E21a06495ac35E3671Ab, 0, 0, 0, 0, 0, 0
0xEF75e83633E686D3085b3a988b937D021e2fA628, 0, 0, 0, 0, 0, 0
0x8bcb530bcba57ed9889f29afb58772a28183f227, 0, 0, 0, 0, 0, 0
0x82ab67ad6fb9a08304c0628614b9e3ebe0771054, 0, 0, 0, 0, 0, 0
0x960b068dbaf5348d1303e8ac51f56636e481146f, 0, 0, 0, 0, 0, 0
0xcccce6a0eeccf30cc2a822d86d818348f62dfbc8, 0, 0, 0, 0, 0, 0
0xc760b9FD3131a80131C2D79BcaB7E3A589063169, 0, 0, 0, 0, 0, 0
0xb1ab9165d4e6ac613f3c1f880ee9fb4c3aaf90fe, 0, 0, 0, 0, 0, 0
0xf367f3694231ffe9ccbb4c54b1047a91df815a63, 0, 0, 0, 0, 0, 0
0xfbd2ad20e3a1d2afdbf92c269d0f219223e16aa5, 0, 0, 0, 0, 0, 0
0x0000000000004250039d1cf730bdd00b31942d18, 0, 0, 0, 0, 0, 0
0xa24d3886be3557782eeffb5f6ac6a4bb24faff55, 0, 0, 0, 0, 0, 0
0xba4aec451ccd4cec1664c1ad9fe06af219a0e18c, 0, 0, 0, 0, 0, 0
0x7815b560979F112321676dfBF95CFaf978Af45a4, 0, 0, 0, 0, 0, 0
0x9d9ed0d05b17e4261cd2c1a8ed418c1000c44b17, 0, 0, 0, 0, 0, 0
0x8c13581ad0473869e0833a65d67b3912de1017ff, 0, 0, 0, 0, 0, 0
0x11839659D673C6c3D27E0f8E54Fd3370bD872F87, 0, 0, 0, 0, 0, 0
0xb6fca2e2837b87060b30672da71e1bbec0dc774b, 0, 1, 0, 0, 1, 0
0x9983ff02d5d85ce3da32e563dc9deab799067a75, 0, 0, 0, 0, 0, 0
0x99d0947aa396f305071f357fc74998740e5c1a81, 0, 0, 0, 0, 0, 0
0x6617f50bd993f86045cfdf99e579bf9d7225125f, 0, 0, 0, 0, 0, 0
0xf50e161958c16f450cfc62549cb8ca44c3fb4291, 0, 0, 0, 0, 0, 0
0xe7ffa77b74cfb68b7aa45ac94f9b1baacbce850c, 0, 0, 0, 0, 0, 0
0x66619dfca339c43b22e8aa429e5c477e6fd65ab1, 0, 0, 0, 0, 0, 0
0x3fac10e640b8d3e9c2839f66b2ee3f26372f8b78, 0, 0, 0, 0, 0, 0
0x0ed0881280ca6141974c9604b75d994c6fd92ef8, 0, 0, 0, 0, 0, 0
0xd3fd7978e7786179f5b0386d60119097701ff42d, 0, 0, 0, 0, 0, 0
0x2c2739034a3F8f229029aFEC0FA62345753e69BB, 0, 0, 0, 0, 0, 0
0xaee45d771e173506456e20fbdec12de9afdd593f, 0, 0, 0, 0, 0, 0
0x86b939Ff9bb3cC5Cd9c7B57D298D6D20B4c7Bb56, 0, 0, 0, 0, 0, 0
0x03ecf73968d146a24e51c2ac5f79389ad5801e64, 0, 0, 0, 0, 0, 0
0x1e4d2b778138eb89def080071c427ba0f203b0ac, 0, 0, 0, 0, 0, 0
0x1a0205cd3fa5b3d8a11444a14b6c0fc993c2dc14, 0, 0, 0, 0, 0, 0
0xaa89568540a083776292ae5d1f838cf28c798f5e, 0, 0, 0, 0, 0, 0
0x4074e0c6bd91d27fe48dbec3719a5cd7930505a9, 0, 0, 0, 0, 0, 0
0x5371416b6cbee8710e2832728b31ce743856b30b, 0, 0, 0, 0, 0, 0
0x5de11cbc26705AA30853526F809EC18dBe55aD5b, 0, 0, 0, 0, 0, 0
0xd15314257404ae4b32b70f39a883db52e57e40c8, 0, 0, 0, 0, 0, 0
0x5ead618e4b55e34310908b647063b70416eac761, 0, 0, 0, 0, 0, 0
0x8F18602AF63138fB598772410BFB2514746f61E0, 0, 0, 0, 0, 0, 0
0x0355950f91e36b1dcf42360b06486b4e0021351a, 0, 0, 0, 0, 0, 0
0x679a55c36155a6cbf86eac22e75e33fb704e2d6e, 0, 0, 0, 0, 0, 0
0x025382d4266cca4689055bb08b73202ce24e9b12, 0, 0, 0, 0, 0, 0
0xe743a92cf9ec592593055a6d4bf940c645db2e61, 0, 0, 0, 0, 0, 0
0x0956b6c651bb211b2bccdaa14ca9f1db3ae879e9, 0, 0, 0, 0, 0, 0
0xAb2D7080faa744759519BF20D8200a851d9B1E53, 0, 0, 0, 0, 0, 0
0x6705c9f03763d0b509c5d4aa5144963cb7641dd9, 0, 0, 0, 0, 0, 0
0x3e2b03a8990b229d33bbaa148821293eb6e10738, 0, 0, 0, 0, 0, 0
0x3db3b827b303e401b98ec2e5e9eecad064d72cab, 0, 0, 0, 0, 0, 0
0xF1dDE04c3fb8f21523C9aF006e1094A476AC366A, 0, 0, 0, 0, 0, 0
0xA651332Bf73905c326bdA4549A59c05Aa3bF7DA0, 0, 0, 0, 0, 0, 0
0x16da19dbbff11467abc3f4a2e705d7cb77643526, 0, 1, 0, 0, 1, 0
0x3280037f01757b73d0612cb4792d840f01fdac09, 0, 0, 0, 0, 0, 0
0x836beed5235b794fa38e86a9ad1680035f607b12, 0, 0, 0, 0, 0, 0
0xc596947037572f1b514931a1fcec6909c6e909ff, 0, 0, 0, 0, 0, 0
0x3053dc675b09530b815072e7940ecb5fd19bc8a6, 0, 0, 0, 0, 0, 0
0x9456e90877d59ac294d60217bd38d271cbfc0356, 0, 0, 0, 0, 0, 0
0xd74bd64629e4d8bf72cc3ea26fa42a7b1bcbaddf, 0, 0, 0, 0, 0, 0
0x6fe62ff9140055fc8a8b5adfa302dbfdb4876858, 0, 0, 0, 0, 0, 0
0x90e25a72500afd34b5c88e8b4a9976ad8be92d14, 0, 0, 0, 0, 0, 0
0x901184c47defff50663ea102f9790315a5317adb, 0, 0, 0, 0, 0, 0
0xa8ed3d016b308ab48ecee135222b9105e7661e92, 0, 0, 0, 0, 0, 0
0x0002fa5b2e2dcc7ed5f4b26d5cea14e44d187e03, 0, 0, 0, 0, 0, 0
0x15d9d21936fa6b0a494556db58eb93e2edd267f0, 0, 0, 0, 0, 0, 0
0x60f19fd1f15fc08a1ea27d407dae25c4e7937547, 0, 0, 0, 0, 0, 0
0x9531695Be421C2A3B11D4eC926edF813498021fE, 0, 0, 0, 0, 0, 0
0x1855445a92453eDbdaE8072d123645698Ac9D2fF, 0, 0, 0, 0, 0, 0
0x3446d9a92b0d1d8db12507e850c158828fae4d95, 0, 0, 0, 0, 0, 0
0x98ce663e6ccbe12fdc2397b2a8d1ed0352476f78, 0, 0, 0, 0, 0, 0
0x3c9F53a0aef44A20A18f341E45a698Ba36f102A4, 0, 0, 0, 0, 0, 0
0xE67404C6E4f6Ab58ac1F92E6056379CD2F4AAc6A, 0, 0, 0, 0, 0, 0
0xD99E8bA5259Dd2b8B9aBFE0eD78913ec60B8F898, 0, 0, 0, 0, 0, 0
0xC27EEc1c192500DaA517D491f673eD81008a8c0b, 0, 1, 0, 0, 1, 0
0x5d551ffff320a7d52eca30df0af449bb5df8efc5, 0, 0, 0, 0, 0, 0
0x4417265c6a4f2b041e5ccd2c9dfb30c819ea4df4, 0, 0, 0, 0, 0, 0
0xa6c9976893eacb13688c16689ea183ce29004855, 0, 0, 0, 0, 0, 0
0xbE360D6D56F3504a7C2971a03BA34a3c6d67594F, 0, 0, 0, 0, 0, 0
0xe8073e400e17186efd2911afa2310071c81f3d77, 0, 0, 0, 0, 0, 0
0x96f297c5c2fb481889c0b0f5f4adec61911236c4, 0, 0, 0, 0, 0, 0
0x3c862c59fa230df83b87f1ae742f2a6559f59fb0, 0, 0, 0, 0, 0, 0
0xd523578e864b1e7741309e21cb29674a4f634807, 0, 0, 0, 0, 0, 0
0x16eA5Db6A7C2A72749a7f7600CAA64c97468D50E, 0, 0, 0, 0, 0, 0
0x7576917e8ecaff11d64bcb30cd407f2f1cef2b64, 0, 0, 0, 0, 0, 0
0xea15fe16d39316130ad93ac0515f2432e8be3648, 0, 0, 0, 0, 0, 0
0x0000000000008dd2574908774527FD6DA397d75B, 0, 0, 0, 0, 0, 0
0x63b0a86677df915812fdd3acff5ae7382f731d34, 0, 0, 0, 0, 0, 0
0xa801a49a37a09b2022b5d1f2222421a2f2d5656d, 0, 0, 0, 0, 0, 0
0x6ca8937103a6a73025a9be86d4af90dabc019f0f, 0, 0, 0, 0, 0, 0
0xECc4457b322271f8615cA583789790e1a7b2e1af, 0, 0, 0, 0, 0, 0
0xe5cE54704f1B23de22b687eee628B32600ADC681, 0, 0, 0, 0, 0, 0
0xb04862d030a38c351e8ecae09508cd30f80d88e3, 0, 0, 0, 0, 0, 0
0x55a15dc18bb67b8687874d39cf69cbdac80ef645, 0, 0, 0, 0, 0, 0
0x1d4AAEaE7C8b75a8e5ab589a84516853DBDdd735, 0, 0, 0, 0, 0, 0
0x12721046Ad01eB97C2d58Cb518d512b4073F6813, 0, 0, 0, 0, 0, 0
0xee13e63529c39f95926577f9acb2a6fdd912b141, 0, 0, 0, 0, 0, 0
0xd5bcB7d3861050f19563bf8C7aD243c07Cf840FE, 0, 0, 0, 0, 0, 0
0x7603352f1C4752Ac07AAC94e48632b65FDF1D35c, 0, 0, 0, 0, 0, 0
0x55bbe5a04d144d8d17dc6471f23e1a40b63333d4, 0, 0, 0, 0, 0, 0
0x6479c975aee835dceac11570984b879ae6ccb7d2, 0, 0, 0, 0, 0, 0
0xd6C1d391385F6a53bf02a7B4beD71441623D77e7, 0, 0, 0, 0, 0, 0
0x51221550f9ce9435ef252f7f863403600804ae9c, 0, 0, 0, 0, 0, 0
0xced519a9e7555dee0399f8da3019d8d557a88f81, 0, 0, 0, 0, 0, 0
0x25E54Bf48369b8FB25bB79d3a3Ff7F3BA448E382, 0, 0, 0, 0, 0, 0
0x81ef2af332cf422cf51aea1e1a284c01e7f10336, 0, 0, 0, 0, 0, 0
0x3ea06c27b0e18f4cb977eea6ad0b0b3a1d3e8577, 0, 0, 0, 0, 0, 0
0x726c8bf7c2bc8d6f76e484dbfc4dceddf3c35fae, 0, 0, 0, 0, 0, 0
0x5eC34376205E99f5314cD71436AFDA100f3A4Bb6, 0, 0, 0, 0, 0, 0
0x910ac8d84d2badcceeb859dbb624b69d430758cd, 0, 0, 0, 0, 0, 0
0x641d512a5a3be7f07ede4bb66fcc3546b5c24622, 0, 0, 0, 0, 0, 0
0x5d207dbd80b978b138331519383b27caa1e04999, 0, 0, 0, 0, 0, 0
0xe015fc859b3f6a42a383930862c390fb4bdffdab, 0, 0, 0, 0, 0, 0
0x1991a5BfCC94269E7ADc1363B606535d52e34B50, 0, 1, 0, 0, 1, 0
0x37d037f8fc5d822eb8921739438048e19b7e7151, 0, 0, 0, 0, 0, 0
0x4a053b7c4cbbe72300f1986e39881bd21d646536, 0, 0, 0, 0, 0, 0
0xa72d663133699d8c1e2987bdb7265e8deb7756ac, 0, 0, 0, 0, 0, 0
0x110429d46bb2e1e731f390e74e045f86e524ff24, 0, 0, 0, 0, 0, 0
0x3B1554f346DFe5c482Bb4BA31b880c1C18412170, 0, 0, 0, 0, 0, 0
0x769f6f368cc9949d29065da366fb86dbe9024367, 0, 0, 0, 0, 0, 0
0xf7a9affda0aba42d9e625d8a119bf4f15d1921f7, 0, 0, 0, 0, 0, 0
0x228ce526d70cd1d7853edfc39aa84e5e3438f4fc, 0, 0, 0, 0, 0, 0
0x7a0b09c1974360d0370063ee7761d29803d45a74, 0, 0, 0, 0, 0, 0
0xc6f9b3e1037d747166172b76d02fa38aadba94b9, 0, 0, 0, 0, 0, 0
0xf859256858091a7d78f0ae8dfe91cb30e5b1bc65, 0, 0, 0, 0, 0, 0
0x42c5c42739078a21383c98431e8f8e553ecbdfe2, 0, 0, 0, 0, 0, 0
0xaef558941a04e006b46c7f0c877547ccc1fda3a4, 0, 0, 0, 0, 0, 0
0xfa74c2c7568ab156ade70e9d9c8610e71df3794d, 0, 0, 0, 0, 0, 0
0xcb5c447567631b187eea240512ba2fbbc875ce1d, 0, 0, 0, 0, 0, 0
0x027e7c254a14a51d672db86a781646f46912027c, 0, 0, 0, 0, 0, 0
0x3b9e222f2a8fb9fc36083516aa41ba6010c9690e, 0, 0, 0, 0, 0, 0
0xa944c2e3b8356a26cd788ed4e2655720261e02cb, 0, 0, 0, 0, 0, 0
0x1041D127b2d4BC700F0F563883bC689502606918, 0, 0, 0, 0, 0, 0
0xcbce33a40e6b52e28c53abf7d12d4cba961312f7, 0, 0, 0, 0, 0, 0
0x01862Ecae91956396dF56479694A4D79920C0246, 0, 0, 0, 0, 0, 0
0xe9262aa028e6dfeb1dca3bb1c07faf0707544b86, 0, 0, 0, 0, 0, 0
0x9960012D71d2085516646B411925AD1d115ED01F, 0, 0, 0, 0, 0, 0
0x7Afa3d0E44046C7ce8094dC429305A7ff3706D10, 0, 0, 0, 0, 0, 0
0x5b73c0c7c3c93e1b0d69296ef156ddd63e368a2b, 0, 0, 0, 0, 0, 0
0x6D17e88Ade441073cc3ebFc2533CEf105Dab12aF, 0, 0, 0, 0, 0, 0
0x042074AAdD6d49e74d2e0164FfeFccD1FD66Cc39, 0, 0, 0, 0, 0, 0
0x398205434693c517f9992dec67c6809f617d8d9f, 0, 0, 0, 0, 0, 0
0x1b51AE89822E66Ad6f8CfC4a40cC4aea6641A181, 0, 0, 0, 0, 0, 0
0xc3B006Cf383f33342910a8cd5706D4d76851a55C, 0, 0, 0, 0, 0, 0
0xeD3de6B0C6BCf88044E3B548c7de6F0ef99DaD07, 0, 0, 0, 0, 0, 0
0xc7384444c5be31ee780085a669f408e5d51d6c2f, 0, 0, 0, 0, 0, 0
0x7bc0a3cc5a75256c12df4c3a9fbb8ecbbcd57f9c, 0, 0, 0, 0, 0, 0
0x0aca8732dfa675efa103617cf5f95f3703674612, 0, 0, 0, 0, 0, 0
0xc32aca022fde174e15c70c7d1a5fc2e7e291d100, 0, 0, 0, 0, 0, 0
0xc4772Be15F0483672CD5f16CA06456c46908B61c, 0, 0, 0, 0, 0, 0
0x9761b7c301b57ead03f51186158482d8adf73eba, 0, 0, 0, 0, 0, 0
0x5903c054fdf73c98791a7d215d4f2e29a0908b68, 0, 0, 0, 0, 0, 0
0x5d33438f55ef68ac12584d22cff27c5acab6846d, 0, 0, 0, 0, 0, 0
0x5f24E4a1A1f134a5a6952A9965721E6344898497, 0, 0, 0, 0, 0, 0
0xcbe2cb2511e4fc2ca3552a65cf95324a5786c64f, 0, 0, 0, 0, 0, 0
0xda46C0Dc2195d326284186b89AAb71ACFF56cC8e, 0, 0, 0, 0, 0, 0
0xf5ca50556e5a15dbd32febbddee66d6378d42565, 0, 0, 0, 0, 0, 0
0xE3deFaE93FabDC93da32aEc7FF71d5EC85e2e0bb, 0, 0, 0, 0, 0, 0
0x3c00fcf488712cd0430b6d4c77d6e48c3718a0ef, 0, 0, 0, 0, 0, 0
0x72ad683f8608ddae0e1c80db6bba0913dc813bb3, 0, 0, 0, 0, 0, 0
0x7e8f0ef6fec4a2cc78151b1103fcbb47c01807f2, 0, 0, 0, 0, 0, 0
0xA416A7a07925d60F794E20532bc730749611A220, 0, 0, 0, 0, 0, 0
0xdeaed9594451001b32fccf2d6793f5491ec4d80b, 0, 0, 0, 0, 0, 0
0x435197f681B01511C1bF6422c1Ba5272216e2B8A, 0, 0, 0, 0, 0, 0
0x023A0104c45bb4A3f09BeD1214F4e585e88541E5, 0, 0, 0, 0, 0, 0
0xdDB46Dbd9BC14a05F3d8660578561c4169D7B0fd, 0, 0, 0, 0, 0, 0
0xfacd5fc10fbf80427aa2a5317f21096360c9ff8a, 0, 0, 0, 0, 0, 0
0x3b6202199934022f307e99440df2405349a98f7e, 0, 0, 0, 0, 0, 0
0xc4300348912a26f304408261c1a322ce0920f2f8, 0, 0, 0, 0, 0, 0
0xE520f941def9FeA4BE3e616E8489e2eA1fe23DaB, 0, 0, 0, 0, 0, 0
0x203bbd2624524b4c20cf964ab04a3cb156adb03f, 0, 0, 0, 0, 0, 0
0xc04057cbae8241584f098baed622564e428c7897, 0, 0, 0, 0, 0, 0
0x40fB1A1D8da89f1cb65828a5918aCc0D33217482, 0, 0, 0, 0, 0, 0
0x2780af41649c6a8cc4e6efbcd0940efed70da98b, 0, 0, 0, 0, 0, 0
0xce6aa7f6d78cfb9673c470b9fd7ed38a6d9fff35, 0, 0, 0, 0, 0, 0
0x1cf5531a46986c8845bad948f5e6058b326f3cfe, 0, 0, 0, 0, 0, 0
0x9dad403e285ac9148a0f88ad77c4115eaac3d8ca, 0, 0, 0, 0, 0, 0
0x539b1e6ce43d4400926a574241fedc61128a558c, 0, 0, 0, 0, 0, 0
0x9397971f4179fa80fb039d038c6956774d65c979, 0, 0, 0, 0, 0, 0
0xccfcf6d39745b56dc3536c178c9acdb8dd9e9efd, 0, 0, 0, 0, 0, 0
0x224b8cDd157fE44271b34918EE9f62e49e0d6b68, 0, 0, 0, 0, 0, 0
0x4798d38df98373ee8474b95f6c9e517d6b81c7bc, 0, 0, 0, 0, 0, 0
0xecacb305403ab288b0a2b11d6cd6481de4914b95, 0, 0, 0, 0, 0, 0
0xE8E01fCa3A262297CFF5C795D126AA088D65af0A, 0, 0, 0, 0, 0, 0
0xc67ae4c367a70cc68fee468a1a3d23296fb9591d, 0, 0, 0, 0, 0, 0
0xbe15e5ae5afb304c1e0cfe1d83bb2d519bc3ae87, 0, 0, 0, 0, 0, 0
0x7E2aae38d4eC59172018146057793DE445809b23, 0, 0, 0, 0, 0, 0
0xc3c3b5157b9fd6c18b0d842be745ff45ed33f79d, 0, 0, 0, 0, 0, 0
0x94D37F827740163cb7d939B56aF3B63cDe30B5c8, 0, 0, 0, 0, 0, 0
0x0594cb5ca47eFE1Ff25C7B8B43E221683B4Db34c, 0, 0, 0, 0, 0, 0
0x3155a180dab61e715faddc9335675da28e38afca, 0, 0, 0, 0, 0, 0
0x3252f6e66790f787df406384cd749a163d21313b, 0, 0, 0, 0, 0, 0
0x2e27332b25ce245f6628377bc83573a001313c58, 0, 0, 0, 0, 0, 0
0xf9694d828a03e6039cbf0959c9268f8ce5dad8d4, 0, 0, 0, 0, 0, 0
0xce7c55f268e899aaba3eb28748aa1d6f7f40afb0, 0, 0, 0, 0, 0, 0
0xf79af58431a760a977fe8911a3aef8ecc180d0f7, 0, 0, 0, 0, 0, 0
0x6e45b69467ec90ea7d221a87994b24306eb59070, 0, 0, 0, 0, 0, 0
0x9AB474407776E9739A831D6cC9717020b52a1664, 0, 0, 0, 0, 0, 0
0x92fc983c213b8bfb211f6207f33adfe113328327, 0, 0, 0, 0, 0, 0
0xb4741c6000e1785b030f70dde95f3fadbeccaa07, 0, 0, 0, 0, 0, 0
0xb663945fc96656ad9f5b7ad1561182aca7071592, 0, 0, 0, 0, 0, 0
0x36a04caffc681fa179558b2aaba30395cddd855f, 0, 0, 0, 0, 0, 0
0x78e8eebc69179e7c55025a1639633cd5b220accd, 0, 0, 0, 0, 0, 0
0x57136542BdC53aaf53bF519a6D28A6C8F7CEEB1c, 0, 0, 0, 0, 0, 0
0x7699B9ACb26b9d05bd9091e14B28Ba57C1F0F5E8, 0, 0, 0, 0, 0, 0
0x8ceb642c710d22bd40492a546f12985620b2be4a, 0, 0, 0, 0, 0, 0
0x94e4d8a7dccc8f4956b4706d2a846e1601c420e1, 0, 0, 0, 0, 0, 0
0xec4384f90257a1f43bd82deec6ad1b488ebb6d00, 0, 0, 0, 0, 0, 0
0x3c2e869bb072f8d57b7cc8806dc19f71cf8b036e, 0, 0, 0, 0, 0, 0
0xbec0ed4a1914d1fb3077d8e1fefb6bf18e77c2dc, 0, 0, 0, 0, 0, 0
0xD846AA34caEf083DC4797d75096F60b6E08B7418, 0, 0, 0, 0, 0, 0
0xf822662479ee7e6f7001443f7efe7a382359d90b, 0, 0, 0, 0, 0, 0
0xf57fc9740a308bce89ff591f58672701ea8834dc, 0, 0, 0, 0, 0, 0
0x1c3a52fb6b55ee670d92a41675e24408a305f6ae, 0, 0, 0, 0, 0, 0
0xa114e8e6d4a237e685e4a125270fcd0a828e831d, 0, 0, 0, 0, 0, 0
0xda098c1f08d3fceea95b2750e0a1c5af1b4789e5, 0, 0, 0, 0, 0, 0
0x17988a539d58e963f34a26bfb3f687010e7a9d52, 0, 0, 0, 0, 0, 0
0x83b79de37c2108ac586ab96aca8ad7c9143c55e9, 0, 0, 0, 0, 0, 0
0x3c5590502e366cfd05cddc229205d1cfd9c99aa5, 0, 0, 0, 0, 0, 0
0x832d62eeb4e644e4492b44aa023c20e237bfebbb, 0, 1, 0, 0, 1, 0
0xb71aacfc5ea13184fda7c64140f7a8e226917ba2, 0, 0, 0, 0, 0, 0
0xfa5e41483022b76d4f2414e020c4b6fcdcbb893b, 0, 0, 0, 0, 0, 0
0xB1025b600Eae0373E7761Ab2Fd88c705e2798FA6, 0, 0, 0, 0, 0, 0
0xdee5a9c375cca6b4a4a5e9655cef7136485f31b5, 0, 0, 0, 0, 0, 0
0x4096dc8773b8d8c4a4146f8d4295d4a1bddaab25, 0, 0, 0, 0, 0, 0
0x368457ec2c9096b9ae9e30af1b20aa16ce422930, 0, 0, 0, 0, 0, 0
0x5cd21eba15cc71714c374da86b5308493f7a256a, 0, 0, 0, 0, 0, 0
0x5b7279055048d435d70e86be71764de0a09e5b7f, 0, 0, 0, 0, 0, 0
0xc9097f9df7b07b0587f1745d045df47994647719, 0, 0, 0, 0, 0, 0
0x10cf4547763e436991bae0bb23286ec1bb6a9ce2, 0, 0, 0, 0, 0, 0
0x298fabd16314e017fd67df916191ad23742a1ab7, 0, 0, 0, 0, 0, 0
0xe846ec7087f879d7e08603696b2e8f2d706a0b51, 0, 0, 0, 0, 0, 0
0x65e3214e1fb76e50b15c9032eba75a7441844cfd, 0, 0, 0, 0, 0, 0
0x84aE6D61Df5c6ba7196b5C76Bcb112B8a689aD37, 0, 0, 0, 0, 0, 0
0x6AEFD8d13D3D28709eA1Ee9A0DB0C3654DCebA8c, 0, 0, 0, 0, 0, 0
0x2172be858cd9703cfa4c1da64a323eac5ba96b49, 0, 0, 0, 0, 0, 0
0xc862346614d4af4c0a3dff74cebf5a33f188ae73, 0, 0, 0, 0, 0, 0
0x43a894336D23c2C79A958638e2c23C81AE4a9F96, 0, 0, 0, 0, 0, 0
0xae21d99a0f223945a50d432c8fcd29f5834f00cb, 0, 0, 0, 0, 0, 0
0x7e5d4877f12db6ee7b524dc24b34733427ce6991, 0, 0, 0, 0, 0, 0
0x375f842b65e5baa2d1ae9a99069d8f5e3bda94cb, 0, 0, 0, 0, 0, 0
0x718495979a46918f6f32bebaeab69965376bcc32, 0, 0, 0, 0, 0, 0
0x43882C864a406D55411b8C166bCA604709fDF624, 0, 0, 0, 0, 0, 0
0xaad9508a5daa4e0175c27a57d328665f83ee9887, 0, 0, 0, 0, 0, 0
0x713708fd0787f10355d683b8634b88342e2b9b17, 0, 0, 0, 0, 0, 0
0xbcb9984758367e1d7d1e8784630ba41463a425e0, 0, 0, 0, 0, 0, 0
0x10e533be02b57fe9448098e0cd8a728c64a67b2c, 0, 0, 0, 0, 0, 0
0xe3692b2E55Eb2494cA73610c3b027F53815CCD39, 0, 1, 0, 0, 1, 0
0xdf494fd1f3a3377016539ed891b5d5deeb278eb8, 0, 0, 0, 0, 0, 0
0xdab486824c4a98a21325a34a36ed95085ad7442e, 0, 0, 0, 0, 0, 0
0x44214aaca0a71cfd5918eeaffcfb3ec026ee7ec3, 0, 0, 0, 0, 0, 0
0x0D374775E962c3608B8F0A4b8B10567DF739bb56, 0, 0, 0, 0, 0, 0
0x6ed79dc61e5d99ce733edb55d83e42b94eea72b9, 0, 0, 0, 0, 0, 0
0xf1B59868697f3925b72889ede818B9E7ba0316d0, 0, 0, 0, 0, 0, 0
0x3b400259B6E8D003C9973a79Fb9828fBA9Fb87a0, 0, 0, 0, 0, 0, 0
0x5e314e43426a74f1f8275aaff30f41acf988b880, 0, 0, 0, 0, 0, 0
0xED9d16a9c15B47904F535abBFff3DAa2113dB560, 0, 0, 0, 0, 0, 0
0xcf6f65b8925b73d0289bf9c7f088dd57a8040629, 0, 0, 0, 0, 0, 0
0x9f69ef68866ce4f74139ef9b134d3d3c2f0794f6, 0, 0, 0, 0, 0, 0
0xc9e358259e325bcb96abe0eeebeddc46559ac20c, 0, 0, 0, 0, 0, 0
0xa1a7cc46d48f895f4c6a0274e30e50ebf64d564d, 0, 0, 0, 0, 0, 0
0xc891738d5bd1b9b86b5b18839add3621de8b05fd, 0, 0, 0, 0, 0, 0
0x17e713f4757fc30b99d18f1a0658470d117d8d05, 0, 0, 0, 0, 0, 0
0x528a7d60daf08a98e39220b1de6557be6afe9bbb, 0, 0, 0, 0, 0, 0
0x98b39E67F63E89C3CbbEb8EdED75374C906a1912, 0, 0, 0, 0, 0, 0
0xae427eb0bec7ad2ef79d1ae2a26b71d23ac81da0, 0, 0, 0, 0, 0, 0
0x4096acdc3bb3c6a8bdd70a946515a07b465232c0, 0, 0, 0, 0, 0, 0
0x7c032115bc32e118f7652411277d434ed1a2e120, 0, 0, 0, 0, 0, 0
0x96d1f6eaa5a52b2eac0579be197bf519f2f05aa7, 0, 0, 0, 0, 0, 0
0x0eba910497ba4ca01e691d9bfe6823d8ec3457f5, 0, 0, 0, 0, 0, 0
0x01e7a3829eab007c79b2e49b009217ac94fcea6d, 0, 0, 0, 0, 0, 0
0x5d02e188D7A922513F14b69D71af77c3B0Bc0551, 0, 0, 0, 0, 0, 0
0xfb5Bc0af330e64964210f148C8B06fde190565Cd, 0, 0, 0, 0, 0, 0
0xf518c72caa778ba9757b37b043a2c81e06e6ea7f, 0, 0, 0, 0, 0, 0
0x97a206f60438e92da0807b1c3182c390849f6b3d, 0, 0, 0, 0, 0, 0
0x905ade25B1f8f39Cf470E39c5A768EAF1f91Fd3e, 0, 0, 0, 0, 0, 0
0x153b5b235717354e2a8c3a19a0af26128a142d59, 0, 0, 0, 0, 0, 0
0x6c11ccf62Ba347549eAD21A3390DFa43ea238D78, 0, 0, 0, 0, 0, 0
0x05b2c0c67c3384b831a56d48f8aca588c566b8dd, 0, 0, 0, 0, 0, 0
0x9a0E53ED366fF1CBb13Ac179887B6b9A2deb9c51, 0, 0, 0, 0, 0, 0
0x5FC6b84f877B9FFF371950e3e825AC182f3d398d, 0, 0, 0, 0, 0, 0
0xd4c89791ef0fade72eaac6475296320b5572b28e, 0, 0, 0, 0, 0, 0
0x5aA86e9558F7701A90f343D90e0bC55AEb0046Df, 0, 0, 0, 0, 0, 0
0x5593f2f61E772d6153d0Eb9a2F0F51Bba7DCAB8a, 0, 0, 0, 0, 0, 0
0xC00DF57B3f0b80B58205627Bb1D2cD431c49e1A0, 0, 0, 0, 0, 0, 0
0x3145a839da643bd2a8b5af0a03f1c5ca2fcc7862, 0, 0, 0, 0, 0, 0
0xF811580Cf0c6B4503652dF726f13b0aea84DF050, 0, 0, 0, 0, 0, 0
0xE1b45a7FB3643e14e297f915789e24CE7C3Fd19F, 0, 0, 0, 0, 0, 0
0xeef45721f10d3b67008152350328154efa7cde8e, 0, 0, 0, 0, 0, 0
0xfdf2239453185f15374bc54a4737bab22720acf7, 0, 0, 0, 0, 0, 0
0xc8a8efea810c1ee79d8669653d17d9de7c22ad30, 0, 0, 0, 0, 0, 0
0x160ed9a82bde7ef06308fdfc96a7ed35bb6dcdd1, 0, 0, 0, 0, 0, 0
0xB138084CfDDDE661893b57A865F78ac62710F9B3, 0, 0, 0, 0, 0, 0
0xe29a8d906d01d667c5f735e1680f9c79685a7946, 0, 0, 0, 0, 0, 0
0x334f34c0c9db9450a3b043c8578285c0b0897a32, 0, 0, 0, 0, 0, 0
0xC51e219951E9a76751E812A59e003A548803B9D8, 0, 0, 0, 0, 0, 0
0xfc2bf4e3d77d8f95e3c0e5837b01d4720a04a6a0, 0, 0, 0, 0, 0, 0
0xb052e1f0a856b062285bafeb5e192b7b67e047de, 0, 0, 0, 0, 0, 0
0x3AD453aB9aEd17EBa23C4c4f8CeB18025CA6495a, 0, 0, 0, 0, 0, 0
0x75272b96b7685834ef49b406e6a333ea28b10860, 0, 0, 0, 0, 0, 0
0x7ae5597218a4f55bc660e9f95514b5edecd90daf, 0, 0, 0, 0, 0, 0
0xfa15c2d3ab938fcc90f1f1009b1bda2b3f48c1d4, 0, 0, 0, 0, 0, 0
0xb30aef19a72d235090100795dacfaf529813f1f3, 0, 0, 0, 0, 0, 0
0x1aae838689be723c36efe59bee351d60b4f3f9ae, 0, 0, 0, 0, 0, 0
0xd2fc2000e9bba1e700b7984db01ec8a881308ad5, 0, 0, 0, 0, 0, 0
0xE80CA594A2df9226Ad8cf582375eF00aa98B2884, 0, 0, 0, 0, 0, 0
0xeac7de44477c46f5bba4147ad5a3a10fee93688c, 0, 0, 0, 0, 0, 0
0x6672e4027d7a42187c7e69b8ccf5927ead0e5b7b, 0, 0, 0, 0, 0, 0
0xc044A45eb577A6F9Da46dcfb34EE3A68c1585837, 0, 0, 0, 0, 0, 0
0x517964d868560f6a0c5f9258c7fdf14d136abb96, 0, 0, 0, 0, 0, 0
0xbb86856e9ba03351c68953a6861ff30bdc1b9d9d, 0, 0, 0, 0, 0, 0
0x6412816b834caa82d8be0c601ea4aa60ed97a871, 0, 0, 0, 0, 0, 0
0xc0ed4685f365883efce05135e78f9e9e71fe194f, 0, 0, 0, 0, 0, 0
0x47a55198cd3f1b6dfa39e911f1dc20ecf9da9507, 0, 0, 0, 0, 0, 0
0xd45f8eab03fd454b8a2b7fd9a2ad372825ea59a6, 0, 0, 0, 0, 0, 0
0xb7e0bba8aa5807167036151db807d9624fae2078, 0, 0, 0, 0, 0, 0
0xd0Ec91D5389b63E4d1faa59269366233b4050235, 0, 0, 0, 0, 0, 0
0xb466E4c777d4A37c8fe0a2D47eF0D1FF5ca842A3, 0, 0, 0, 0, 0, 0
0x647cf62b24cfafdf57f52cb55081aca156958f98, 0, 0, 0, 0, 0, 0
