{
    "AccessControlUpgradeable": 1,
    "AccessControlUpgradeable_1": 2,
    "AccessControlUpgradeable_10": 3,
    "AccessControlUpgradeable_11": 4,
    "AccessControlUpgradeable_12": 5,
    "AccessControlUpgradeable_13": 6,
    "AccessControlUpgradeable_14": 7,
    "AccessControlUpgradeable_15": 8,
    "AccessControlUpgradeable_16": 9,
    "AccessControlUpgradeable_17": 10,
    "AccessControlUpgradeable_18": 11,
    "AccessControlUpgradeable_2": 12,
    "AccessControlUpgradeable_3": 13,
    "AccessControlUpgradeable_4": 14,
    "AccessControlUpgradeable_5": 15,
    "AccessControlUpgradeable_6": 16,
    "AccessControlUpgradeable_7": 17,
    "AccessControlUpgradeable_8": 18,
    "AccessControlUpgradeable_9": 19,
    "AddressUpgradeable": 20,
    "AddressUpgradeable_1": 21,
    "AddressUpgradeable_10": 22,
    "AddressUpgradeable_11": 23,
    "AddressUpgradeable_12": 24,
    "AddressUpgradeable_13": 25,
    "AddressUpgradeable_14": 26,
    "AddressUpgradeable_15": 27,
    "AddressUpgradeable_16": 28,
    "AddressUpgradeable_17": 29,
    "AddressUpgradeable_18": 30,
    "AddressUpgradeable_2": 31,
    "AddressUpgradeable_3": 32,
    "AddressUpgradeable_4": 33,
    "AddressUpgradeable_5": 34,
    "AddressUpgradeable_6": 35,
    "AddressUpgradeable_7": 36,
    "AddressUpgradeable_8": 37,
    "AddressUpgradeable_9": 38,
    "BridgeUpgradeable": 39,
    "BridgeUpgradeable_1": 40,
    "BridgeUpgradeable_2": 41,
    "BridgeUpgradeable_3": 42,
    "BridgeUpgradeable_4": 43,
    "BridgeUpgradeable_5": 44,
    "BridgeUpgradeable_6": 45,
    "ContextUpgradeable": 46,
    "ContextUpgradeable_1": 47,
    "ContextUpgradeable_10": 48,
    "ContextUpgradeable_11": 49,
    "ContextUpgradeable_12": 50,
    "ContextUpgradeable_13": 51,
    "ContextUpgradeable_14": 52,
    "ContextUpgradeable_15": 53,
    "ContextUpgradeable_16": 54,
    "ContextUpgradeable_17": 55,
    "ContextUpgradeable_18": 56,
    "ContextUpgradeable_2": 57,
    "ContextUpgradeable_3": 58,
    "ContextUpgradeable_4": 59,
    "ContextUpgradeable_5": 60,
    "ContextUpgradeable_6": 61,
    "ContextUpgradeable_7": 62,
    "ContextUpgradeable_8": 63,
    "ContextUpgradeable_9": 64,
    "CountersUpgradeable": 65,
    "CountersUpgradeable_1": 66,
    "ERC165Upgradeable": 67,
    "ERC165Upgradeable_1": 68,
    "ERC165Upgradeable_10": 69,
    "ERC165Upgradeable_11": 70,
    "ERC165Upgradeable_12": 71,
    "ERC165Upgradeable_13": 72,
    "ERC165Upgradeable_14": 73,
    "ERC165Upgradeable_15": 74,
    "ERC165Upgradeable_16": 75,
    "ERC165Upgradeable_17": 76,
    "ERC165Upgradeable_18": 77,
    "ERC165Upgradeable_2": 78,
    "ERC165Upgradeable_3": 79,
    "ERC165Upgradeable_4": 80,
    "ERC165Upgradeable_5": 81,
    "ERC165Upgradeable_6": 82,
    "ERC165Upgradeable_7": 83,
    "ERC165Upgradeable_8": 84,
    "ERC165Upgradeable_9": 85,
    "ERC1967Proxy": 86,
    "ERC1967UpgradeUpgradeable": 87,
    "ERC1967UpgradeUpgradeable_1": 88,
    "ERC1967UpgradeUpgradeable_10": 89,
    "ERC1967UpgradeUpgradeable_11": 90,
    "ERC1967UpgradeUpgradeable_2": 91,
    "ERC1967UpgradeUpgradeable_3": 92,
    "ERC1967UpgradeUpgradeable_4": 93,
    "ERC1967UpgradeUpgradeable_5": 94,
    "ERC1967UpgradeUpgradeable_6": 95,
    "ERC1967UpgradeUpgradeable_7": 96,
    "ERC1967UpgradeUpgradeable_8": 97,
    "ERC1967UpgradeUpgradeable_9": 98,
    "ERC20HandlerUpgradeable": 99,
    "ERC20HandlerUpgradeable_1": 100,
    "ERC20SafeUpgradeable": 101,
    "ERC20Upgradeable": 102,
    "ERC20Upgradeable_1": 103,
    "ERC20Upgradeable_2": 104,
    "ERC20Upgradeable_3": 105,
    "ERC2771ContextUpgradeable": 106,
    "FeeManagerGenericUpgradeable": 107,
    "GenericHandlerUpgradeable": 108,
    "GenericHandlerUpgradeable_1": 109,
    "HandlerHelpersUpgradeable": 110,
    "HandlerHelpersUpgradeable_1": 111,
    "HandlerReserveUpgradeable": 112,
    "IAccessControlUpgradeable": 113,
    "IAccessControlUpgradeable_1": 114,
    "IAccessControlUpgradeable_10": 115,
    "IAccessControlUpgradeable_11": 116,
    "IAccessControlUpgradeable_12": 117,
    "IAccessControlUpgradeable_13": 118,
    "IAccessControlUpgradeable_14": 119,
    "IAccessControlUpgradeable_15": 120,
    "IAccessControlUpgradeable_16": 121,
    "IAccessControlUpgradeable_17": 122,
    "IAccessControlUpgradeable_18": 123,
    "IAccessControlUpgradeable_2": 124,
    "IAccessControlUpgradeable_3": 125,
    "IAccessControlUpgradeable_4": 126,
    "IAccessControlUpgradeable_5": 127,
    "IAccessControlUpgradeable_6": 128,
    "IAccessControlUpgradeable_7": 129,
    "IAccessControlUpgradeable_8": 130,
    "IAccessControlUpgradeable_9": 131,
    "IAugustusSwapper": 132,
    "IBeaconUpgradeable": 133,
    "IBeaconUpgradeable_1": 134,
    "IBeaconUpgradeable_10": 135,
    "IBeaconUpgradeable_11": 136,
    "IBeaconUpgradeable_2": 137,
    "IBeaconUpgradeable_3": 138,
    "IBeaconUpgradeable_4": 139,
    "IBeaconUpgradeable_5": 140,
    "IBeaconUpgradeable_6": 141,
    "IBeaconUpgradeable_7": 142,
    "IBeaconUpgradeable_8": 143,
    "IBeaconUpgradeable_9": 144,
    "IBridge": 145,
    "IDepositExecute": 146,
    "IDepositExecute_1": 147,
    "IDepositExecute_2": 148,
    "IDepositExecute_3": 149,
    "IDepositExecute_4": 150,
    "IDepositExecute_5": 151,
    "IDepositExecute_6": 152,
    "IDepositExecute_7": 153,
    "IDepositExecute_8": 154,
    "IDepositExecute_9": 155,
    "IERC165Upgradeable": 156,
    "IERC165Upgradeable_1": 157,
    "IERC165Upgradeable_10": 158,
    "IERC165Upgradeable_11": 159,
    "IERC165Upgradeable_12": 160,
    "IERC165Upgradeable_13": 161,
    "IERC165Upgradeable_14": 162,
    "IERC165Upgradeable_15": 163,
    "IERC165Upgradeable_16": 164,
    "IERC165Upgradeable_17": 165,
    "IERC165Upgradeable_18": 166,
    "IERC165Upgradeable_2": 167,
    "IERC165Upgradeable_3": 168,
    "IERC165Upgradeable_4": 169,
    "IERC165Upgradeable_5": 170,
    "IERC165Upgradeable_6": 171,
    "IERC165Upgradeable_7": 172,
    "IERC165Upgradeable_8": 173,
    "IERC165Upgradeable_9": 174,
    "IERC20": 175,
    "IERC20MetadataUpgradeable": 176,
    "IERC20MetadataUpgradeable_1": 177,
    "IERC20MetadataUpgradeable_2": 178,
    "IERC20MetadataUpgradeable_3": 179,
    "IERC20MetadataUpgradeable_4": 180,
    "IERC20MetadataUpgradeable_5": 181,
    "IERC20MetadataUpgradeable_6": 182,
    "IERC20Upgradeable": 183,
    "IERC20Upgradeable_1": 184,
    "IERC20Upgradeable_10": 185,
    "IERC20Upgradeable_11": 186,
    "IERC20Upgradeable_12": 187,
    "IERC20Upgradeable_13": 188,
    "IERC20Upgradeable_14": 189,
    "IERC20Upgradeable_15": 190,
    "IERC20Upgradeable_16": 191,
    "IERC20Upgradeable_17": 192,
    "IERC20Upgradeable_18": 193,
    "IERC20Upgradeable_2": 194,
    "IERC20Upgradeable_3": 195,
    "IERC20Upgradeable_4": 196,
    "IERC20Upgradeable_5": 197,
    "IERC20Upgradeable_6": 198,
    "IERC20Upgradeable_7": 199,
    "IERC20Upgradeable_8": 200,
    "IERC20Upgradeable_9": 201,
    "IERC20_1": 202,
    "IERCHandler": 203,
    "IERCHandlerDecimals": 204,
    "IERCHandlerDecimals_1": 205,
    "IERCHandlerDecimals_2": 206,
    "IERCHandlerDecimals_3": 207,
    "IERCHandlerDecimals_4": 208,
    "IERCHandlerDecimals_5": 209,
    "IERCHandlerDecimals_6": 210,
    "IERCHandler_1": 211,
    "IERCHandler_2": 212,
    "IERCHandler_3": 213,
    "IERCHandler_4": 214,
    "IERCHandler_5": 215,
    "IERCHandler_6": 216,
    "IERCHandler_7": 217,
    "IERCHandler_8": 218,
    "IERCHandler_9": 219,
    "IEthHandler": 220,
    "IEthHandler_1": 221,
    "IFeeManager": 222,
    "IFeeManagerGeneric": 223,
    "IFeeManagerGeneric_1": 224,
    "IFeeManagerGeneric_2": 225,
    "IFeeManager_1": 226,
    "IGenericHandler": 227,
    "IGenericHandler_1": 228,
    "IGenericHandler_2": 229,
    "IGenericHandler_3": 230,
    "IGenericHandler_4": 231,
    "IGenericHandler_5": 232,
    "IGenericHandler_6": 233,
    "IGenericHandler_7": 234,
    "IGenericHandler_8": 235,
    "IHandlerReserve": 236,
    "IHandlerReserve_1": 237,
    "IHandlerReserve_2": 238,
    "ILiquidityPool": 239,
    "ILiquidityPool_1": 240,
    "ILiquidityPool_2": 241,
    "ILiquidityPool_3": 242,
    "ILiquidityPool_4": 243,
    "ILiquidityPool_5": 244,
    "ILiquidityPool_6": 245,
    "ILiquidityPool_7": 246,
    "ILiquidityPool_8": 247,
    "IMessageTransmitter": 248,
    "IOneSplit": 249,
    "IOneSplitWrap": 250,
    "IOneSplitWrap_1": 251,
    "IOneSplitWrap_2": 252,
    "ISequencerHandler": 253,
    "ISequencerHandler_1": 254,
    "ISequencerHandler_2": 255,
    "IUniswapExchange": 256,
    "IUniswapFactory": 257,
    "IUniswapV2Exchange": 258,
    "IUniswapV2Factory": 259,
    "IUsdcDepositAndBurn": 260,
    "IUsdcDepositAndBurn_1": 261,
    "IVoterUpgradeable": 262,
    "IVoterUpgradeable_1": 263,
    "IVoterUpgradeable_2": 264,
    "IVoterUpgradeable_3": 265,
    "IVoterUpgradeable_4": 266,
    "IVoterUpgradeable_5": 267,
    "IVoterUpgradeable_6": 268,
    "IWETH": 269,
    "IWETH_1": 270,
    "IWETH_10": 271,
    "IWETH_11": 272,
    "IWETH_2": 273,
    "IWETH_3": 274,
    "IWETH_4": 275,
    "IWETH_5": 276,
    "IWETH_6": 277,
    "IWETH_7": 278,
    "IWETH_8": 279,
    "IWETH_9": 280,
    "Initializable": 281,
    "Initializable_1": 282,
    "Initializable_10": 283,
    "Initializable_11": 284,
    "Initializable_12": 285,
    "Initializable_13": 286,
    "Initializable_14": 287,
    "Initializable_15": 288,
    "Initializable_16": 289,
    "Initializable_17": 290,
    "Initializable_18": 291,
    "Initializable_2": 292,
    "Initializable_3": 293,
    "Initializable_4": 294,
    "Initializable_5": 295,
    "Initializable_6": 296,
    "Initializable_7": 297,
    "Initializable_8": 298,
    "Initializable_9": 299,
    "MathUpgradeable": 300,
    "OneSplit": 301,
    "OwnableUpgradeable": 302,
    "PausableUpgradeable": 303,
    "PausableUpgradeable_1": 304,
    "PausableUpgradeable_2": 305,
    "PausableUpgradeable_3": 306,
    "PausableUpgradeable_4": 307,
    "PausableUpgradeable_5": 308,
    "PausableUpgradeable_6": 309,
    "PausableUpgradeable_7": 310,
    "PausableUpgradeable_8": 311,
    "ReentrancyGuardUpgradeable": 312,
    "ReentrancyGuardUpgradeable_1": 313,
    "ReentrancyGuardUpgradeable_2": 314,
    "ReentrancyGuardUpgradeable_3": 315,
    "ReentrancyGuardUpgradeable_4": 316,
    "ReentrancyGuardUpgradeable_5": 317,
    "ReentrancyGuardUpgradeable_6": 318,
    "ReentrancyGuardUpgradeable_7": 319,
    "RouterERC20Upgradable": 320,
    "RouterERC20UpgradableOld": 321,
    "SafeERC20Upgradeable": 322,
    "SafeERC20Upgradeable_1": 323,
    "SafeERC20Upgradeable_2": 324,
    "SafeERC20Upgradeable_3": 325,
    "SafeERC20Upgradeable_4": 326,
    "SafeMathUpgradeable": 327,
    "SafeMathUpgradeable_1": 328,
    "SafeMathUpgradeable_2": 329,
    "SafeMathUpgradeable_3": 330,
    "SequencerHandlerUpgradeable": 331,
    "StorageSlotUpgradeable": 332,
    "StorageSlotUpgradeable_1": 333,
    "StorageSlotUpgradeable_10": 334,
    "StorageSlotUpgradeable_11": 335,
    "StorageSlotUpgradeable_2": 336,
    "StorageSlotUpgradeable_3": 337,
    "StorageSlotUpgradeable_4": 338,
    "StorageSlotUpgradeable_5": 339,
    "StorageSlotUpgradeable_6": 340,
    "StorageSlotUpgradeable_7": 341,
    "StorageSlotUpgradeable_8": 342,
    "StorageSlotUpgradeable_9": 343,
    "StringsUpgradeable": 344,
    "StringsUpgradeable_1": 345,
    "StringsUpgradeable_10": 346,
    "StringsUpgradeable_11": 347,
    "StringsUpgradeable_12": 348,
    "StringsUpgradeable_13": 349,
    "StringsUpgradeable_14": 350,
    "StringsUpgradeable_15": 351,
    "StringsUpgradeable_16": 352,
    "StringsUpgradeable_17": 353,
    "StringsUpgradeable_18": 354,
    "StringsUpgradeable_2": 355,
    "StringsUpgradeable_3": 356,
    "StringsUpgradeable_4": 357,
    "StringsUpgradeable_5": 358,
    "StringsUpgradeable_6": 359,
    "StringsUpgradeable_7": 360,
    "StringsUpgradeable_8": 361,
    "StringsUpgradeable_9": 362,
    "TransferHelper": 363,
    "UUPSUpgradeable": 364,
    "UUPSUpgradeable_1": 365,
    "UUPSUpgradeable_10": 366,
    "UUPSUpgradeable_11": 367,
    "UUPSUpgradeable_2": 368,
    "UUPSUpgradeable_3": 369,
    "UUPSUpgradeable_4": 370,
    "UUPSUpgradeable_5": 371,
    "UUPSUpgradeable_6": 372,
    "UUPSUpgradeable_7": 373,
    "UUPSUpgradeable_8": 374,
    "UUPSUpgradeable_9": 375,
    "UniversalERC20": 376,
    "UsdcMinter": 377,
    "VoterUpgradeable": 378,
    "VoterUpgradeable_1": 379,
    "console": 380,
    "draft-IERC1822Upgradeable": 381,
    "iGBridge": 382,
    "iGBridge_1": 383,
    "iGBridge_2": 384,
    "iRouterCrossTalk": 385,
    "iRouterCrossTalk_1": 386,
    "iRouterCrossTalk_2": 387
}