{
    "AccessControl": 1,
    "AccessControlUpgradeable": 2,
    "Address": 3,
    "AddressUpgradeable": 4,
    "Bridge": 5,
    "BurnableToken": 6,
    "BurnableToken_1": 7,
    "BuyBackAndBurn": 8,
    "CanReclaimToken": 9,
    "CanReclaimToken_2": 10,
    "Claimable": 11,
    "Claimable_2": 12,
    "Context": 13,
    "ContextUpgradeable": 14,
    "CrossChainBridgeERC20": 15,
    "CrossChainBridgeERC20LiquidityManager": 16,
    "ERC165": 17,
    "ERC165Upgradeable": 18,
    "ERC1967Proxy": 19,
    "ERC1967UpgradeUpgradeable": 20,
    "ERC20": 21,
    "ERC20Basic": 22,
    "ERC20Basic_1": 23,
    "ERC20Burnable": 24,
    "ERC20If": 25,
    "ERC20If_1": 26,
    "ERC20Upgradeable": 27,
    "IAccessControl": 28,
    "IAccessControlUpgradeable": 29,
    "IBeaconUpgradeable": 30,
    "IBuyBackAndBurn": 31,
    "ICrossChainBridgeERC20": 32,
    "ICrossChainBridgeERC20LiquidityManager": 33,
    "IERC165": 34,
    "IERC165Upgradeable": 35,
    "IERC20": 36,
    "IERC20Metadata": 37,
    "IERC20MetadataUpgradeable": 38,
    "IERC20Upgradeable": 39,
    "IMultiSignatureOracle": 40,
    "INativeToken": 41,
    "IRouter": 42,
    "Initializable": 43,
    "LiquidityMiningPoolsV1": 44,
    "MemberMgrIf": 45,
    "MemberMgrIf_1": 46,
    "MintableERC20": 47,
    "MintableERC20_1": 48,
    "MintableERC20_2": 49,
    "MyPausable": 50,
    "MyPausableUpgradeable": 51,
    "NamedERC20": 52,
    "NamedERC20_1": 53,
    "Ownable": 54,
    "OwnableIf": 55,
    "OwnableIf_1": 56,
    "Ownable_2": 57,
    "Ownable_3": 58,
    "Pausable": 59,
    "PausableUpgradeable": 60,
    "PoolsInterestBearingToken": 61,
    "ReentrancyGuardUpgradeable": 62,
    "RewardPoolsV1": 63,
    "SafeERC20": 64,
    "SafeMathLib": 65,
    "SafeMathLib_1": 66,
    "StorageSlotUpgradeable": 67,
    "Strings": 68,
    "StringsUpgradeable": 69,
    "UUPSUpgradeable": 70,
    "ccBCH": 71,
    "ccBTC": 72,
    "ccToken": 73,
    "ccTokenControllerIf": 74,
    "ccTokenControllerIf_2": 75,
    "ccToken_2": 76,
    "console": 77
}