{
    "Address": 1,
    "AdminUpgradeabilityProxy": 2,
    "Bridge": 3,
    "BridgeUpgradeable": 4,
    "Bridge_1": 5,
    "Bridge_2": 6,
    "Bridge_3": 7,
    "Bridge_4": 8,
    "Bridge_5": 9,
    "Context": 10,
    "EMTR": 11,
    "EMTRG": 12,
    "EMTRGV1": 13,
    "EMTRV1": 14,
    "ERC20": 15,
    "ERC20Handler": 16,
    "ERC20HandlerUpgradeable": 17,
    "ERC20Handler_1": 18,
    "GenericHandler": 19,
    "GenericHandlerUpgradeable": 20,
    "GenericHandler_1": 21,
    "IERC20": 22,
    "MeterERC20Proxy": 23,
    "Ownable": 24,
    "Pausable": 25,
    "Proxy": 26,
    "Rescuable": 27,
    "SafeERC20": 28,
    "SafeMath": 29,
    "TransparentUpgradeableProxy": 30,
    "UpgradeabilityProxy": 31
}