{
    "Address": 1,
    "Context": 2,
    "Context_1": 3,
    "ERC20Template": 4,
    "EthCrossChainData": 5,
    "EthCrossChainManager": 6,
    "EthCrossChainManagerProxy": 7,
    "EthCrossChainManager_1": 8,
    "FiatTokenProxy": 9,
    "FiatTokenV2": 10,
    "IERC165": 11,
    "IERC165_1": 12,
    "IERC165_2": 13,
    "IERC20": 14,
    "IERC721": 15,
    "IERC721Enumerable": 16,
    "IERC721Enumerable_1": 17,
    "IERC721Metadata": 18,
    "IERC721Metadata_1": 19,
    "IERC721Metadata_2": 20,
    "IERC721Receiver": 21,
    "IERC721_1": 22,
    "IERC721_2": 23,
    "IEthCrossChainManager": 24,
    "IEthCrossChainManagerProxy": 25,
    "IPolyNFTLockProxy": 26,
    "IPolyNFTLockProxy_1": 27,
    "LockProxy": 28,
    "Ownable": 29,
    "Ownable_1": 30,
    "Pausable": 31,
    "PolyNFTLockProxy": 32,
    "PolyNFTQuery": 33,
    "PolyNFTWrapper": 34,
    "ReentrancyGuard": 35,
    "ReentrancyGuard_1": 36,
    "SafeERC20": 37,
    "SafeMath": 38,
    "SafeMath_1": 39,
    "SafeMath_2": 40,
    "TetherToken": 41,
    "Utils": 42,
    "Utils_1": 43,
    "ZeroCopySink": 44,
    "ZeroCopySink_1": 45,
    "ZeroCopySink_2": 46,
    "ZeroCopySource": 47,
    "ZeroCopySource_1": 48,
    "ZeroCopySource_2": 49,
    "copy": 50,
    "pONT": 51
}