file,original pragma version,compiled version,notes
DelayedOwnerContract_5.sol,^0.7.0,0.7.0,
DelayedTargetContract_6.sol,^0.7.0,0.7.0,
INDA_10.sol,^0.7.0,0.7.0,
ERC20Token_7.sol,^0.7.0,0.7.0,
LzDecompressorContract_8.sol,^0.7.0,0.7.0,
REP_5.sol,^0.7.0,0.7.0,
PoseidonContract_3.sol,^0.7.0,0.7.0,
ITokenSeller_5.sol,^0.7.0,0.7.0,
ERC20SafeTransfer_7.sol,^0.7.0,0.7.0,
IChiToken_8.sol,^0.7.0,0.7.0,
LzDecompressorContract.sol,^0.7.0,0.7.0,
INDA.sol,^0.7.0,0.7.0,
SafeCast_4.sol,^0.7.0,0.7.0,
FastWithdrawalLiquidityProvider_6.sol,^0.7.0,0.7.0,
IProtocolFeeVault_3.sol,^0.7.0,0.7.0,
DepositTransaction_4.sol,^0.7.0,0.7.0,
ExchangeBlocks_6.sol,^0.7.0,0.7.0,
AccountUpdateTransaction_7.sol,^0.7.0,0.7.0,
IKnowForwarderAddress.sol,^0.7.0,0.7.0,
LRCToken_9.sol,^0.7.0,0.7.0,
BurnableERC20_9.sol,^0.7.0,0.7.0,
Poseidon_1.sol,^0.7.0,0.7.0,
RDN_9.sol,^0.7.0,0.7.0,
AddressSet_1.sol,^0.7.0,0.7.0,
ExchangeAdmins_4.sol,^0.7.0,0.7.0,
ExchangeBlocks_10.sol,^0.7.0,0.7.0,
OwnerManagable_4.sol,^0.7.0,0.7.0,
LRC_6.sol,^0.7.0,0.7.0,
ProtocolFeeVault_8.sol,^0.7.0,0.7.0,
ReentrancyGuard_4.sol,^0.7.0,0.7.0,
ERC1271_7.sol,^0.7.0,0.7.0,
Claimable.sol,^0.7.0,0.7.0,
IBlockReceiver_1.sol,^0.7.0,0.7.0,
Claimable_8.sol,^0.7.0,0.7.0,
Claimable_9.sol,^0.7.0,0.7.0,
ERC1271_6.sol,^0.7.0,0.7.0,
SimpleProxy_1.sol,^0.7.0,0.7.0,
ReentrancyGuard_5.sol,^0.7.0,0.7.0,
ProtocolFeeVault_9.sol,^0.7.0,0.7.0,
LRC_7.sol,^0.7.0,0.7.0,
OwnerManagable_5.sol,^0.7.0,0.7.0,
INDB_1.sol,^0.7.0,0.7.0,
ExchangeAdmins_5.sol,^0.7.0,0.7.0,
RDN_8.sol,^0.7.0,0.7.0,
BurnableERC20_8.sol,^0.7.0,0.7.0,
LRCToken_8.sol,^0.7.0,0.7.0,
AccountUpdateTransaction_6.sol,^0.7.0,0.7.0,
ExchangeBlocks_7.sol,^0.7.0,0.7.0,
DepositTransaction_5.sol,^0.7.0,0.7.0,
IProtocolFeeVault_2.sol,^0.7.0,0.7.0,
ERC1271_10.sol,^0.7.0,0.7.0,
FastWithdrawalLiquidityProvider_7.sol,^0.7.0,0.7.0,
SafeCast_5.sol,^0.7.0,0.7.0,
IChiToken_9.sol,^0.7.0,0.7.0,
DepositTransaction.sol,^0.7.0,0.7.0,
ERC20SafeTransfer_6.sol,^0.7.0,0.7.0,
VerificationKeys_10.sol,^0.7.0,0.7.0,
PoseidonContract_2.sol,^0.7.0,0.7.0,
ITokenSeller_4.sol,^0.7.0,0.7.0,
REP_4.sol,^0.7.0,0.7.0,
ERC20Token_6.sol,^0.7.0,0.7.0,
DelayedTargetContract_7.sol,^0.7.0,0.7.0,
Drainable_1.sol,^0.7.0,0.7.0,
LzDecompressorContract_9.sol,^0.7.0,0.7.0,
DelayedOwnerContract_4.sol,^0.7.0,0.7.0,
DelayedOwnerContract_6.sol,^0.7.0,0.7.0,
REP_6.sol,^0.7.0,0.7.0,
EIP712_8.sol,^0.7.0,0.7.0,
Drainable_3.sol,^0.7.0,0.7.0,
DelayedTargetContract_5.sol,^0.7.0,0.7.0,
ERC20Token_4.sol,^0.7.0,0.7.0,
ERC20SafeTransfer_4.sol,^0.7.0,0.7.0,
AddressSet.sol,^0.7.0,0.7.0,
ITokenSeller_6.sol,^0.7.0,0.7.0,
DelayedOwnerContract.sol,^0.7.0,0.7.0,
ERC2612_10.sol,^0.7.0,0.7.0,
INDB.sol,^0.7.0,0.7.0,
SafeCast_7.sol,^0.7.0,0.7.0,
FastWithdrawalLiquidityProvider_5.sol,^0.7.0,0.7.0,
DepositTransaction_7.sol,^0.7.0,0.7.0,
IKnowForwarderAddress_9.sol,^0.7.0,0.7.0,
AccountUpdateTransaction_4.sol,^0.7.0,0.7.0,
ExchangeBlocks_5.sol,^0.7.0,0.7.0,
Poseidon_2.sol,^0.7.0,0.7.0,
MathUint248.sol,^0.7.0,0.7.0,
AgentRegistry_8.sol,^0.7.0,0.7.0,
ReentrancyGuard.sol,^0.7.0,0.7.0,
ExchangeAdmins_7.sol,^0.7.0,0.7.0,
INDB_3.sol,^0.7.0,0.7.0,
AddressSet_2.sol,^0.7.0,0.7.0,
IProtocolFeeVault_10.sol,^0.7.0,0.7.0,
LRC_5.sol,^0.7.0,0.7.0,
OwnerManagable_7.sol,^0.7.0,0.7.0,
ERC1271_4.sol,^0.7.0,0.7.0,
AgentRegistry.sol,^0.7.0,0.7.0,
ReentrancyGuard_7.sol,^0.7.0,0.7.0,
SimpleProxy_3.sol,^0.7.0,0.7.0,
Ownable_9.sol,^0.7.0,0.7.0,
IBlockReceiver_2.sol,^0.7.0,0.7.0,
ExchangeTokens.sol,^0.7.0,0.7.0,
DelayedTransaction_10.sol,^0.7.0,0.7.0,
IBlockReceiver_3.sol,^0.7.0,0.7.0,
Ownable_8.sol,^0.7.0,0.7.0,
ReentrancyGuard_6.sol,^0.7.0,0.7.0,
SimpleProxy_2.sol,^0.7.0,0.7.0,
ERC1271_5.sol,^0.7.0,0.7.0,
OwnerManagable_6.sol,^0.7.0,0.7.0,
LRC_4.sol,^0.7.0,0.7.0,
INDB_2.sol,^0.7.0,0.7.0,
ExchangeAdmins_6.sol,^0.7.0,0.7.0,
AddressSet_3.sol,^0.7.0,0.7.0,
AgentRegistry_9.sol,^0.7.0,0.7.0,
Poseidon_3.sol,^0.7.0,0.7.0,
ExchangeBlocks_4.sol,^0.7.0,0.7.0,
TEST_10.sol,^0.7.0,0.7.0,
AccountUpdateTransaction_5.sol,^0.7.0,0.7.0,
DepositTransaction_6.sol,^0.7.0,0.7.0,
IProtocolFeeVault_1.sol,^0.7.0,0.7.0,
IKnowForwarderAddress_8.sol,^0.7.0,0.7.0,
FastWithdrawalLiquidityProvider_4.sol,^0.7.0,0.7.0,
SafeCast_6.sol,^0.7.0,0.7.0,
IRelayRecipient_10.sol,^0.7.0,0.7.0,
ITokenSeller_7.sol,^0.7.0,0.7.0,
PoseidonContract_1.sol,^0.7.0,0.7.0,
ERC20SafeTransfer_5.sol,^0.7.0,0.7.0,
Drainable_2.sol,^0.7.0,0.7.0,
ERC20Token_5.sol,^0.7.0,0.7.0,
DelayedTargetContract_4.sol,^0.7.0,0.7.0,
EIP712_9.sol,^0.7.0,0.7.0,
REP_7.sol,^0.7.0,0.7.0,
DelayedOwnerContract_7.sol,^0.7.0,0.7.0,
REP_3.sol,^0.7.0,0.7.0,
ERC20Token_1.sol,^0.7.0,0.7.0,
ZeroDecompressorContract_9.sol,^0.7.0,0.7.0,
Drainable_6.sol,^0.7.0,0.7.0,
DummyToken_8.sol,^0.7.0,0.7.0,
DelayedOwnerContract_3.sol,^0.7.0,0.7.0,
AgentRegistry_10.sol,^0.7.0,0.7.0,
ERC20SafeTransfer_1.sol,^0.7.0,0.7.0,
PoseidonContract_5.sol,^0.7.0,0.7.0,
ITokenSeller_3.sol,^0.7.0,0.7.0,
Proxy_8.sol,^0.7.0,0.7.0,
SafeCast_2.sol,^0.7.0,0.7.0,
MathUint_8.sol,^0.7.0,0.7.0,
IProtocolFeeVault_5.sol,^0.7.0,0.7.0,
DepositTransaction_2.sol,^0.7.0,0.7.0,
Poseidon_7.sol,^0.7.0,0.7.0,
Create2_10.sol,^0.7.0,0.7.0,
AccountUpdateTransaction_1.sol,^0.7.0,0.7.0,
SignatureUtil_10.sol,^0.7.0,0.7.0,
PoseidonContract_10.sol,^0.7.0,0.7.0,
AddressSet_7.sol,^0.7.0,0.7.0,
ExchangeAdmins_2.sol,^0.7.0,0.7.0,
INDB_6.sol,^0.7.0,0.7.0,
ERC1271_1.sol,^0.7.0,0.7.0,
SimpleProxy_6.sol,^0.7.0,0.7.0,
ReentrancyGuard_2.sol,^0.7.0,0.7.0,
IRelayRecipient_8.sol,^0.7.0,0.7.0,
ERC20.sol,^0.7.0,0.7.0,
OwnerManagable_2.sol,^0.7.0,0.7.0,
IBlockReceiver_7.sol,^0.7.0,0.7.0,
IBlockReceiver_6.sol,^0.7.0,0.7.0,
OwnerManagable_3.sol,^0.7.0,0.7.0,
LRC_1.sol,^0.7.0,0.7.0,
IRelayRecipient_9.sol,^0.7.0,0.7.0,
SimpleProxy_7.sol,^0.7.0,0.7.0,
ReentrancyGuard_3.sol,^0.7.0,0.7.0,
ReentrancyGuard_10.sol,^0.7.0,0.7.0,
WETH_10.sol,^0.7.0,0.7.0,
ILoopringV3.sol,^0.7.0,0.7.0,
AddressSet_6.sol,^0.7.0,0.7.0,
INDB_7.sol,^0.7.0,0.7.0,
ExchangeAdmins_3.sol,^0.7.0,0.7.0,
ExchangeBlocks_1.sol,^0.7.0,0.7.0,
Poseidon_6.sol,^0.7.0,0.7.0,
DepositTransaction_3.sol,^0.7.0,0.7.0,
IProtocolFeeVault_4.sol,^0.7.0,0.7.0,
ExchangeSignatures.sol,^0.7.0,0.7.0,
MathUint_9.sol,^0.7.0,0.7.0,
SafeCast_3.sol,^0.7.0,0.7.0,
FastWithdrawalLiquidityProvider_1.sol,^0.7.0,0.7.0,
Proxy_9.sol,^0.7.0,0.7.0,
DelayedOwner.sol,^0.7.0,0.7.0,
WithdrawTransaction_10.sol,^0.7.0,0.7.0,
PoseidonContract_4.sol,^0.7.0,0.7.0,
DummyToken.sol,^0.7.0,0.7.0,
ITokenSeller_2.sol,^0.7.0,0.7.0,
Migrations_10.sol,^0.7.0,0.7.0,
AccountUpdateTransaction_10.sol,^0.7.0,0.7.0,
DelayedOwnerContract_2.sol,^0.7.0,0.7.0,
RDN_10.sol,^0.7.0,0.7.0,
DummyToken_9.sol,^0.7.0,0.7.0,
DelayedTargetContract_1.sol,^0.7.0,0.7.0,
Drainable_7.sol,^0.7.0,0.7.0,
ZeroDecompressorContract_8.sol,^0.7.0,0.7.0,
REP_2.sol,^0.7.0,0.7.0,
ExchangeBalances_8.sol,^0.7.0,0.7.0,
Claimable_10.sol,^0.7.0,0.7.0,
Drainable_5.sol,^0.7.0,0.7.0,
DelayedTargetContract_3.sol,^0.7.0,0.7.0,
ERC20Token_2.sol,^0.7.0,0.7.0,
GTO_9.sol,^0.7.0,0.7.0,
DelayedTargetContract_10.sol,^0.7.0,0.7.0,
ExchangeData_9.sol,^0.7.0,0.7.0,
PoseidonContract_6.sol,^0.7.0,0.7.0,
WETH_9.sol,^0.7.0,0.7.0,
ERC20SafeTransfer_2.sol,^0.7.0,0.7.0,
FastWithdrawalLiquidityProvider_3.sol,^0.7.0,0.7.0,
SafeCast_1.sol,^0.7.0,0.7.0,
AddressUtil_9.sol,^0.7.0,0.7.0,
TEST_9.sol,^0.7.0,0.7.0,
IProtocolFeeVault_6.sol,^0.7.0,0.7.0,
DepositTransaction_1.sol,^0.7.0,0.7.0,
RDN.sol,^0.7.0,0.7.0,
Poseidon_4.sol,^0.7.0,0.7.0,
ExchangeBlocks_3.sol,^0.7.0,0.7.0,
ExchangeDeposits_9.sol,^0.7.0,0.7.0,
AccountUpdateTransaction_2.sol,^0.7.0,0.7.0,
ExchangeBlocks.sol,^0.7.0,0.7.0,
ExchangeAdmins_1.sol,^0.7.0,0.7.0,
INDB_5.sol,^0.7.0,0.7.0,
AddressSet_4.sol,^0.7.0,0.7.0,
ReentrancyGuard_1.sol,^0.7.0,0.7.0,
SimpleProxy_5.sol,^0.7.0,0.7.0,
ERC1271_2.sol,^0.7.0,0.7.0,
OwnerManagable_1.sol,^0.7.0,0.7.0,
LRC_3.sol,^0.7.0,0.7.0,
IAgentRegistry_8.sol,^0.7.0,0.7.0,
IBlockReceiver_4.sol,^0.7.0,0.7.0,
IBlockReceiver_5.sol,^0.7.0,0.7.0,
IAgentRegistry_9.sol,^0.7.0,0.7.0,
LRC_2.sol,^0.7.0,0.7.0,
ERC1271_3.sol,^0.7.0,0.7.0,
SimpleProxy_4.sol,^0.7.0,0.7.0,
INDB_4.sol,^0.7.0,0.7.0,
AddressSet_5.sol,^0.7.0,0.7.0,
AccountUpdateTransaction_3.sol,^0.7.0,0.7.0,
ExchangeDeposits_8.sol,^0.7.0,0.7.0,
ExchangeBlocks_2.sol,^0.7.0,0.7.0,
Poseidon_5.sol,^0.7.0,0.7.0,
ITokenSeller_10.sol,^0.7.0,0.7.0,
IProtocolFeeVault_7.sol,^0.7.0,0.7.0,
MathUint248_10.sol,^0.7.0,0.7.0,
MathUint.sol,^0.7.0,0.7.0,
TEST_8.sol,^0.7.0,0.7.0,
ExchangeAdmins_10.sol,^0.7.0,0.7.0,
AddressUtil_8.sol,^0.7.0,0.7.0,
FastWithdrawalLiquidityProvider_2.sol,^0.7.0,0.7.0,
ERC20SafeTransfer_3.sol,^0.7.0,0.7.0,
WETH_8.sol,^0.7.0,0.7.0,
ITokenSeller_1.sol,^0.7.0,0.7.0,
PoseidonContract_7.sol,^0.7.0,0.7.0,
ExchangeData_8.sol,^0.7.0,0.7.0,
ExchangeWithdrawals_10.sol,^0.7.0,0.7.0,
DelayedOwnerContract_1.sol,^0.7.0,0.7.0,
GTO_8.sol,^0.7.0,0.7.0,
REP_1.sol,^0.7.0,0.7.0,
Drainable_4.sol,^0.7.0,0.7.0,
ExchangeBalances_9.sol,^0.7.0,0.7.0,
ERC20Token_3.sol,^0.7.0,0.7.0,
DelayedTargetContract_2.sol,^0.7.0,0.7.0,
OwnerManagable.sol,^0.7.0,0.7.0,
IDelayedTransaction.sol,^0.7.0,0.7.0,
TransferContract_1.sol,^0.7.0,0.7.0,
BurnableERC20_10.sol,^0.7.0,0.7.0,
LzDecompressor_10.sol,^0.7.0,0.7.0,
SignatureUtil_1.sol,^0.7.0,0.7.0,
MathUint96_5.sol,^0.7.0,0.7.0,
WithdrawTransaction_6.sol,^0.7.0,0.7.0,
BlockVerifier_6.sol,^0.7.0,0.7.0,
INDA_1.sol,^0.7.0,0.7.0,
ExchangeWithdrawals_1.sol,^0.7.0,0.7.0,
ExchangeMode_9.sol,^0.7.0,0.7.0,
ExchangeTokens_1.sol,^0.7.0,0.7.0,
DelayedTransaction_8.sol,^0.7.0,0.7.0,
BlockReader_2.sol,^0.7.0,0.7.0,
ExchangeSignatures_1.sol,^0.7.0,0.7.0,
FastWithdrawalLiquidityProvider_10.sol,^0.7.0,0.7.0,
Drainable_10.sol,^0.7.0,0.7.0,
IDepositContract_3.sol,^0.7.0,0.7.0,
LPERC20_3.sol,^0.7.0,0.7.0,
DelayedOwner_2.sol,^0.7.0,0.7.0,
MockContract_10.sol,^0.7.0,0.7.0,
LoopringIOExchangeOwner_10.sol,^0.7.0,0.7.0,
OwnedUpgradabilityProxy_7.sol,^0.7.0,0.7.0,
MockContract_7.sol,^0.7.0,0.7.0,
IExchangeV3_8.sol,^0.7.0,0.7.0,
LzDecompressorContract_10.sol,^0.7.0,0.7.0,
BaseRelayRecipient_7.sol,^0.7.0,0.7.0,
UpgradabilityProxy_5.sol,^0.7.0,0.7.0,
ExchangeGenesis_5.sol,^0.7.0,0.7.0,
LzDecompressor_5.sol,^0.7.0,0.7.0,
ILoopringV3_6.sol,^0.7.0,0.7.0,
Migrations_6.sol,^0.7.0,0.7.0,
Verifier_8.sol,^0.7.0,0.7.0,
MathUint248_4.sol,^0.7.0,0.7.0,
DefaultDepositContract_1.sol,^0.7.0,0.7.0,
MathUint248_5.sol,^0.7.0,0.7.0,
Verifier_9.sol,^0.7.0,0.7.0,
ExchangeSignatures_10.sol,^0.7.0,0.7.0,
Migrations_7.sol,^0.7.0,0.7.0,
ERC20_10.sol,^0.7.0,0.7.0,
Ownable.sol,^0.7.0,0.7.0,
ILoopringV3_7.sol,^0.7.0,0.7.0,
LzDecompressor_4.sol,^0.7.0,0.7.0,
ExchangeGenesis_4.sol,^0.7.0,0.7.0,
UpgradabilityProxy_4.sol,^0.7.0,0.7.0,
BaseRelayRecipient_6.sol,^0.7.0,0.7.0,
IExchangeV3_9.sol,^0.7.0,0.7.0,
MockContract_6.sol,^0.7.0,0.7.0,
OwnedUpgradabilityProxy_6.sol,^0.7.0,0.7.0,
REP_10.sol,^0.7.0,0.7.0,
ExchangeDeposits.sol,^0.7.0,0.7.0,
LPERC20_2.sol,^0.7.0,0.7.0,
ERC20Token.sol,^0.7.0,0.7.0,
DelayedOwner_3.sol,^0.7.0,0.7.0,
ERC2612_1.sol,^0.7.0,0.7.0,
IBlockVerifier_1.sol,^0.7.0,0.7.0,
ForcedWithdrawalAgent.sol,^0.7.0,0.7.0,
IDepositContract_2.sol,^0.7.0,0.7.0,
ExchangeGenesis.sol,^0.7.0,0.7.0,
BlockReader_3.sol,^0.7.0,0.7.0,
DelayedTransaction_9.sol,^0.7.0,0.7.0,
ExchangeMode_8.sol,^0.7.0,0.7.0,
BlockVerifier_7.sol,^0.7.0,0.7.0,
LoopringV3_1.sol,^0.7.0,0.7.0,
MathUint96_4.sol,^0.7.0,0.7.0,
WithdrawTransaction_7.sol,^0.7.0,0.7.0,
SimpleProxy.sol,^0.7.0,0.7.0,
TransferContract_2.sol,^0.7.0,0.7.0,
Create2_8.sol,^0.7.0,0.7.0,
ExchangeWithdrawals_2.sol,^0.7.0,0.7.0,
BlockVerifier_5.sol,^0.7.0,0.7.0,
INDA_2.sol,^0.7.0,0.7.0,
WithdrawTransaction_5.sol,^0.7.0,0.7.0,
BatchVerifier_9.sol,^0.7.0,0.7.0,
SignatureUtil_2.sol,^0.7.0,0.7.0,
MathUint96_6.sol,^0.7.0,0.7.0,
LoopringV3_3.sol,^0.7.0,0.7.0,
SelectorBasedAccessManager_8.sol,^0.7.0,0.7.0,
ExchangeTokens_2.sol,^0.7.0,0.7.0,
ExchangeSignatures_2.sol,^0.7.0,0.7.0,
BlockReader_1.sol,^0.7.0,0.7.0,
ERC2612_3.sol,^0.7.0,0.7.0,
IBlockVerifier_3.sol,^0.7.0,0.7.0,
DelayedOwner_1.sol,^0.7.0,0.7.0,
OwnedUpgradabilityProxy_4.sol,^0.7.0,0.7.0,
MockContract_4.sol,^0.7.0,0.7.0,
TransferContract.sol,^0.7.0,0.7.0,
IRelayRecipient.sol,^0.7.0,0.7.0,
BaseRelayRecipient_4.sol,^0.7.0,0.7.0,
ExchangeGenesis_6.sol,^0.7.0,0.7.0,
UpgradabilityProxy_6.sol,^0.7.0,0.7.0,
LzDecompressor_6.sol,^0.7.0,0.7.0,
IDepositContract.sol,^0.7.0,0.7.0,
ILoopringV3_5.sol,^0.7.0,0.7.0,
Migrations_5.sol,^0.7.0,0.7.0,
Cloneable_10.sol,^0.7.0,0.7.0,
BlockReader_10.sol,^0.7.0,0.7.0,
DefaultDepositContract_3.sol,^0.7.0,0.7.0,
MathUint248_7.sol,^0.7.0,0.7.0,
MathUint248_6.sol,^0.7.0,0.7.0,
DefaultDepositContract_2.sol,^0.7.0,0.7.0,
Migrations_4.sol,^0.7.0,0.7.0,
ILoopringV3_4.sol,^0.7.0,0.7.0,
TestAccountContract_10.sol,^0.7.0,0.7.0,
LRC.sol,^0.7.0,0.7.0,
LzDecompressor_7.sol,^0.7.0,0.7.0,
UpgradabilityProxy_7.sol,^0.7.0,0.7.0,
ExchangeGenesis_7.sol,^0.7.0,0.7.0,
BaseRelayRecipient_5.sol,^0.7.0,0.7.0,
IProtocolFeeVault.sol,^0.7.0,0.7.0,
MockContract_5.sol,^0.7.0,0.7.0,
OwnedUpgradabilityProxy_5.sol,^0.7.0,0.7.0,
LPERC20_1.sol,^0.7.0,0.7.0,
IDepositContract_1.sol,^0.7.0,0.7.0,
IBlockVerifier_2.sol,^0.7.0,0.7.0,
ERC2612_2.sol,^0.7.0,0.7.0,
ExchangeSignatures_3.sol,^0.7.0,0.7.0,
ExchangeTokens_3.sol,^0.7.0,0.7.0,
SelectorBasedAccessManager_9.sol,^0.7.0,0.7.0,
BatchVerifier_8.sol,^0.7.0,0.7.0,
WithdrawTransaction_4.sol,^0.7.0,0.7.0,
MathUint96_7.sol,^0.7.0,0.7.0,
LoopringV3_2.sol,^0.7.0,0.7.0,
SignatureUtil_3.sol,^0.7.0,0.7.0,
ExchangeWithdrawals_3.sol,^0.7.0,0.7.0,
ERC20SafeTransfer_10.sol,^0.7.0,0.7.0,
INDA_3.sol,^0.7.0,0.7.0,
BlockVerifier_4.sol,^0.7.0,0.7.0,
IKnowForwarderAddress_10.sol,^0.7.0,0.7.0,
Create2_9.sol,^0.7.0,0.7.0,
TransferContract_3.sol,^0.7.0,0.7.0,
TransferContract_10.sol,^0.7.0,0.7.0,
TransferContract_7.sol,^0.7.0,0.7.0,
INDA_7.sol,^0.7.0,0.7.0,
Cloneable_9.sol,^0.7.0,0.7.0,
ExchangeWithdrawals_7.sol,^0.7.0,0.7.0,
FloatUtil.sol,^0.7.0,0.7.0,
SignatureUtil_7.sol,^0.7.0,0.7.0,
LoopringV3_6.sol,^0.7.0,0.7.0,
MathUint96_3.sol,^0.7.0,0.7.0,
BlockReader_4.sol,^0.7.0,0.7.0,
ExchangeSignatures_7.sol,^0.7.0,0.7.0,
MigrationToLoopringExchangeV2_9.sol,^0.7.0,0.7.0,
ExchangeTokens_7.sol,^0.7.0,0.7.0,
LPERC20_5.sol,^0.7.0,0.7.0,
DelayedOwner_4.sol,^0.7.0,0.7.0,
MigrationToLoopringExchangeV2_10.sol,^0.7.0,0.7.0,
ZeroDecompressor_10.sol,^0.7.0,0.7.0,
Verifier.sol,^0.7.0,0.7.0,
ERC2612_6.sol,^0.7.0,0.7.0,
ExchangeV3_8.sol,^0.7.0,0.7.0,
IBlockVerifier_6.sol,^0.7.0,0.7.0,
IDepositContract_5.sol,^0.7.0,0.7.0,
AggregatorInterface_10.sol,^0.7.0,0.7.0,
BaseRelayRecipient_1.sol,^0.7.0,0.7.0,
OwnedUpgradabilityProxy_1.sol,^0.7.0,0.7.0,
MockContract_1.sol,^0.7.0,0.7.0,
LzDecompressor_3.sol,^0.7.0,0.7.0,
ExchangeGenesis_3.sol,^0.7.0,0.7.0,
UpgradabilityProxy_3.sol,^0.7.0,0.7.0,
TestAccountContract_8.sol,^0.7.0,0.7.0,
Migrations.sol,^0.7.0,0.7.0,
LoopringIOExchangeOwner_9.sol,^0.7.0,0.7.0,
GTO_10.sol,^0.7.0,0.7.0,
DefaultDepositContract_6.sol,^0.7.0,0.7.0,
FloatUtil_8.sol,^0.7.0,0.7.0,
MathUint248_2.sol,^0.7.0,0.7.0,
LPERC20_10.sol,^0.7.0,0.7.0,
Migrations_1.sol,^0.7.0,0.7.0,
MathUint248_3.sol,^0.7.0,0.7.0,
FloatUtil_9.sol,^0.7.0,0.7.0,
DefaultDepositContract_7.sol,^0.7.0,0.7.0,
LoopringIOExchangeOwner_8.sol,^0.7.0,0.7.0,
ILoopringV3_1.sol,^0.7.0,0.7.0,
TestAccountContract_9.sol,^0.7.0,0.7.0,
ExchangeMode.sol,^0.7.0,0.7.0,
UpgradabilityProxy_2.sol,^0.7.0,0.7.0,
ExchangeGenesis_2.sol,^0.7.0,0.7.0,
LzDecompressor_2.sol,^0.7.0,0.7.0,
ExchangeV3.sol,^0.7.0,0.7.0,
ExchangeMode_10.sol,^0.7.0,0.7.0,
IBlockVerifier_7.sol,^0.7.0,0.7.0,
IDepositContract_4.sol,^0.7.0,0.7.0,
ExchangeV3_9.sol,^0.7.0,0.7.0,
ERC2612_7.sol,^0.7.0,0.7.0,
LPERC20_4.sol,^0.7.0,0.7.0,
DelayedOwner_5.sol,^0.7.0,0.7.0,
ExchangeTokens_6.sol,^0.7.0,0.7.0,
MigrationToLoopringExchangeV2_8.sol,^0.7.0,0.7.0,
BlockReader_5.sol,^0.7.0,0.7.0,
ExchangeSignatures_6.sol,^0.7.0,0.7.0,
ERC2612.sol,^0.7.0,0.7.0,
LoopringV3_7.sol,^0.7.0,0.7.0,
MathUint96_2.sol,^0.7.0,0.7.0,
SignatureUtil_6.sol,^0.7.0,0.7.0,
WithdrawTransaction_1.sol,^0.7.0,0.7.0,
BlockVerifier_1.sol,^0.7.0,0.7.0,
INDA_6.sol,^0.7.0,0.7.0,
ExchangeWithdrawals_6.sol,^0.7.0,0.7.0,
Cloneable_8.sol,^0.7.0,0.7.0,
TransferContract_6.sol,^0.7.0,0.7.0,
TransferContract_4.sol,^0.7.0,0.7.0,
IDelayedTransaction_9.sol,^0.7.0,0.7.0,
WithdrawTransaction_3.sol,^0.7.0,0.7.0,
VerificationKeys_8.sol,^0.7.0,0.7.0,
SignatureUtil_4.sol,^0.7.0,0.7.0,
LoopringV3_5.sol,^0.7.0,0.7.0,
ExchangeWithdrawals_4.sol,^0.7.0,0.7.0,
INDA_4.sol,^0.7.0,0.7.0,
BlockVerifier_3.sol,^0.7.0,0.7.0,
ExchangeSignatures_4.sol,^0.7.0,0.7.0,
BlockReader_7.sol,^0.7.0,0.7.0,
OwnedUpgradabilityProxy_10.sol,^0.7.0,0.7.0,
ExchangeTokens_4.sol,^0.7.0,0.7.0,
ForcedWithdrawalAgent_8.sol,^0.7.0,0.7.0,
AggregatorInterface_8.sol,^0.7.0,0.7.0,
DelayedOwner_7.sol,^0.7.0,0.7.0,
ERC20_9.sol,^0.7.0,0.7.0,
LPERC20_6.sol,^0.7.0,0.7.0,
IDepositContract_6.sol,^0.7.0,0.7.0,
IBlockVerifier_5.sol,^0.7.0,0.7.0,
ERC2612_5.sol,^0.7.0,0.7.0,
BytesUtil_9.sol,^0.7.0,0.7.0,
BaseRelayRecipient_2.sol,^0.7.0,0.7.0,
ERC20SafeTransfer.sol,^0.7.0,0.7.0,
IBlockVerifier_10.sol,^0.7.0,0.7.0,
OwnedUpgradabilityProxy_2.sol,^0.7.0,0.7.0,
MockContract_2.sol,^0.7.0,0.7.0,
FastWithdrawalAgent_8.sol,^0.7.0,0.7.0,
GTO.sol,^0.7.0,0.7.0,
ILoopringV3_3.sol,^0.7.0,0.7.0,
DummyToken_10.sol,^0.7.0,0.7.0,
ZeroDecompressor_9.sol,^0.7.0,0.7.0,
ERC20Token_10.sol,^0.7.0,0.7.0,
MathUint248_1.sol,^0.7.0,0.7.0,
IAgentRegistry.sol,^0.7.0,0.7.0,
DefaultDepositContract_5.sol,^0.7.0,0.7.0,
Migrations_3.sol,^0.7.0,0.7.0,
Migrations_2.sol,^0.7.0,0.7.0,
DefaultDepositContract_4.sol,^0.7.0,0.7.0,
ZeroDecompressor_8.sol,^0.7.0,0.7.0,
AddressUtil.sol,^0.7.0,0.7.0,
ILoopringV3_2.sol,^0.7.0,0.7.0,
ExchangeGenesis_1.sol,^0.7.0,0.7.0,
UpgradabilityProxy_1.sol,^0.7.0,0.7.0,
LzDecompressor_1.sol,^0.7.0,0.7.0,
FastWithdrawalAgent_9.sol,^0.7.0,0.7.0,
MockContract_3.sol,^0.7.0,0.7.0,
OwnedUpgradabilityProxy_3.sol,^0.7.0,0.7.0,
BaseRelayRecipient_3.sol,^0.7.0,0.7.0,
BytesUtil_8.sol,^0.7.0,0.7.0,
FastWithdrawalAgent.sol,^0.7.0,0.7.0,
ERC2612_4.sol,^0.7.0,0.7.0,
IDepositContract_7.sol,^0.7.0,0.7.0,
IBlockVerifier_4.sol,^0.7.0,0.7.0,
BatchVerifier_10.sol,^0.7.0,0.7.0,
DelayedOwner_6.sol,^0.7.0,0.7.0,
ForcedWithdrawalAgent_10.sol,^0.7.0,0.7.0,
LPERC20_7.sol,^0.7.0,0.7.0,
ERC20_8.sol,^0.7.0,0.7.0,
AggregatorInterface_9.sol,^0.7.0,0.7.0,
ExchangeTokens_5.sol,^0.7.0,0.7.0,
ForcedWithdrawalAgent_9.sol,^0.7.0,0.7.0,
ExchangeSignatures_5.sol,^0.7.0,0.7.0,
BlockReader_6.sol,^0.7.0,0.7.0,
BaseRelayRecipient_10.sol,^0.7.0,0.7.0,
ExchangeWithdrawals_5.sol,^0.7.0,0.7.0,
BlockVerifier_2.sol,^0.7.0,0.7.0,
INDA_5.sol,^0.7.0,0.7.0,
VerificationKeys_9.sol,^0.7.0,0.7.0,
WithdrawTransaction_2.sol,^0.7.0,0.7.0,
MathUint96_1.sol,^0.7.0,0.7.0,
LoopringV3_4.sol,^0.7.0,0.7.0,
SignatureUtil_5.sol,^0.7.0,0.7.0,
IDelayedTransaction_8.sol,^0.7.0,0.7.0,
ExchangeBalances_10.sol,^0.7.0,0.7.0,
TransferContract_5.sol,^0.7.0,0.7.0,
TransferContract_8.sol,^0.7.0,0.7.0,
IDelayedTransaction_5.sol,^0.7.0,0.7.0,
Cloneable_6.sol,^0.7.0,0.7.0,
ExchangeWithdrawals_8.sol,^0.7.0,0.7.0,
INDA_8.sol,^0.7.0,0.7.0,
VerificationKeys_4.sol,^0.7.0,0.7.0,
BatchVerifier_3.sol,^0.7.0,0.7.0,
LoopringV3_9.sol,^0.7.0,0.7.0,
SignatureUtil_8.sol,^0.7.0,0.7.0,
Create2_2.sol,^0.7.0,0.7.0,
Proxy.sol,^0.7.0,0.7.0,
ExchangeSignatures_8.sol,^0.7.0,0.7.0,
MigrationToLoopringExchangeV2_6.sol,^0.7.0,0.7.0,
SelectorBasedAccessManager_2.sol,^0.7.0,0.7.0,
DelayedTransaction_1.sol,^0.7.0,0.7.0,
ExchangeTokens_8.sol,^0.7.0,0.7.0,
ForcedWithdrawalAgent_4.sol,^0.7.0,0.7.0,
ERC20_5.sol,^0.7.0,0.7.0,
AggregatorInterface_4.sol,^0.7.0,0.7.0,
ExchangeBalances.sol,^0.7.0,0.7.0,
ExchangeV3_7.sol,^0.7.0,0.7.0,
ERC2612_9.sol,^0.7.0,0.7.0,
IBlockVerifier_9.sol,^0.7.0,0.7.0,
BytesUtil_5.sol,^0.7.0,0.7.0,
IBlockVerifier.sol,^0.7.0,0.7.0,
ZeroDecompressor.sol,^0.7.0,0.7.0,
IExchangeV3_1.sol,^0.7.0,0.7.0,
FastWithdrawalAgent_4.sol,^0.7.0,0.7.0,
DepositTransaction_10.sol,^0.7.0,0.7.0,
TestAccountContract_7.sol,^0.7.0,0.7.0,
LoopringIOExchangeOwner_6.sol,^0.7.0,0.7.0,
ZeroDecompressor_5.sol,^0.7.0,0.7.0,
IBlockReceiver_10.sol,^0.7.0,0.7.0,
FloatUtil_7.sol,^0.7.0,0.7.0,
DefaultDepositContract_9.sol,^0.7.0,0.7.0,
Verifier_1.sol,^0.7.0,0.7.0,
IAgentRegistry_10.sol,^0.7.0,0.7.0,
DefaultDepositContract_8.sol,^0.7.0,0.7.0,
FloatUtil_6.sol,^0.7.0,0.7.0,
ZeroDecompressor_4.sol,^0.7.0,0.7.0,
LoopringIOExchangeOwner_7.sol,^0.7.0,0.7.0,
DelayedTargetContract.sol,^0.7.0,0.7.0,
TestAccountContract_6.sol,^0.7.0,0.7.0,
MathUint96_10.sol,^0.7.0,0.7.0,
FastWithdrawalAgent_5.sol,^0.7.0,0.7.0,
BlockReader.sol,^0.7.0,0.7.0,
BytesUtil_4.sol,^0.7.0,0.7.0,
VerificationKeys.sol,^0.7.0,0.7.0,
ExchangeGenesis_10.sol,^0.7.0,0.7.0,
ExchangeData_10.sol,^0.7.0,0.7.0,
IBlockVerifier_8.sol,^0.7.0,0.7.0,
ERC2612_8.sol,^0.7.0,0.7.0,
ExchangeV3_6.sol,^0.7.0,0.7.0,
AggregatorInterface_5.sol,^0.7.0,0.7.0,
ERC20_4.sol,^0.7.0,0.7.0,
ExchangeTokens_9.sol,^0.7.0,0.7.0,
ForcedWithdrawalAgent_5.sol,^0.7.0,0.7.0,
ExchangeMode_1.sol,^0.7.0,0.7.0,
SelectorBasedAccessManager_3.sol,^0.7.0,0.7.0,
MigrationToLoopringExchangeV2_7.sol,^0.7.0,0.7.0,
LoopringIOExchangeOwner.sol,^0.7.0,0.7.0,
ExchangeSignatures_9.sol,^0.7.0,0.7.0,
Create2_3.sol,^0.7.0,0.7.0,
BatchVerifier_2.sol,^0.7.0,0.7.0,
VerificationKeys_5.sol,^0.7.0,0.7.0,
SignatureUtil_9.sol,^0.7.0,0.7.0,
LoopringV3_8.sol,^0.7.0,0.7.0,
ExchangeWithdrawals_9.sol,^0.7.0,0.7.0,
Cloneable_7.sol,^0.7.0,0.7.0,
INDA_9.sol,^0.7.0,0.7.0,
IDelayedTransaction_4.sol,^0.7.0,0.7.0,
TransferContract_9.sol,^0.7.0,0.7.0,
LzDecompressor.sol,^0.7.0,0.7.0,
BytesUtil_10.sol,^0.7.0,0.7.0,
IDelayedTransaction_6.sol,^0.7.0,0.7.0,
VerificationKeys_7.sol,^0.7.0,0.7.0,
LRCToken.sol,^0.7.0,0.7.0,
Cloneable_5.sol,^0.7.0,0.7.0,
Create2_1.sol,^0.7.0,0.7.0,
BlockReader_8.sol,^0.7.0,0.7.0,
ExchangeMode_3.sol,^0.7.0,0.7.0,
ForcedWithdrawalAgent_7.sol,^0.7.0,0.7.0,
DelayedTransaction_2.sol,^0.7.0,0.7.0,
MigrationToLoopringExchangeV2_5.sol,^0.7.0,0.7.0,
SelectorBasedAccessManager_1.sol,^0.7.0,0.7.0,
AggregatorInterface_7.sol,^0.7.0,0.7.0,
LPERC20_9.sol,^0.7.0,0.7.0,
ERC20_6.sol,^0.7.0,0.7.0,
DelayedOwner_8.sol,^0.7.0,0.7.0,
IDepositContract_9.sol,^0.7.0,0.7.0,
ExchangeV3_4.sol,^0.7.0,0.7.0,
BytesUtil_6.sol,^0.7.0,0.7.0,
IExchangeV3_2.sol,^0.7.0,0.7.0,
FastWithdrawalAgent_7.sol,^0.7.0,0.7.0,
IBlockReceiver.sol,^0.7.0,0.7.0,
TestAccountContract_4.sol,^0.7.0,0.7.0,
LoopringIOExchangeOwner_5.sol,^0.7.0,0.7.0,
ZeroDecompressor_6.sol,^0.7.0,0.7.0,
Verifier_2.sol,^0.7.0,0.7.0,
FloatUtil_4.sol,^0.7.0,0.7.0,
FloatUtil_5.sol,^0.7.0,0.7.0,
Verifier_3.sol,^0.7.0,0.7.0,
ZeroDecompressor_7.sol,^0.7.0,0.7.0,
LoopringIOExchangeOwner_4.sol,^0.7.0,0.7.0,
TestAccountContract_5.sol,^0.7.0,0.7.0,
DefaultDepositContract_10.sol,^0.7.0,0.7.0,
AddressSet_10.sol,^0.7.0,0.7.0,
BatchVerifier.sol,^0.7.0,0.7.0,
FastWithdrawalAgent_6.sol,^0.7.0,0.7.0,
DelayedTransaction.sol,^0.7.0,0.7.0,
IExchangeV3_3.sol,^0.7.0,0.7.0,
UpgradabilityProxy_10.sol,^0.7.0,0.7.0,
IDelayedTransaction_10.sol,^0.7.0,0.7.0,
BytesUtil_7.sol,^0.7.0,0.7.0,
ExchangeV3_5.sol,^0.7.0,0.7.0,
IDepositContract_8.sol,^0.7.0,0.7.0,
ERC20_7.sol,^0.7.0,0.7.0,
LPERC20_8.sol,^0.7.0,0.7.0,
DelayedOwner_9.sol,^0.7.0,0.7.0,
AggregatorInterface_6.sol,^0.7.0,0.7.0,
DelayedTransaction_3.sol,^0.7.0,0.7.0,
MigrationToLoopringExchangeV2_4.sol,^0.7.0,0.7.0,
ForcedWithdrawalAgent_6.sol,^0.7.0,0.7.0,
ExchangeMode_2.sol,^0.7.0,0.7.0,
BlockReader_9.sol,^0.7.0,0.7.0,
Cloneable.sol,^0.7.0,0.7.0,
ExchangeWithdrawals.sol,^0.7.0,0.7.0,
Cloneable_4.sol,^0.7.0,0.7.0,
BatchVerifier_1.sol,^0.7.0,0.7.0,
VerificationKeys_6.sol,^0.7.0,0.7.0,
IDelayedTransaction_7.sol,^0.7.0,0.7.0,
IDelayedTransaction_3.sol,^0.7.0,0.7.0,
ExchangeV3_10.sol,^0.7.0,0.7.0,
AggregatorInterface.sol,^0.7.0,0.7.0,
Create2_4.sol,^0.7.0,0.7.0,
VerificationKeys_2.sol,^0.7.0,0.7.0,
BatchVerifier_5.sol,^0.7.0,0.7.0,
WithdrawTransaction_9.sol,^0.7.0,0.7.0,
BurnableERC20.sol,^0.7.0,0.7.0,
BlockVerifier_9.sol,^0.7.0,0.7.0,
ExchangeMode_6.sol,^0.7.0,0.7.0,
ForcedWithdrawalAgent_2.sol,^0.7.0,0.7.0,
SelectorBasedAccessManager_4.sol,^0.7.0,0.7.0,
DelayedTransaction_7.sol,^0.7.0,0.7.0,
ExchangeV3_1.sol,^0.7.0,0.7.0,
AggregatorInterface_2.sol,^0.7.0,0.7.0,
ERC20_3.sol,^0.7.0,0.7.0,
IChiToken.sol,^0.7.0,0.7.0,
FastWithdrawalAgent_10.sol,^0.7.0,0.7.0,
MockContract_8.sol,^0.7.0,0.7.0,
IExchangeV3_7.sol,^0.7.0,0.7.0,
OwnedUpgradabilityProxy_8.sol,^0.7.0,0.7.0,
BaseRelayRecipient_8.sol,^0.7.0,0.7.0,
BytesUtil_3.sol,^0.7.0,0.7.0,
FastWithdrawalAgent_2.sol,^0.7.0,0.7.0,
ZeroDecompressor_3.sol,^0.7.0,0.7.0,
ILoopringV3_9.sol,^0.7.0,0.7.0,
TestAccountContract_1.sol,^0.7.0,0.7.0,
MathUint96.sol,^0.7.0,0.7.0,
Migrations_9.sol,^0.7.0,0.7.0,
Verifier_7.sol,^0.7.0,0.7.0,
FloatUtil_1.sol,^0.7.0,0.7.0,
IExchangeV3.sol,^0.7.0,0.7.0,
Verifier_6.sol,^0.7.0,0.7.0,
Migrations_8.sol,^0.7.0,0.7.0,
Create2.sol,^0.7.0,0.7.0,
ILoopringV3_8.sol,^0.7.0,0.7.0,
ZeroDecompressor_2.sol,^0.7.0,0.7.0,
LoopringIOExchangeOwner_1.sol,^0.7.0,0.7.0,
TEST.sol,^0.7.0,0.7.0,
FastWithdrawalAgent_3.sol,^0.7.0,0.7.0,
BaseRelayRecipient.sol,^0.7.0,0.7.0,
BytesUtil_2.sol,^0.7.0,0.7.0,
BaseRelayRecipient_9.sol,^0.7.0,0.7.0,
OwnedUpgradabilityProxy_9.sol,^0.7.0,0.7.0,
IExchangeV3_6.sol,^0.7.0,0.7.0,
MockContract_9.sol,^0.7.0,0.7.0,
ERC20_2.sol,^0.7.0,0.7.0,
AggregatorInterface_3.sol,^0.7.0,0.7.0,
Drainable.sol,^0.7.0,0.7.0,
INDB_10.sol,^0.7.0,0.7.0,
SelectorBasedAccessManager_5.sol,^0.7.0,0.7.0,
MigrationToLoopringExchangeV2_1.sol,^0.7.0,0.7.0,
DelayedTransaction_6.sol,^0.7.0,0.7.0,
ForcedWithdrawalAgent_3.sol,^0.7.0,0.7.0,
ExchangeMode_7.sol,^0.7.0,0.7.0,
Cloneable_1.sol,^0.7.0,0.7.0,
BlockVerifier_8.sol,^0.7.0,0.7.0,
WithdrawTransaction_8.sol,^0.7.0,0.7.0,
BatchVerifier_4.sol,^0.7.0,0.7.0,
VerificationKeys_3.sol,^0.7.0,0.7.0,
Create2_5.sol,^0.7.0,0.7.0,
IDelayedTransaction_2.sol,^0.7.0,0.7.0,
PoseidonContract.sol,^0.7.0,0.7.0,
Create2_7.sol,^0.7.0,0.7.0,
Cloneable_3.sol,^0.7.0,0.7.0,
MathUint96_9.sol,^0.7.0,0.7.0,
VerificationKeys_1.sol,^0.7.0,0.7.0,
BatchVerifier_6.sol,^0.7.0,0.7.0,
DelayedTransaction_4.sol,^0.7.0,0.7.0,
Verifier_10.sol,^0.7.0,0.7.0,
MigrationToLoopringExchangeV2_3.sol,^0.7.0,0.7.0,
SelectorBasedAccessManager_7.sol,^0.7.0,0.7.0,
ExchangeMode_5.sol,^0.7.0,0.7.0,
ForcedWithdrawalAgent_1.sol,^0.7.0,0.7.0,
ExchangeV3_2.sol,^0.7.0,0.7.0,
AggregatorInterface_1.sol,^0.7.0,0.7.0,
IExchangeV3_4.sol,^0.7.0,0.7.0,
WETH.sol,^0.7.0,0.7.0,
ExchangeGenesis_9.sol,^0.7.0,0.7.0,
UpgradabilityProxy_9.sol,^0.7.0,0.7.0,
LzDecompressor_9.sol,^0.7.0,0.7.0,
FastWithdrawalAgent_1.sol,^0.7.0,0.7.0,
LoopringIOExchangeOwner_3.sol,^0.7.0,0.7.0,
SelectorBasedAccessManager_10.sol,^0.7.0,0.7.0,
TestAccountContract_2.sol,^0.7.0,0.7.0,
Poseidon.sol,^0.7.0,0.7.0,
FloatUtil_2.sol,^0.7.0,0.7.0,
LoopringV3_10.sol,^0.7.0,0.7.0,
BytesUtil.sol,^0.7.0,0.7.0,
Verifier_4.sol,^0.7.0,0.7.0,
MathUint248_8.sol,^0.7.0,0.7.0,
MathUint248_9.sol,^0.7.0,0.7.0,
Verifier_5.sol,^0.7.0,0.7.0,
FloatUtil_3.sol,^0.7.0,0.7.0,
ERC1271.sol,^0.7.0,0.7.0,
IChiToken_10.sol,^0.7.0,0.7.0,
TestAccountContract_3.sol,^0.7.0,0.7.0,
IDepositContract_10.sol,^0.7.0,0.7.0,
ZeroDecompressor_1.sol,^0.7.0,0.7.0,
LoopringIOExchangeOwner_2.sol,^0.7.0,0.7.0,
LzDecompressor_8.sol,^0.7.0,0.7.0,
UpgradabilityProxy_8.sol,^0.7.0,0.7.0,
ExchangeGenesis_8.sol,^0.7.0,0.7.0,
LPERC20.sol,^0.7.0,0.7.0,
BytesUtil_1.sol,^0.7.0,0.7.0,
IExchangeV3_5.sol,^0.7.0,0.7.0,
ProtocolFeeVault_10.sol,^0.7.0,0.7.0,
ERC20_1.sol,^0.7.0,0.7.0,
OwnerManagable_10.sol,^0.7.0,0.7.0,
ExchangeV3_3.sol,^0.7.0,0.7.0,
ExchangeMode_4.sol,^0.7.0,0.7.0,
FastWithdrawalLiquidityProvider.sol,^0.7.0,0.7.0,
DelayedTransaction_5.sol,^0.7.0,0.7.0,
SelectorBasedAccessManager_6.sol,^0.7.0,0.7.0,
MigrationToLoopringExchangeV2_2.sol,^0.7.0,0.7.0,
MathUint96_8.sol,^0.7.0,0.7.0,
BatchVerifier_7.sol,^0.7.0,0.7.0,
Cloneable_2.sol,^0.7.0,0.7.0,
Create2_6.sol,^0.7.0,0.7.0,
SafeCast_10.sol,^0.7.0,0.7.0,
IDelayedTransaction_1.sol,^0.7.0,0.7.0,
EIP712_2.sol,^0.7.0,0.7.0,
EIP712.sol,^0.7.0,0.7.0,
Drainable_9.sol,^0.7.0,0.7.0,
ExchangeBalances_4.sol,^0.7.0,0.7.0,
ZeroDecompressorContract_6.sol,^0.7.0,0.7.0,
LzDecompressorContract_1.sol,^0.7.0,0.7.0,
DummyToken_7.sol,^0.7.0,0.7.0,
DelayedOwnerContract_10.sol,^0.7.0,0.7.0,
GTO_5.sol,^0.7.0,0.7.0,
IExchangeV3_10.sol,^0.7.0,0.7.0,
WETH_5.sol,^0.7.0,0.7.0,
ExchangeData_5.sol,^0.7.0,0.7.0,
Proxy_7.sol,^0.7.0,0.7.0,
MathUint_7.sol,^0.7.0,0.7.0,
IChiToken_1.sol,^0.7.0,0.7.0,
AddressUtil_5.sol,^0.7.0,0.7.0,
TEST_5.sol,^0.7.0,0.7.0,
IKnowForwarderAddress_3.sol,^0.7.0,0.7.0,
Poseidon_8.sol,^0.7.0,0.7.0,
ExchangeDeposits_5.sol,^0.7.0,0.7.0,
INDB_9.sol,^0.7.0,0.7.0,
AddressSet_8.sol,^0.7.0,0.7.0,
AgentRegistry_2.sol,^0.7.0,0.7.0,
ProtocolFeeVault_1.sol,^0.7.0,0.7.0,
SimpleProxy_9.sol,^0.7.0,0.7.0,
IRelayRecipient_7.sol,^0.7.0,0.7.0,
Claimable_1.sol,^0.7.0,0.7.0,
IBlockReceiver_8.sol,^0.7.0,0.7.0,
IAgentRegistry_4.sol,^0.7.0,0.7.0,
Ownable_3.sol,^0.7.0,0.7.0,
Ownable_2.sol,^0.7.0,0.7.0,
IAgentRegistry_5.sol,^0.7.0,0.7.0,
IBlockReceiver_9.sol,^0.7.0,0.7.0,
IRelayRecipient_6.sol,^0.7.0,0.7.0,
SimpleProxy_8.sol,^0.7.0,0.7.0,
RDN_1.sol,^0.7.0,0.7.0,
AccountUpdateTransaction.sol,^0.7.0,0.7.0,
AgentRegistry_3.sol,^0.7.0,0.7.0,
INDB_8.sol,^0.7.0,0.7.0,
AddressSet_9.sol,^0.7.0,0.7.0,
ExchangeDeposits_4.sol,^0.7.0,0.7.0,
REP.sol,^0.7.0,0.7.0,
ExchangeTokens_10.sol,^0.7.0,0.7.0,
LRCToken_1.sol,^0.7.0,0.7.0,
BurnableERC20_1.sol,^0.7.0,0.7.0,
Poseidon_9.sol,^0.7.0,0.7.0,
IKnowForwarderAddress_2.sol,^0.7.0,0.7.0,
TEST_4.sol,^0.7.0,0.7.0,
ExchangeDeposits_10.sol,^0.7.0,0.7.0,
AddressUtil_4.sol,^0.7.0,0.7.0,
MathUint_6.sol,^0.7.0,0.7.0,
Proxy_6.sol,^0.7.0,0.7.0,
ExchangeData_4.sol,^0.7.0,0.7.0,
WETH_4.sol,^0.7.0,0.7.0,
ZeroDecompressorContract_10.sol,^0.7.0,0.7.0,
GTO_4.sol,^0.7.0,0.7.0,
DummyToken_6.sol,^0.7.0,0.7.0,
ZeroDecompressorContract_7.sol,^0.7.0,0.7.0,
ExchangeBalances_5.sol,^0.7.0,0.7.0,
Drainable_8.sol,^0.7.0,0.7.0,
EIP712_3.sol,^0.7.0,0.7.0,
ZeroDecompressorContract_5.sol,^0.7.0,0.7.0,
ExchangeBalances_7.sol,^0.7.0,0.7.0,
LzDecompressorContract_2.sol,^0.7.0,0.7.0,
EIP712_1.sol,^0.7.0,0.7.0,
GTO_6.sol,^0.7.0,0.7.0,
DummyToken_4.sol,^0.7.0,0.7.0,
ExchangeData_6.sol,^0.7.0,0.7.0,
PoseidonContract_9.sol,^0.7.0,0.7.0,
WETH_6.sol,^0.7.0,0.7.0,
Proxy_4.sol,^0.7.0,0.7.0,
IChiToken_2.sol,^0.7.0,0.7.0,
AddressUtil_6.sol,^0.7.0,0.7.0,
MathUint_4.sol,^0.7.0,0.7.0,
TEST_6.sol,^0.7.0,0.7.0,
IProtocolFeeVault_9.sol,^0.7.0,0.7.0,
BurnableERC20_3.sol,^0.7.0,0.7.0,
LRCToken_3.sol,^0.7.0,0.7.0,
ExchangeDeposits_6.sol,^0.7.0,0.7.0,
RDN_3.sol,^0.7.0,0.7.0,
AgentRegistry_1.sol,^0.7.0,0.7.0,
ProtocolFeeVault_2.sol,^0.7.0,0.7.0,
ILoopringV3_10.sol,^0.7.0,0.7.0,
DefaultDepositContract.sol,^0.7.0,0.7.0,
IRelayRecipient_4.sol,^0.7.0,0.7.0,
EIP712_10.sol,^0.7.0,0.7.0,
IAgentRegistry_7.sol,^0.7.0,0.7.0,
LRCToken_10.sol,^0.7.0,0.7.0,
Claimable_2.sol,^0.7.0,0.7.0,
Ownable_1.sol,^0.7.0,0.7.0,
Claimable_3.sol,^0.7.0,0.7.0,
Poseidon_10.sol,^0.7.0,0.7.0,
IAgentRegistry_6.sol,^0.7.0,0.7.0,
AddressUtil_10.sol,^0.7.0,0.7.0,
IRelayRecipient_5.sol,^0.7.0,0.7.0,
LRC_10.sol,^0.7.0,0.7.0,
MigrationToLoopringExchangeV2.sol,^0.7.0,0.7.0,
ProtocolFeeVault_3.sol,^0.7.0,0.7.0,
RDN_2.sol,^0.7.0,0.7.0,
SimpleProxy_10.sol,^0.7.0,0.7.0,
MockContract.sol,^0.7.0,0.7.0,
ExchangeDeposits_7.sol,^0.7.0,0.7.0,
SafeCast.sol,^0.7.0,0.7.0,
LRCToken_2.sol,^0.7.0,0.7.0,
BurnableERC20_2.sol,^0.7.0,0.7.0,
SignatureUtil.sol,^0.7.0,0.7.0,
IKnowForwarderAddress_1.sol,^0.7.0,0.7.0,
WithdrawTransaction.sol,^0.7.0,0.7.0,
IProtocolFeeVault_8.sol,^0.7.0,0.7.0,
TEST_7.sol,^0.7.0,0.7.0,
BlockVerifier_10.sol,^0.7.0,0.7.0,
MathUint_5.sol,^0.7.0,0.7.0,
OwnedUpgradabilityProxy.sol,^0.7.0,0.7.0,
AddressUtil_7.sol,^0.7.0,0.7.0,
IChiToken_3.sol,^0.7.0,0.7.0,
Proxy_5.sol,^0.7.0,0.7.0,
WETH_7.sol,^0.7.0,0.7.0,
PoseidonContract_8.sol,^0.7.0,0.7.0,
ExchangeData_7.sol,^0.7.0,0.7.0,
DummyToken_5.sol,^0.7.0,0.7.0,
GTO_7.sol,^0.7.0,0.7.0,
LzDecompressorContract_3.sol,^0.7.0,0.7.0,
ExchangeBalances_6.sol,^0.7.0,0.7.0,
ZeroDecompressorContract_4.sol,^0.7.0,0.7.0,
GTO_3.sol,^0.7.0,0.7.0,
DummyToken_1.sol,^0.7.0,0.7.0,
ExchangeBalances_2.sol,^0.7.0,0.7.0,
FloatUtil_10.sol,^0.7.0,0.7.0,
LzDecompressorContract_7.sol,^0.7.0,0.7.0,
ERC20Token_8.sol,^0.7.0,0.7.0,
DelayedTargetContract_9.sol,^0.7.0,0.7.0,
EIP712_4.sol,^0.7.0,0.7.0,
ExchangeData_3.sol,^0.7.0,0.7.0,
ERC20SafeTransfer_8.sol,^0.7.0,0.7.0,
WETH_3.sol,^0.7.0,0.7.0,
IChiToken_7.sol,^0.7.0,0.7.0,
AddressUtil_3.sol,^0.7.0,0.7.0,
MathUint_1.sol,^0.7.0,0.7.0,
FastWithdrawalLiquidityProvider_9.sol,^0.7.0,0.7.0,
Proxy_1.sol,^0.7.0,0.7.0,
IKnowForwarderAddress_5.sol,^0.7.0,0.7.0,
TEST_3.sol,^0.7.0,0.7.0,
ExchangeDeposits_3.sol,^0.7.0,0.7.0,
ExchangeBlocks_9.sol,^0.7.0,0.7.0,
AccountUpdateTransaction_8.sol,^0.7.0,0.7.0,
BurnableERC20_6.sol,^0.7.0,0.7.0,
LRCToken_6.sol,^0.7.0,0.7.0,
ZeroDecompressorContract.sol,^0.7.0,0.7.0,
RDN_6.sol,^0.7.0,0.7.0,
AgentRegistry_4.sol,^0.7.0,0.7.0,
TestAccountContract.sol,^0.7.0,0.7.0,
BlockVerifier.sol,^0.7.0,0.7.0,
IRelayRecipient_1.sol,^0.7.0,0.7.0,
LRC_9.sol,^0.7.0,0.7.0,
ProtocolFeeVault_7.sol,^0.7.0,0.7.0,
ERC1271_8.sol,^0.7.0,0.7.0,
Ownable_5.sol,^0.7.0,0.7.0,
SelectorBasedAccessManager.sol,^0.7.0,0.7.0,
IAgentRegistry_2.sol,^0.7.0,0.7.0,
Claimable_7.sol,^0.7.0,0.7.0,
Claimable_6.sol,^0.7.0,0.7.0,
Ownable_10.sol,^0.7.0,0.7.0,
IAgentRegistry_3.sol,^0.7.0,0.7.0,
ITokenSeller.sol,^0.7.0,0.7.0,
Ownable_4.sol,^0.7.0,0.7.0,
ExchangeData.sol,^0.7.0,0.7.0,
LoopringV3.sol,^0.7.0,0.7.0,
ERC1271_9.sol,^0.7.0,0.7.0,
ProtocolFeeVault_6.sol,^0.7.0,0.7.0,
LRC_8.sol,^0.7.0,0.7.0,
AgentRegistry_5.sol,^0.7.0,0.7.0,
RDN_7.sol,^0.7.0,0.7.0,
LRCToken_7.sol,^0.7.0,0.7.0,
BurnableERC20_7.sol,^0.7.0,0.7.0,
AccountUpdateTransaction_9.sol,^0.7.0,0.7.0,
UpgradabilityProxy.sol,^0.7.0,0.7.0,
ExchangeBlocks_8.sol,^0.7.0,0.7.0,
ExchangeDeposits_2.sol,^0.7.0,0.7.0,
TEST_2.sol,^0.7.0,0.7.0,
IKnowForwarderAddress_4.sol,^0.7.0,0.7.0,
FastWithdrawalLiquidityProvider_8.sol,^0.7.0,0.7.0,
AddressUtil_2.sol,^0.7.0,0.7.0,
IChiToken_6.sol,^0.7.0,0.7.0,
WETH_2.sol,^0.7.0,0.7.0,
ERC20SafeTransfer_9.sol,^0.7.0,0.7.0,
ExchangeData_2.sol,^0.7.0,0.7.0,
EIP712_5.sol,^0.7.0,0.7.0,
ExchangeAdmins.sol,^0.7.0,0.7.0,
LzDecompressorContract_6.sol,^0.7.0,0.7.0,
ExchangeBalances_3.sol,^0.7.0,0.7.0,
ZeroDecompressorContract_1.sol,^0.7.0,0.7.0,
DelayedTargetContract_8.sol,^0.7.0,0.7.0,
ERC20Token_9.sol,^0.7.0,0.7.0,
GTO_2.sol,^0.7.0,0.7.0,
DummyToken_2.sol,^0.7.0,0.7.0,
DelayedOwnerContract_9.sol,^0.7.0,0.7.0,
EIP712_7.sol,^0.7.0,0.7.0,
REP_9.sol,^0.7.0,0.7.0,
ExchangeBalances_1.sol,^0.7.0,0.7.0,
ZeroDecompressorContract_3.sol,^0.7.0,0.7.0,
LzDecompressorContract_4.sol,^0.7.0,0.7.0,
ITokenSeller_9.sol,^0.7.0,0.7.0,
MathUint_10.sol,^0.7.0,0.7.0,
MathUint_2.sol,^0.7.0,0.7.0,
IChiToken_4.sol,^0.7.0,0.7.0,
DelayedOwner_10.sol,^0.7.0,0.7.0,
ProtocolFeeVault.sol,^0.7.0,0.7.0,
SafeCast_8.sol,^0.7.0,0.7.0,
Proxy_2.sol,^0.7.0,0.7.0,
IKnowForwarderAddress_6.sol,^0.7.0,0.7.0,
DepositTransaction_8.sol,^0.7.0,0.7.0,
Proxy_10.sol,^0.7.0,0.7.0,
BurnableERC20_5.sol,^0.7.0,0.7.0,
LRCToken_5.sol,^0.7.0,0.7.0,
AgentRegistry_7.sol,^0.7.0,0.7.0,
RDN_5.sol,^0.7.0,0.7.0,
ExchangeAdmins_8.sol,^0.7.0,0.7.0,
IRelayRecipient_2.sol,^0.7.0,0.7.0,
OwnerManagable_8.sol,^0.7.0,0.7.0,
ReentrancyGuard_8.sol,^0.7.0,0.7.0,
ProtocolFeeVault_4.sol,^0.7.0,0.7.0,
Ownable_6.sol,^0.7.0,0.7.0,
Claimable_4.sol,^0.7.0,0.7.0,
IAgentRegistry_1.sol,^0.7.0,0.7.0,
Claimable_5.sol,^0.7.0,0.7.0,
Ownable_7.sol,^0.7.0,0.7.0,
ProtocolFeeVault_5.sol,^0.7.0,0.7.0,
ReentrancyGuard_9.sol,^0.7.0,0.7.0,
OwnerManagable_9.sol,^0.7.0,0.7.0,
IRelayRecipient_3.sol,^0.7.0,0.7.0,
ExchangeAdmins_9.sol,^0.7.0,0.7.0,
RDN_4.sol,^0.7.0,0.7.0,
AgentRegistry_6.sol,^0.7.0,0.7.0,
LRCToken_4.sol,^0.7.0,0.7.0,
BurnableERC20_4.sol,^0.7.0,0.7.0,
ExchangeDeposits_1.sol,^0.7.0,0.7.0,
TEST_1.sol,^0.7.0,0.7.0,
IKnowForwarderAddress_7.sol,^0.7.0,0.7.0,
DepositTransaction_9.sol,^0.7.0,0.7.0,
Proxy_3.sol,^0.7.0,0.7.0,
SafeCast_9.sol,^0.7.0,0.7.0,
AddressUtil_1.sol,^0.7.0,0.7.0,
IChiToken_5.sol,^0.7.0,0.7.0,
MathUint_3.sol,^0.7.0,0.7.0,
ExchangeData_1.sol,^0.7.0,0.7.0,
ITokenSeller_8.sol,^0.7.0,0.7.0,
WETH_1.sol,^0.7.0,0.7.0,
LzDecompressorContract_5.sol,^0.7.0,0.7.0,
ZeroDecompressorContract_2.sol,^0.7.0,0.7.0,
REP_8.sol,^0.7.0,0.7.0,
EIP712_6.sol,^0.7.0,0.7.0,
GTO_1.sol,^0.7.0,0.7.0,
DelayedOwnerContract_8.sol,^0.7.0,0.7.0,
DGToken.sol,>=0.6.0 <0.8.0,0.6.0,
DummyToken_3.sol,^0.7.0,0.7.0,
