{
    "AdminControlled": 1,
    "AdminControlled_1": 2,
    "AdminControlled_2": 3,
    "AdminControlled_3": 4,
    "Borsh": 5,
    "Borsh_1": 6,
    "Borsh_2": 7,
    "Borsh_3": 8,
    "Bridge": 9,
    "Context": 10,
    "ERC20": 11,
    "ERC20Locker": 12,
    "ERC20Locker_1": 13,
    "Ed25519": 14,
    "Ed25519_1": 15,
    "Ed25519_2": 16,
    "Ed25519_3": 17,
    "EthCustodian": 18,
    "IERC20": 19,
    "INearBridge": 20,
    "INearBridge_1": 21,
    "INearProver": 22,
    "INearProver_1": 23,
    "NearBridge": 24,
    "NearBridge_1": 25,
    "NearBridge_2": 26,
    "NearDecoder": 27,
    "NearDecoder_1": 28,
    "NearDecoder_2": 29,
    "NearDecoder_3": 30,
    "NearProver": 31,
    "ProofDecoder": 32,
    "ProofDecoder_1": 33,
    "ProofKeeper": 34,
    "SafeMath": 35,
    "SafeMath_1": 36,
    "Utils": 37,
    "Utils_1": 38,
    "eNear": 39
}