{
    "AccessControl": 1,
    "AccessControlEnumerable": 2,
    "AccessControlEnumerable_1": 3,
    "AccessControl_1": 4,
    "Address": 5,
    "Address_1": 6,
    "Arrays": 7,
    "CityLights": 8,
    "Context": 9,
    "Context_1": 10,
    "Counters": 11,
    "Create2": 12,
    "ERC165": 13,
    "ERC165Checker": 14,
    "ERC165Storage": 15,
    "ERC165_1": 16,
    "ERC1820Implementer": 17,
    "ERC721": 18,
    "ERC721Burnable": 19,
    "ERC721Burnable_1": 20,
    "ERC721Enumerable": 21,
    "ERC721Enumerable_1": 22,
    "ERC721Pausable": 23,
    "ERC721Pausable_1": 24,
    "ERC721URIStorage": 25,
    "ERC721_1": 26,
    "EnumerableSet": 27,
    "EnumerableSet_1": 28,
    "Fix64V1": 29,
    "Fix64V1_1": 30,
    "GeometryV1": 31,
    "GraphicsV1": 32,
    "HatchDraw": 33,
    "HatchLayer": 34,
    "IAccessControl": 35,
    "IAccessControlEnumerable": 36,
    "IAccessControlEnumerable_1": 37,
    "IAccessControl_1": 38,
    "IAttributes": 39,
    "IAttributes_1": 40,
    "IERC165": 41,
    "IERC165_1": 42,
    "IERC1820Implementer": 43,
    "IERC1820Registry": 44,
    "IERC721": 45,
    "IERC721Enumerable": 46,
    "IERC721Enumerable_1": 47,
    "IERC721Metadata": 48,
    "IERC721Metadata_1": 49,
    "IERC721Receiver": 50,
    "IERC721Receiver_1": 51,
    "IERC721_1": 52,
    "IRenderer": 53,
    "IRenderer_1": 54,
    "Kintsugi": 55,
    "KintsugiDraw": 56,
    "KintsugiLayer": 57,
    "Kohi": 58,
    "Kohi_1": 59,
    "LCG64": 60,
    "Math": 61,
    "MathV1": 62,
    "MathV1_1": 63,
    "Multicall": 64,
    "NoiseV1": 65,
    "Ownable": 66,
    "ParticleSetFactoryV1": 67,
    "ParticleSetV1": 68,
    "ParticleV1": 69,
    "Pausable": 70,
    "Pausable_1": 71,
    "ProcessingV1": 72,
    "RandomV1": 73,
    "RandomV1_1": 74,
    "SinLut256": 75,
    "SinLut256_1": 76,
    "SinLut256_2": 77,
    "StorageSlot": 78,
    "Strings": 79,
    "Strings_1": 80,
    "Timers": 81,
    "Trig256": 82,
    "Trig256_1": 83,
    "TypesV1": 84,
    "WatercolorDraw": 85,
    "WatercolorLayer": 86,
    "_Royalties": 87
}