{
    "Address": 1,
    "AddressUpgradeable": 2,
    "AddressUpgradeable_1": 3,
    "AddressUpgradeable_10": 4,
    "AddressUpgradeable_11": 5,
    "AddressUpgradeable_12": 6,
    "AddressUpgradeable_2": 7,
    "AddressUpgradeable_3": 8,
    "AddressUpgradeable_4": 9,
    "AddressUpgradeable_5": 10,
    "AddressUpgradeable_6": 11,
    "AddressUpgradeable_7": 12,
    "AddressUpgradeable_8": 13,
    "AddressUpgradeable_9": 14,
    "Address_1": 15,
    "Address_10": 16,
    "Address_11": 17,
    "Address_12": 18,
    "Address_13": 19,
    "Address_14": 20,
    "Address_15": 21,
    "Address_16": 22,
    "Address_17": 23,
    "Address_18": 24,
    "Address_19": 25,
    "Address_2": 26,
    "Address_20": 27,
    "Address_21": 28,
    "Address_22": 29,
    "Address_23": 30,
    "Address_24": 31,
    "Address_25": 32,
    "Address_26": 33,
    "Address_3": 34,
    "Address_4": 35,
    "Address_5": 36,
    "Address_6": 37,
    "Address_7": 38,
    "Address_8": 39,
    "Address_9": 40,
    "BridgeMessage": 41,
    "BridgeMessage_1": 42,
    "BridgeMessage_2": 43,
    "BridgeMessage_3": 44,
    "BridgeMessage_4": 45,
    "BridgeRouter": 46,
    "BridgeRouter_1": 47,
    "BridgeRouter_2": 48,
    "BridgeToken": 49,
    "Context": 50,
    "ContextUpgradeable": 51,
    "ContextUpgradeable_1": 52,
    "ContextUpgradeable_10": 53,
    "ContextUpgradeable_11": 54,
    "ContextUpgradeable_12": 55,
    "ContextUpgradeable_2": 56,
    "ContextUpgradeable_3": 57,
    "ContextUpgradeable_4": 58,
    "ContextUpgradeable_5": 59,
    "ContextUpgradeable_6": 60,
    "ContextUpgradeable_7": 61,
    "ContextUpgradeable_8": 62,
    "ContextUpgradeable_9": 63,
    "Context_1": 64,
    "Context_2": 65,
    "Context_3": 66,
    "Context_4": 67,
    "Context_5": 68,
    "Context_6": 69,
    "Context_7": 70,
    "Context_8": 71,
    "ECDSA": 72,
    "ECDSA_1": 73,
    "ECDSA_10": 74,
    "ECDSA_11": 75,
    "ECDSA_12": 76,
    "ECDSA_2": 77,
    "ECDSA_3": 78,
    "ECDSA_4": 79,
    "ECDSA_5": 80,
    "ECDSA_6": 81,
    "ECDSA_7": 82,
    "ECDSA_8": 83,
    "ECDSA_9": 84,
    "ETHHelper": 85,
    "Encoding": 86,
    "GovernanceMessage": 87,
    "GovernanceRouter": 88,
    "Home": 89,
    "Home_1": 90,
    "Home_2": 91,
    "Home_3": 92,
    "Home_4": 93,
    "Home_5": 94,
    "Home_6": 95,
    "Home_7": 96,
    "Home_8": 97,
    "Home_9": 98,
    "IBridgeHook": 99,
    "IBridgeToken": 100,
    "IBridgeToken_1": 101,
    "IBridgeToken_2": 102,
    "IBridgeToken_3": 103,
    "IBridgeToken_4": 104,
    "IERC20": 105,
    "IERC20_1": 106,
    "IERC20_2": 107,
    "IERC20_3": 108,
    "IERC20_4": 109,
    "IEventAccountant": 110,
    "IMessageRecipient": 111,
    "IMessageRecipient_1": 112,
    "IMessageRecipient_2": 113,
    "IMessageRecipient_3": 114,
    "IMessageRecipient_4": 115,
    "IMessageRecipient_5": 116,
    "ITokenRegistry": 117,
    "ITokenRegistry_1": 118,
    "ITokenRegistry_2": 119,
    "ITokenRegistry_3": 120,
    "IUpdaterManager": 121,
    "IUpdaterManager_1": 122,
    "IUpdaterManager_2": 123,
    "IUpdaterManager_3": 124,
    "IUpdaterManager_4": 125,
    "IUpdaterManager_5": 126,
    "IUpdaterManager_6": 127,
    "IUpdaterManager_7": 128,
    "IUpdaterManager_8": 129,
    "IUpdaterManager_9": 130,
    "IWeth": 131,
    "Initializable": 132,
    "Initializable_1": 133,
    "Initializable_10": 134,
    "Initializable_11": 135,
    "Initializable_12": 136,
    "Initializable_2": 137,
    "Initializable_3": 138,
    "Initializable_4": 139,
    "Initializable_5": 140,
    "Initializable_6": 141,
    "Initializable_7": 142,
    "Initializable_8": 143,
    "Initializable_9": 144,
    "Merkle": 145,
    "Merkle_1": 146,
    "Merkle_10": 147,
    "Merkle_11": 148,
    "Merkle_12": 149,
    "Merkle_2": 150,
    "Merkle_3": 151,
    "Merkle_4": 152,
    "Merkle_5": 153,
    "Merkle_6": 154,
    "Merkle_7": 155,
    "Merkle_8": 156,
    "Merkle_9": 157,
    "Message": 158,
    "Message_1": 159,
    "Message_10": 160,
    "Message_11": 161,
    "Message_12": 162,
    "Message_2": 163,
    "Message_3": 164,
    "Message_4": 165,
    "Message_5": 166,
    "Message_6": 167,
    "Message_7": 168,
    "Message_8": 169,
    "Message_9": 170,
    "NomadBase": 171,
    "NomadBase_1": 172,
    "NomadBase_10": 173,
    "NomadBase_11": 174,
    "NomadBase_12": 175,
    "NomadBase_2": 176,
    "NomadBase_3": 177,
    "NomadBase_4": 178,
    "NomadBase_5": 179,
    "NomadBase_6": 180,
    "NomadBase_7": 181,
    "NomadBase_8": 182,
    "NomadBase_9": 183,
    "OZERC20": 184,
    "Ownable": 185,
    "OwnableUpgradeable": 186,
    "OwnableUpgradeable_1": 187,
    "OwnableUpgradeable_10": 188,
    "OwnableUpgradeable_11": 189,
    "OwnableUpgradeable_12": 190,
    "OwnableUpgradeable_2": 191,
    "OwnableUpgradeable_3": 192,
    "OwnableUpgradeable_4": 193,
    "OwnableUpgradeable_5": 194,
    "OwnableUpgradeable_6": 195,
    "OwnableUpgradeable_7": 196,
    "OwnableUpgradeable_8": 197,
    "OwnableUpgradeable_9": 198,
    "Ownable_1": 199,
    "Ownable_2": 200,
    "Ownable_3": 201,
    "Ownable_4": 202,
    "Ownable_5": 203,
    "Ownable_6": 204,
    "Ownable_7": 205,
    "Ownable_8": 206,
    "Queue": 207,
    "Queue_1": 208,
    "Queue_2": 209,
    "Queue_3": 210,
    "Queue_4": 211,
    "Queue_5": 212,
    "Queue_6": 213,
    "Queue_7": 214,
    "Queue_8": 215,
    "Queue_9": 216,
    "Replica": 217,
    "Replica_1": 218,
    "Replica_2": 219,
    "Replica_3": 220,
    "Replica_4": 221,
    "Replica_5": 222,
    "Replica_6": 223,
    "Replica_7": 224,
    "Replica_8": 225,
    "Replica_9": 226,
    "Router": 227,
    "Router_1": 228,
    "Router_2": 229,
    "SafeERC20": 230,
    "SafeERC20_1": 231,
    "SafeERC20_2": 232,
    "SafeMath": 233,
    "SafeMath_1": 234,
    "SafeMath_10": 235,
    "SafeMath_11": 236,
    "SafeMath_12": 237,
    "SafeMath_2": 238,
    "SafeMath_3": 239,
    "SafeMath_4": 240,
    "SafeMath_5": 241,
    "SafeMath_6": 242,
    "SafeMath_7": 243,
    "SafeMath_8": 244,
    "SafeMath_9": 245,
    "TokenRegistry": 246,
    "TypeCasts": 247,
    "TypeCasts_1": 248,
    "TypeCasts_10": 249,
    "TypeCasts_11": 250,
    "TypeCasts_12": 251,
    "TypeCasts_2": 252,
    "TypeCasts_3": 253,
    "TypeCasts_4": 254,
    "TypeCasts_5": 255,
    "TypeCasts_6": 256,
    "TypeCasts_7": 257,
    "TypeCasts_8": 258,
    "TypeCasts_9": 259,
    "TypedMemView": 260,
    "TypedMemView_1": 261,
    "TypedMemView_10": 262,
    "TypedMemView_11": 263,
    "TypedMemView_12": 264,
    "TypedMemView_2": 265,
    "TypedMemView_3": 266,
    "TypedMemView_4": 267,
    "TypedMemView_5": 268,
    "TypedMemView_6": 269,
    "TypedMemView_7": 270,
    "TypedMemView_8": 271,
    "TypedMemView_9": 272,
    "UpdaterManager": 273,
    "UpgradeBeacon": 274,
    "UpgradeBeaconController": 275,
    "UpgradeBeaconProxy": 276,
    "UpgradeBeaconProxy_1": 277,
    "UpgradeBeaconProxy_10": 278,
    "UpgradeBeaconProxy_2": 279,
    "UpgradeBeaconProxy_3": 280,
    "UpgradeBeaconProxy_4": 281,
    "UpgradeBeaconProxy_5": 282,
    "UpgradeBeaconProxy_6": 283,
    "UpgradeBeaconProxy_7": 284,
    "UpgradeBeaconProxy_8": 285,
    "UpgradeBeaconProxy_9": 286,
    "UpgradeBeacon_1": 287,
    "UpgradeBeacon_2": 288,
    "UpgradeBeacon_3": 289,
    "UpgradeBeacon_4": 290,
    "UpgradeBeacon_5": 291,
    "UpgradeBeacon_6": 292,
    "Version0": 293,
    "Version0_1": 294,
    "Version0_10": 295,
    "Version0_11": 296,
    "Version0_12": 297,
    "Version0_2": 298,
    "Version0_3": 299,
    "Version0_4": 300,
    "Version0_5": 301,
    "Version0_6": 302,
    "Version0_7": 303,
    "Version0_8": 304,
    "Version0_9": 305,
    "XAppConnectionClient": 306,
    "XAppConnectionClient_1": 307,
    "XAppConnectionClient_2": 308,
    "XAppConnectionClient_3": 309,
    "XAppConnectionManager": 310,
    "XAppConnectionManager_1": 311,
    "XAppConnectionManager_2": 312,
    "XAppConnectionManager_3": 313,
    "XAppConnectionManager_4": 314,
    "XAppConnectionManager_5": 315,
    "XAppConnectionManager_6": 316
}