{
    "AccountUpdateTransaction": 1,
    "AccountUpdateTransaction_1": 2,
    "AccountUpdateTransaction_10": 3,
    "AccountUpdateTransaction_2": 4,
    "AccountUpdateTransaction_3": 5,
    "AccountUpdateTransaction_4": 6,
    "AccountUpdateTransaction_5": 7,
    "AccountUpdateTransaction_6": 8,
    "AccountUpdateTransaction_7": 9,
    "AccountUpdateTransaction_8": 10,
    "AccountUpdateTransaction_9": 11,
    "AddressSet": 12,
    "AddressSet_1": 13,
    "AddressSet_10": 14,
    "AddressSet_2": 15,
    "AddressSet_3": 16,
    "AddressSet_4": 17,
    "AddressSet_5": 18,
    "AddressSet_6": 19,
    "AddressSet_7": 20,
    "AddressSet_8": 21,
    "AddressSet_9": 22,
    "AddressUtil": 23,
    "AddressUtil_1": 24,
    "AddressUtil_10": 25,
    "AddressUtil_2": 26,
    "AddressUtil_3": 27,
    "AddressUtil_4": 28,
    "AddressUtil_5": 29,
    "AddressUtil_6": 30,
    "AddressUtil_7": 31,
    "AddressUtil_8": 32,
    "AddressUtil_9": 33,
    "AgentRegistry": 34,
    "AgentRegistry_1": 35,
    "AgentRegistry_10": 36,
    "AgentRegistry_2": 37,
    "AgentRegistry_3": 38,
    "AgentRegistry_4": 39,
    "AgentRegistry_5": 40,
    "AgentRegistry_6": 41,
    "AgentRegistry_7": 42,
    "AgentRegistry_8": 43,
    "AgentRegistry_9": 44,
    "AggregatorInterface": 45,
    "AggregatorInterface_1": 46,
    "AggregatorInterface_10": 47,
    "AggregatorInterface_2": 48,
    "AggregatorInterface_3": 49,
    "AggregatorInterface_4": 50,
    "AggregatorInterface_5": 51,
    "AggregatorInterface_6": 52,
    "AggregatorInterface_7": 53,
    "AggregatorInterface_8": 54,
    "AggregatorInterface_9": 55,
    "BaseRelayRecipient": 56,
    "BaseRelayRecipient_1": 57,
    "BaseRelayRecipient_10": 58,
    "BaseRelayRecipient_2": 59,
    "BaseRelayRecipient_3": 60,
    "BaseRelayRecipient_4": 61,
    "BaseRelayRecipient_5": 62,
    "BaseRelayRecipient_6": 63,
    "BaseRelayRecipient_7": 64,
    "BaseRelayRecipient_8": 65,
    "BaseRelayRecipient_9": 66,
    "BatchVerifier": 67,
    "BatchVerifier_1": 68,
    "BatchVerifier_10": 69,
    "BatchVerifier_2": 70,
    "BatchVerifier_3": 71,
    "BatchVerifier_4": 72,
    "BatchVerifier_5": 73,
    "BatchVerifier_6": 74,
    "BatchVerifier_7": 75,
    "BatchVerifier_8": 76,
    "BatchVerifier_9": 77,
    "BlockReader": 78,
    "BlockReader_1": 79,
    "BlockReader_10": 80,
    "BlockReader_2": 81,
    "BlockReader_3": 82,
    "BlockReader_4": 83,
    "BlockReader_5": 84,
    "BlockReader_6": 85,
    "BlockReader_7": 86,
    "BlockReader_8": 87,
    "BlockReader_9": 88,
    "BlockVerifier": 89,
    "BlockVerifier_1": 90,
    "BlockVerifier_10": 91,
    "BlockVerifier_2": 92,
    "BlockVerifier_3": 93,
    "BlockVerifier_4": 94,
    "BlockVerifier_5": 95,
    "BlockVerifier_6": 96,
    "BlockVerifier_7": 97,
    "BlockVerifier_8": 98,
    "BlockVerifier_9": 99,
    "BurnableERC20": 100,
    "BurnableERC20_1": 101,
    "BurnableERC20_10": 102,
    "BurnableERC20_2": 103,
    "BurnableERC20_3": 104,
    "BurnableERC20_4": 105,
    "BurnableERC20_5": 106,
    "BurnableERC20_6": 107,
    "BurnableERC20_7": 108,
    "BurnableERC20_8": 109,
    "BurnableERC20_9": 110,
    "BytesUtil": 111,
    "BytesUtil_1": 112,
    "BytesUtil_10": 113,
    "BytesUtil_2": 114,
    "BytesUtil_3": 115,
    "BytesUtil_4": 116,
    "BytesUtil_5": 117,
    "BytesUtil_6": 118,
    "BytesUtil_7": 119,
    "BytesUtil_8": 120,
    "BytesUtil_9": 121,
    "Claimable": 122,
    "Claimable_1": 123,
    "Claimable_10": 124,
    "Claimable_2": 125,
    "Claimable_3": 126,
    "Claimable_4": 127,
    "Claimable_5": 128,
    "Claimable_6": 129,
    "Claimable_7": 130,
    "Claimable_8": 131,
    "Claimable_9": 132,
    "Cloneable": 133,
    "Cloneable_1": 134,
    "Cloneable_10": 135,
    "Cloneable_2": 136,
    "Cloneable_3": 137,
    "Cloneable_4": 138,
    "Cloneable_5": 139,
    "Cloneable_6": 140,
    "Cloneable_7": 141,
    "Cloneable_8": 142,
    "Cloneable_9": 143,
    "Create2": 144,
    "Create2_1": 145,
    "Create2_10": 146,
    "Create2_2": 147,
    "Create2_3": 148,
    "Create2_4": 149,
    "Create2_5": 150,
    "Create2_6": 151,
    "Create2_7": 152,
    "Create2_8": 153,
    "Create2_9": 154,
    "DGToken": 155,
    "DefaultDepositContract": 156,
    "DefaultDepositContract_1": 157,
    "DefaultDepositContract_10": 158,
    "DefaultDepositContract_2": 159,
    "DefaultDepositContract_3": 160,
    "DefaultDepositContract_4": 161,
    "DefaultDepositContract_5": 162,
    "DefaultDepositContract_6": 163,
    "DefaultDepositContract_7": 164,
    "DefaultDepositContract_8": 165,
    "DefaultDepositContract_9": 166,
    "DelayedOwner": 167,
    "DelayedOwnerContract": 168,
    "DelayedOwnerContract_1": 169,
    "DelayedOwnerContract_10": 170,
    "DelayedOwnerContract_2": 171,
    "DelayedOwnerContract_3": 172,
    "DelayedOwnerContract_4": 173,
    "DelayedOwnerContract_5": 174,
    "DelayedOwnerContract_6": 175,
    "DelayedOwnerContract_7": 176,
    "DelayedOwnerContract_8": 177,
    "DelayedOwnerContract_9": 178,
    "DelayedOwner_1": 179,
    "DelayedOwner_10": 180,
    "DelayedOwner_2": 181,
    "DelayedOwner_3": 182,
    "DelayedOwner_4": 183,
    "DelayedOwner_5": 184,
    "DelayedOwner_6": 185,
    "DelayedOwner_7": 186,
    "DelayedOwner_8": 187,
    "DelayedOwner_9": 188,
    "DelayedTargetContract": 189,
    "DelayedTargetContract_1": 190,
    "DelayedTargetContract_10": 191,
    "DelayedTargetContract_2": 192,
    "DelayedTargetContract_3": 193,
    "DelayedTargetContract_4": 194,
    "DelayedTargetContract_5": 195,
    "DelayedTargetContract_6": 196,
    "DelayedTargetContract_7": 197,
    "DelayedTargetContract_8": 198,
    "DelayedTargetContract_9": 199,
    "DelayedTransaction": 200,
    "DelayedTransaction_1": 201,
    "DelayedTransaction_10": 202,
    "DelayedTransaction_2": 203,
    "DelayedTransaction_3": 204,
    "DelayedTransaction_4": 205,
    "DelayedTransaction_5": 206,
    "DelayedTransaction_6": 207,
    "DelayedTransaction_7": 208,
    "DelayedTransaction_8": 209,
    "DelayedTransaction_9": 210,
    "DepositTransaction": 211,
    "DepositTransaction_1": 212,
    "DepositTransaction_10": 213,
    "DepositTransaction_2": 214,
    "DepositTransaction_3": 215,
    "DepositTransaction_4": 216,
    "DepositTransaction_5": 217,
    "DepositTransaction_6": 218,
    "DepositTransaction_7": 219,
    "DepositTransaction_8": 220,
    "DepositTransaction_9": 221,
    "Drainable": 222,
    "Drainable_1": 223,
    "Drainable_10": 224,
    "Drainable_2": 225,
    "Drainable_3": 226,
    "Drainable_4": 227,
    "Drainable_5": 228,
    "Drainable_6": 229,
    "Drainable_7": 230,
    "Drainable_8": 231,
    "Drainable_9": 232,
    "DummyToken": 233,
    "DummyToken_1": 234,
    "DummyToken_10": 235,
    "DummyToken_2": 236,
    "DummyToken_3": 237,
    "DummyToken_4": 238,
    "DummyToken_5": 239,
    "DummyToken_6": 240,
    "DummyToken_7": 241,
    "DummyToken_8": 242,
    "DummyToken_9": 243,
    "EIP712": 244,
    "EIP712_1": 245,
    "EIP712_10": 246,
    "EIP712_2": 247,
    "EIP712_3": 248,
    "EIP712_4": 249,
    "EIP712_5": 250,
    "EIP712_6": 251,
    "EIP712_7": 252,
    "EIP712_8": 253,
    "EIP712_9": 254,
    "ERC1271": 255,
    "ERC1271_1": 256,
    "ERC1271_10": 257,
    "ERC1271_2": 258,
    "ERC1271_3": 259,
    "ERC1271_4": 260,
    "ERC1271_5": 261,
    "ERC1271_6": 262,
    "ERC1271_7": 263,
    "ERC1271_8": 264,
    "ERC1271_9": 265,
    "ERC20": 266,
    "ERC20SafeTransfer": 267,
    "ERC20SafeTransfer_1": 268,
    "ERC20SafeTransfer_10": 269,
    "ERC20SafeTransfer_2": 270,
    "ERC20SafeTransfer_3": 271,
    "ERC20SafeTransfer_4": 272,
    "ERC20SafeTransfer_5": 273,
    "ERC20SafeTransfer_6": 274,
    "ERC20SafeTransfer_7": 275,
    "ERC20SafeTransfer_8": 276,
    "ERC20SafeTransfer_9": 277,
    "ERC20Token": 278,
    "ERC20Token_1": 279,
    "ERC20Token_10": 280,
    "ERC20Token_2": 281,
    "ERC20Token_3": 282,
    "ERC20Token_4": 283,
    "ERC20Token_5": 284,
    "ERC20Token_6": 285,
    "ERC20Token_7": 286,
    "ERC20Token_8": 287,
    "ERC20Token_9": 288,
    "ERC20_1": 289,
    "ERC20_10": 290,
    "ERC20_2": 291,
    "ERC20_3": 292,
    "ERC20_4": 293,
    "ERC20_5": 294,
    "ERC20_6": 295,
    "ERC20_7": 296,
    "ERC20_8": 297,
    "ERC20_9": 298,
    "ERC2612": 299,
    "ERC2612_1": 300,
    "ERC2612_10": 301,
    "ERC2612_2": 302,
    "ERC2612_3": 303,
    "ERC2612_4": 304,
    "ERC2612_5": 305,
    "ERC2612_6": 306,
    "ERC2612_7": 307,
    "ERC2612_8": 308,
    "ERC2612_9": 309,
    "ExchangeAdmins": 310,
    "ExchangeAdmins_1": 311,
    "ExchangeAdmins_10": 312,
    "ExchangeAdmins_2": 313,
    "ExchangeAdmins_3": 314,
    "ExchangeAdmins_4": 315,
    "ExchangeAdmins_5": 316,
    "ExchangeAdmins_6": 317,
    "ExchangeAdmins_7": 318,
    "ExchangeAdmins_8": 319,
    "ExchangeAdmins_9": 320,
    "ExchangeBalances": 321,
    "ExchangeBalances_1": 322,
    "ExchangeBalances_10": 323,
    "ExchangeBalances_2": 324,
    "ExchangeBalances_3": 325,
    "ExchangeBalances_4": 326,
    "ExchangeBalances_5": 327,
    "ExchangeBalances_6": 328,
    "ExchangeBalances_7": 329,
    "ExchangeBalances_8": 330,
    "ExchangeBalances_9": 331,
    "ExchangeBlocks": 332,
    "ExchangeBlocks_1": 333,
    "ExchangeBlocks_10": 334,
    "ExchangeBlocks_2": 335,
    "ExchangeBlocks_3": 336,
    "ExchangeBlocks_4": 337,
    "ExchangeBlocks_5": 338,
    "ExchangeBlocks_6": 339,
    "ExchangeBlocks_7": 340,
    "ExchangeBlocks_8": 341,
    "ExchangeBlocks_9": 342,
    "ExchangeData": 343,
    "ExchangeData_1": 344,
    "ExchangeData_10": 345,
    "ExchangeData_2": 346,
    "ExchangeData_3": 347,
    "ExchangeData_4": 348,
    "ExchangeData_5": 349,
    "ExchangeData_6": 350,
    "ExchangeData_7": 351,
    "ExchangeData_8": 352,
    "ExchangeData_9": 353,
    "ExchangeDeposits": 354,
    "ExchangeDeposits_1": 355,
    "ExchangeDeposits_10": 356,
    "ExchangeDeposits_2": 357,
    "ExchangeDeposits_3": 358,
    "ExchangeDeposits_4": 359,
    "ExchangeDeposits_5": 360,
    "ExchangeDeposits_6": 361,
    "ExchangeDeposits_7": 362,
    "ExchangeDeposits_8": 363,
    "ExchangeDeposits_9": 364,
    "ExchangeGenesis": 365,
    "ExchangeGenesis_1": 366,
    "ExchangeGenesis_10": 367,
    "ExchangeGenesis_2": 368,
    "ExchangeGenesis_3": 369,
    "ExchangeGenesis_4": 370,
    "ExchangeGenesis_5": 371,
    "ExchangeGenesis_6": 372,
    "ExchangeGenesis_7": 373,
    "ExchangeGenesis_8": 374,
    "ExchangeGenesis_9": 375,
    "ExchangeMode": 376,
    "ExchangeMode_1": 377,
    "ExchangeMode_10": 378,
    "ExchangeMode_2": 379,
    "ExchangeMode_3": 380,
    "ExchangeMode_4": 381,
    "ExchangeMode_5": 382,
    "ExchangeMode_6": 383,
    "ExchangeMode_7": 384,
    "ExchangeMode_8": 385,
    "ExchangeMode_9": 386,
    "ExchangeSignatures": 387,
    "ExchangeSignatures_1": 388,
    "ExchangeSignatures_10": 389,
    "ExchangeSignatures_2": 390,
    "ExchangeSignatures_3": 391,
    "ExchangeSignatures_4": 392,
    "ExchangeSignatures_5": 393,
    "ExchangeSignatures_6": 394,
    "ExchangeSignatures_7": 395,
    "ExchangeSignatures_8": 396,
    "ExchangeSignatures_9": 397,
    "ExchangeTokens": 398,
    "ExchangeTokens_1": 399,
    "ExchangeTokens_10": 400,
    "ExchangeTokens_2": 401,
    "ExchangeTokens_3": 402,
    "ExchangeTokens_4": 403,
    "ExchangeTokens_5": 404,
    "ExchangeTokens_6": 405,
    "ExchangeTokens_7": 406,
    "ExchangeTokens_8": 407,
    "ExchangeTokens_9": 408,
    "ExchangeV3": 409,
    "ExchangeV3_1": 410,
    "ExchangeV3_10": 411,
    "ExchangeV3_2": 412,
    "ExchangeV3_3": 413,
    "ExchangeV3_4": 414,
    "ExchangeV3_5": 415,
    "ExchangeV3_6": 416,
    "ExchangeV3_7": 417,
    "ExchangeV3_8": 418,
    "ExchangeV3_9": 419,
    "ExchangeWithdrawals": 420,
    "ExchangeWithdrawals_1": 421,
    "ExchangeWithdrawals_10": 422,
    "ExchangeWithdrawals_2": 423,
    "ExchangeWithdrawals_3": 424,
    "ExchangeWithdrawals_4": 425,
    "ExchangeWithdrawals_5": 426,
    "ExchangeWithdrawals_6": 427,
    "ExchangeWithdrawals_7": 428,
    "ExchangeWithdrawals_8": 429,
    "ExchangeWithdrawals_9": 430,
    "FastWithdrawalAgent": 431,
    "FastWithdrawalAgent_1": 432,
    "FastWithdrawalAgent_10": 433,
    "FastWithdrawalAgent_2": 434,
    "FastWithdrawalAgent_3": 435,
    "FastWithdrawalAgent_4": 436,
    "FastWithdrawalAgent_5": 437,
    "FastWithdrawalAgent_6": 438,
    "FastWithdrawalAgent_7": 439,
    "FastWithdrawalAgent_8": 440,
    "FastWithdrawalAgent_9": 441,
    "FastWithdrawalLiquidityProvider": 442,
    "FastWithdrawalLiquidityProvider_1": 443,
    "FastWithdrawalLiquidityProvider_10": 444,
    "FastWithdrawalLiquidityProvider_2": 445,
    "FastWithdrawalLiquidityProvider_3": 446,
    "FastWithdrawalLiquidityProvider_4": 447,
    "FastWithdrawalLiquidityProvider_5": 448,
    "FastWithdrawalLiquidityProvider_6": 449,
    "FastWithdrawalLiquidityProvider_7": 450,
    "FastWithdrawalLiquidityProvider_8": 451,
    "FastWithdrawalLiquidityProvider_9": 452,
    "FloatUtil": 453,
    "FloatUtil_1": 454,
    "FloatUtil_10": 455,
    "FloatUtil_2": 456,
    "FloatUtil_3": 457,
    "FloatUtil_4": 458,
    "FloatUtil_5": 459,
    "FloatUtil_6": 460,
    "FloatUtil_7": 461,
    "FloatUtil_8": 462,
    "FloatUtil_9": 463,
    "ForcedWithdrawalAgent": 464,
    "ForcedWithdrawalAgent_1": 465,
    "ForcedWithdrawalAgent_10": 466,
    "ForcedWithdrawalAgent_2": 467,
    "ForcedWithdrawalAgent_3": 468,
    "ForcedWithdrawalAgent_4": 469,
    "ForcedWithdrawalAgent_5": 470,
    "ForcedWithdrawalAgent_6": 471,
    "ForcedWithdrawalAgent_7": 472,
    "ForcedWithdrawalAgent_8": 473,
    "ForcedWithdrawalAgent_9": 474,
    "GTO": 475,
    "GTO_1": 476,
    "GTO_10": 477,
    "GTO_2": 478,
    "GTO_3": 479,
    "GTO_4": 480,
    "GTO_5": 481,
    "GTO_6": 482,
    "GTO_7": 483,
    "GTO_8": 484,
    "GTO_9": 485,
    "IAgentRegistry": 486,
    "IAgentRegistry_1": 487,
    "IAgentRegistry_10": 488,
    "IAgentRegistry_2": 489,
    "IAgentRegistry_3": 490,
    "IAgentRegistry_4": 491,
    "IAgentRegistry_5": 492,
    "IAgentRegistry_6": 493,
    "IAgentRegistry_7": 494,
    "IAgentRegistry_8": 495,
    "IAgentRegistry_9": 496,
    "IBlockReceiver": 497,
    "IBlockReceiver_1": 498,
    "IBlockReceiver_10": 499,
    "IBlockReceiver_2": 500,
    "IBlockReceiver_3": 501,
    "IBlockReceiver_4": 502,
    "IBlockReceiver_5": 503,
    "IBlockReceiver_6": 504,
    "IBlockReceiver_7": 505,
    "IBlockReceiver_8": 506,
    "IBlockReceiver_9": 507,
    "IBlockVerifier": 508,
    "IBlockVerifier_1": 509,
    "IBlockVerifier_10": 510,
    "IBlockVerifier_2": 511,
    "IBlockVerifier_3": 512,
    "IBlockVerifier_4": 513,
    "IBlockVerifier_5": 514,
    "IBlockVerifier_6": 515,
    "IBlockVerifier_7": 516,
    "IBlockVerifier_8": 517,
    "IBlockVerifier_9": 518,
    "IChiToken": 519,
    "IChiToken_1": 520,
    "IChiToken_10": 521,
    "IChiToken_2": 522,
    "IChiToken_3": 523,
    "IChiToken_4": 524,
    "IChiToken_5": 525,
    "IChiToken_6": 526,
    "IChiToken_7": 527,
    "IChiToken_8": 528,
    "IChiToken_9": 529,
    "IDelayedTransaction": 530,
    "IDelayedTransaction_1": 531,
    "IDelayedTransaction_10": 532,
    "IDelayedTransaction_2": 533,
    "IDelayedTransaction_3": 534,
    "IDelayedTransaction_4": 535,
    "IDelayedTransaction_5": 536,
    "IDelayedTransaction_6": 537,
    "IDelayedTransaction_7": 538,
    "IDelayedTransaction_8": 539,
    "IDelayedTransaction_9": 540,
    "IDepositContract": 541,
    "IDepositContract_1": 542,
    "IDepositContract_10": 543,
    "IDepositContract_2": 544,
    "IDepositContract_3": 545,
    "IDepositContract_4": 546,
    "IDepositContract_5": 547,
    "IDepositContract_6": 548,
    "IDepositContract_7": 549,
    "IDepositContract_8": 550,
    "IDepositContract_9": 551,
    "IExchangeV3": 552,
    "IExchangeV3_1": 553,
    "IExchangeV3_10": 554,
    "IExchangeV3_2": 555,
    "IExchangeV3_3": 556,
    "IExchangeV3_4": 557,
    "IExchangeV3_5": 558,
    "IExchangeV3_6": 559,
    "IExchangeV3_7": 560,
    "IExchangeV3_8": 561,
    "IExchangeV3_9": 562,
    "IKnowForwarderAddress": 563,
    "IKnowForwarderAddress_1": 564,
    "IKnowForwarderAddress_10": 565,
    "IKnowForwarderAddress_2": 566,
    "IKnowForwarderAddress_3": 567,
    "IKnowForwarderAddress_4": 568,
    "IKnowForwarderAddress_5": 569,
    "IKnowForwarderAddress_6": 570,
    "IKnowForwarderAddress_7": 571,
    "IKnowForwarderAddress_8": 572,
    "IKnowForwarderAddress_9": 573,
    "ILoopringV3": 574,
    "ILoopringV3_1": 575,
    "ILoopringV3_10": 576,
    "ILoopringV3_2": 577,
    "ILoopringV3_3": 578,
    "ILoopringV3_4": 579,
    "ILoopringV3_5": 580,
    "ILoopringV3_6": 581,
    "ILoopringV3_7": 582,
    "ILoopringV3_8": 583,
    "ILoopringV3_9": 584,
    "INDA": 585,
    "INDA_1": 586,
    "INDA_10": 587,
    "INDA_2": 588,
    "INDA_3": 589,
    "INDA_4": 590,
    "INDA_5": 591,
    "INDA_6": 592,
    "INDA_7": 593,
    "INDA_8": 594,
    "INDA_9": 595,
    "INDB": 596,
    "INDB_1": 597,
    "INDB_10": 598,
    "INDB_2": 599,
    "INDB_3": 600,
    "INDB_4": 601,
    "INDB_5": 602,
    "INDB_6": 603,
    "INDB_7": 604,
    "INDB_8": 605,
    "INDB_9": 606,
    "IProtocolFeeVault": 607,
    "IProtocolFeeVault_1": 608,
    "IProtocolFeeVault_10": 609,
    "IProtocolFeeVault_2": 610,
    "IProtocolFeeVault_3": 611,
    "IProtocolFeeVault_4": 612,
    "IProtocolFeeVault_5": 613,
    "IProtocolFeeVault_6": 614,
    "IProtocolFeeVault_7": 615,
    "IProtocolFeeVault_8": 616,
    "IProtocolFeeVault_9": 617,
    "IRelayRecipient": 618,
    "IRelayRecipient_1": 619,
    "IRelayRecipient_10": 620,
    "IRelayRecipient_2": 621,
    "IRelayRecipient_3": 622,
    "IRelayRecipient_4": 623,
    "IRelayRecipient_5": 624,
    "IRelayRecipient_6": 625,
    "IRelayRecipient_7": 626,
    "IRelayRecipient_8": 627,
    "IRelayRecipient_9": 628,
    "ITokenSeller": 629,
    "ITokenSeller_1": 630,
    "ITokenSeller_10": 631,
    "ITokenSeller_2": 632,
    "ITokenSeller_3": 633,
    "ITokenSeller_4": 634,
    "ITokenSeller_5": 635,
    "ITokenSeller_6": 636,
    "ITokenSeller_7": 637,
    "ITokenSeller_8": 638,
    "ITokenSeller_9": 639,
    "LPERC20": 640,
    "LPERC20_1": 641,
    "LPERC20_10": 642,
    "LPERC20_2": 643,
    "LPERC20_3": 644,
    "LPERC20_4": 645,
    "LPERC20_5": 646,
    "LPERC20_6": 647,
    "LPERC20_7": 648,
    "LPERC20_8": 649,
    "LPERC20_9": 650,
    "LRC": 651,
    "LRCToken": 652,
    "LRCToken_1": 653,
    "LRCToken_10": 654,
    "LRCToken_2": 655,
    "LRCToken_3": 656,
    "LRCToken_4": 657,
    "LRCToken_5": 658,
    "LRCToken_6": 659,
    "LRCToken_7": 660,
    "LRCToken_8": 661,
    "LRCToken_9": 662,
    "LRC_1": 663,
    "LRC_10": 664,
    "LRC_2": 665,
    "LRC_3": 666,
    "LRC_4": 667,
    "LRC_5": 668,
    "LRC_6": 669,
    "LRC_7": 670,
    "LRC_8": 671,
    "LRC_9": 672,
    "LoopringIOExchangeOwner": 673,
    "LoopringIOExchangeOwner_1": 674,
    "LoopringIOExchangeOwner_10": 675,
    "LoopringIOExchangeOwner_2": 676,
    "LoopringIOExchangeOwner_3": 677,
    "LoopringIOExchangeOwner_4": 678,
    "LoopringIOExchangeOwner_5": 679,
    "LoopringIOExchangeOwner_6": 680,
    "LoopringIOExchangeOwner_7": 681,
    "LoopringIOExchangeOwner_8": 682,
    "LoopringIOExchangeOwner_9": 683,
    "LoopringV3": 684,
    "LoopringV3_1": 685,
    "LoopringV3_10": 686,
    "LoopringV3_2": 687,
    "LoopringV3_3": 688,
    "LoopringV3_4": 689,
    "LoopringV3_5": 690,
    "LoopringV3_6": 691,
    "LoopringV3_7": 692,
    "LoopringV3_8": 693,
    "LoopringV3_9": 694,
    "LzDecompressor": 695,
    "LzDecompressorContract": 696,
    "LzDecompressorContract_1": 697,
    "LzDecompressorContract_10": 698,
    "LzDecompressorContract_2": 699,
    "LzDecompressorContract_3": 700,
    "LzDecompressorContract_4": 701,
    "LzDecompressorContract_5": 702,
    "LzDecompressorContract_6": 703,
    "LzDecompressorContract_7": 704,
    "LzDecompressorContract_8": 705,
    "LzDecompressorContract_9": 706,
    "LzDecompressor_1": 707,
    "LzDecompressor_10": 708,
    "LzDecompressor_2": 709,
    "LzDecompressor_3": 710,
    "LzDecompressor_4": 711,
    "LzDecompressor_5": 712,
    "LzDecompressor_6": 713,
    "LzDecompressor_7": 714,
    "LzDecompressor_8": 715,
    "LzDecompressor_9": 716,
    "MathUint": 717,
    "MathUint248": 718,
    "MathUint248_1": 719,
    "MathUint248_10": 720,
    "MathUint248_2": 721,
    "MathUint248_3": 722,
    "MathUint248_4": 723,
    "MathUint248_5": 724,
    "MathUint248_6": 725,
    "MathUint248_7": 726,
    "MathUint248_8": 727,
    "MathUint248_9": 728,
    "MathUint96": 729,
    "MathUint96_1": 730,
    "MathUint96_10": 731,
    "MathUint96_2": 732,
    "MathUint96_3": 733,
    "MathUint96_4": 734,
    "MathUint96_5": 735,
    "MathUint96_6": 736,
    "MathUint96_7": 737,
    "MathUint96_8": 738,
    "MathUint96_9": 739,
    "MathUint_1": 740,
    "MathUint_10": 741,
    "MathUint_2": 742,
    "MathUint_3": 743,
    "MathUint_4": 744,
    "MathUint_5": 745,
    "MathUint_6": 746,
    "MathUint_7": 747,
    "MathUint_8": 748,
    "MathUint_9": 749,
    "MigrationToLoopringExchangeV2": 750,
    "MigrationToLoopringExchangeV2_1": 751,
    "MigrationToLoopringExchangeV2_10": 752,
    "MigrationToLoopringExchangeV2_2": 753,
    "MigrationToLoopringExchangeV2_3": 754,
    "MigrationToLoopringExchangeV2_4": 755,
    "MigrationToLoopringExchangeV2_5": 756,
    "MigrationToLoopringExchangeV2_6": 757,
    "MigrationToLoopringExchangeV2_7": 758,
    "MigrationToLoopringExchangeV2_8": 759,
    "MigrationToLoopringExchangeV2_9": 760,
    "Migrations": 761,
    "Migrations_1": 762,
    "Migrations_10": 763,
    "Migrations_2": 764,
    "Migrations_3": 765,
    "Migrations_4": 766,
    "Migrations_5": 767,
    "Migrations_6": 768,
    "Migrations_7": 769,
    "Migrations_8": 770,
    "Migrations_9": 771,
    "MockContract": 772,
    "MockContract_1": 773,
    "MockContract_10": 774,
    "MockContract_2": 775,
    "MockContract_3": 776,
    "MockContract_4": 777,
    "MockContract_5": 778,
    "MockContract_6": 779,
    "MockContract_7": 780,
    "MockContract_8": 781,
    "MockContract_9": 782,
    "Ownable": 783,
    "Ownable_1": 784,
    "Ownable_10": 785,
    "Ownable_2": 786,
    "Ownable_3": 787,
    "Ownable_4": 788,
    "Ownable_5": 789,
    "Ownable_6": 790,
    "Ownable_7": 791,
    "Ownable_8": 792,
    "Ownable_9": 793,
    "OwnedUpgradabilityProxy": 794,
    "OwnedUpgradabilityProxy_1": 795,
    "OwnedUpgradabilityProxy_10": 796,
    "OwnedUpgradabilityProxy_2": 797,
    "OwnedUpgradabilityProxy_3": 798,
    "OwnedUpgradabilityProxy_4": 799,
    "OwnedUpgradabilityProxy_5": 800,
    "OwnedUpgradabilityProxy_6": 801,
    "OwnedUpgradabilityProxy_7": 802,
    "OwnedUpgradabilityProxy_8": 803,
    "OwnedUpgradabilityProxy_9": 804,
    "OwnerManagable": 805,
    "OwnerManagable_1": 806,
    "OwnerManagable_10": 807,
    "OwnerManagable_2": 808,
    "OwnerManagable_3": 809,
    "OwnerManagable_4": 810,
    "OwnerManagable_5": 811,
    "OwnerManagable_6": 812,
    "OwnerManagable_7": 813,
    "OwnerManagable_8": 814,
    "OwnerManagable_9": 815,
    "Poseidon": 816,
    "PoseidonContract": 817,
    "PoseidonContract_1": 818,
    "PoseidonContract_10": 819,
    "PoseidonContract_2": 820,
    "PoseidonContract_3": 821,
    "PoseidonContract_4": 822,
    "PoseidonContract_5": 823,
    "PoseidonContract_6": 824,
    "PoseidonContract_7": 825,
    "PoseidonContract_8": 826,
    "PoseidonContract_9": 827,
    "Poseidon_1": 828,
    "Poseidon_10": 829,
    "Poseidon_2": 830,
    "Poseidon_3": 831,
    "Poseidon_4": 832,
    "Poseidon_5": 833,
    "Poseidon_6": 834,
    "Poseidon_7": 835,
    "Poseidon_8": 836,
    "Poseidon_9": 837,
    "ProtocolFeeVault": 838,
    "ProtocolFeeVault_1": 839,
    "ProtocolFeeVault_10": 840,
    "ProtocolFeeVault_2": 841,
    "ProtocolFeeVault_3": 842,
    "ProtocolFeeVault_4": 843,
    "ProtocolFeeVault_5": 844,
    "ProtocolFeeVault_6": 845,
    "ProtocolFeeVault_7": 846,
    "ProtocolFeeVault_8": 847,
    "ProtocolFeeVault_9": 848,
    "Proxy": 849,
    "Proxy_1": 850,
    "Proxy_10": 851,
    "Proxy_2": 852,
    "Proxy_3": 853,
    "Proxy_4": 854,
    "Proxy_5": 855,
    "Proxy_6": 856,
    "Proxy_7": 857,
    "Proxy_8": 858,
    "Proxy_9": 859,
    "RDN": 860,
    "RDN_1": 861,
    "RDN_10": 862,
    "RDN_2": 863,
    "RDN_3": 864,
    "RDN_4": 865,
    "RDN_5": 866,
    "RDN_6": 867,
    "RDN_7": 868,
    "RDN_8": 869,
    "RDN_9": 870,
    "REP": 871,
    "REP_1": 872,
    "REP_10": 873,
    "REP_2": 874,
    "REP_3": 875,
    "REP_4": 876,
    "REP_5": 877,
    "REP_6": 878,
    "REP_7": 879,
    "REP_8": 880,
    "REP_9": 881,
    "ReentrancyGuard": 882,
    "ReentrancyGuard_1": 883,
    "ReentrancyGuard_10": 884,
    "ReentrancyGuard_2": 885,
    "ReentrancyGuard_3": 886,
    "ReentrancyGuard_4": 887,
    "ReentrancyGuard_5": 888,
    "ReentrancyGuard_6": 889,
    "ReentrancyGuard_7": 890,
    "ReentrancyGuard_8": 891,
    "ReentrancyGuard_9": 892,
    "SafeCast": 893,
    "SafeCast_1": 894,
    "SafeCast_10": 895,
    "SafeCast_2": 896,
    "SafeCast_3": 897,
    "SafeCast_4": 898,
    "SafeCast_5": 899,
    "SafeCast_6": 900,
    "SafeCast_7": 901,
    "SafeCast_8": 902,
    "SafeCast_9": 903,
    "SelectorBasedAccessManager": 904,
    "SelectorBasedAccessManager_1": 905,
    "SelectorBasedAccessManager_10": 906,
    "SelectorBasedAccessManager_2": 907,
    "SelectorBasedAccessManager_3": 908,
    "SelectorBasedAccessManager_4": 909,
    "SelectorBasedAccessManager_5": 910,
    "SelectorBasedAccessManager_6": 911,
    "SelectorBasedAccessManager_7": 912,
    "SelectorBasedAccessManager_8": 913,
    "SelectorBasedAccessManager_9": 914,
    "SignatureUtil": 915,
    "SignatureUtil_1": 916,
    "SignatureUtil_10": 917,
    "SignatureUtil_2": 918,
    "SignatureUtil_3": 919,
    "SignatureUtil_4": 920,
    "SignatureUtil_5": 921,
    "SignatureUtil_6": 922,
    "SignatureUtil_7": 923,
    "SignatureUtil_8": 924,
    "SignatureUtil_9": 925,
    "SimpleProxy": 926,
    "SimpleProxy_1": 927,
    "SimpleProxy_10": 928,
    "SimpleProxy_2": 929,
    "SimpleProxy_3": 930,
    "SimpleProxy_4": 931,
    "SimpleProxy_5": 932,
    "SimpleProxy_6": 933,
    "SimpleProxy_7": 934,
    "SimpleProxy_8": 935,
    "SimpleProxy_9": 936,
    "TEST": 937,
    "TEST_1": 938,
    "TEST_10": 939,
    "TEST_2": 940,
    "TEST_3": 941,
    "TEST_4": 942,
    "TEST_5": 943,
    "TEST_6": 944,
    "TEST_7": 945,
    "TEST_8": 946,
    "TEST_9": 947,
    "TestAccountContract": 948,
    "TestAccountContract_1": 949,
    "TestAccountContract_10": 950,
    "TestAccountContract_2": 951,
    "TestAccountContract_3": 952,
    "TestAccountContract_4": 953,
    "TestAccountContract_5": 954,
    "TestAccountContract_6": 955,
    "TestAccountContract_7": 956,
    "TestAccountContract_8": 957,
    "TestAccountContract_9": 958,
    "TransferContract": 959,
    "TransferContract_1": 960,
    "TransferContract_10": 961,
    "TransferContract_2": 962,
    "TransferContract_3": 963,
    "TransferContract_4": 964,
    "TransferContract_5": 965,
    "TransferContract_6": 966,
    "TransferContract_7": 967,
    "TransferContract_8": 968,
    "TransferContract_9": 969,
    "UpgradabilityProxy": 970,
    "UpgradabilityProxy_1": 971,
    "UpgradabilityProxy_10": 972,
    "UpgradabilityProxy_2": 973,
    "UpgradabilityProxy_3": 974,
    "UpgradabilityProxy_4": 975,
    "UpgradabilityProxy_5": 976,
    "UpgradabilityProxy_6": 977,
    "UpgradabilityProxy_7": 978,
    "UpgradabilityProxy_8": 979,
    "UpgradabilityProxy_9": 980,
    "VerificationKeys": 981,
    "VerificationKeys_1": 982,
    "VerificationKeys_10": 983,
    "VerificationKeys_2": 984,
    "VerificationKeys_3": 985,
    "VerificationKeys_4": 986,
    "VerificationKeys_5": 987,
    "VerificationKeys_6": 988,
    "VerificationKeys_7": 989,
    "VerificationKeys_8": 990,
    "VerificationKeys_9": 991,
    "Verifier": 992,
    "Verifier_1": 993,
    "Verifier_10": 994,
    "Verifier_2": 995,
    "Verifier_3": 996,
    "Verifier_4": 997,
    "Verifier_5": 998,
    "Verifier_6": 999,
    "Verifier_7": 1000,
    "Verifier_8": 1001,
    "Verifier_9": 1002,
    "WETH": 1003,
    "WETH_1": 1004,
    "WETH_10": 1005,
    "WETH_2": 1006,
    "WETH_3": 1007,
    "WETH_4": 1008,
    "WETH_5": 1009,
    "WETH_6": 1010,
    "WETH_7": 1011,
    "WETH_8": 1012,
    "WETH_9": 1013,
    "WithdrawTransaction": 1014,
    "WithdrawTransaction_1": 1015,
    "WithdrawTransaction_10": 1016,
    "WithdrawTransaction_2": 1017,
    "WithdrawTransaction_3": 1018,
    "WithdrawTransaction_4": 1019,
    "WithdrawTransaction_5": 1020,
    "WithdrawTransaction_6": 1021,
    "WithdrawTransaction_7": 1022,
    "WithdrawTransaction_8": 1023,
    "WithdrawTransaction_9": 1024,
    "ZeroDecompressor": 1025,
    "ZeroDecompressorContract": 1026,
    "ZeroDecompressorContract_1": 1027,
    "ZeroDecompressorContract_10": 1028,
    "ZeroDecompressorContract_2": 1029,
    "ZeroDecompressorContract_3": 1030,
    "ZeroDecompressorContract_4": 1031,
    "ZeroDecompressorContract_5": 1032,
    "ZeroDecompressorContract_6": 1033,
    "ZeroDecompressorContract_7": 1034,
    "ZeroDecompressorContract_8": 1035,
    "ZeroDecompressorContract_9": 1036,
    "ZeroDecompressor_1": 1037,
    "ZeroDecompressor_10": 1038,
    "ZeroDecompressor_2": 1039,
    "ZeroDecompressor_3": 1040,
    "ZeroDecompressor_4": 1041,
    "ZeroDecompressor_5": 1042,
    "ZeroDecompressor_6": 1043,
    "ZeroDecompressor_7": 1044,
    "ZeroDecompressor_8": 1045,
    "ZeroDecompressor_9": 1046
}