{
    "Address": 1,
    "AddressUpgradeable": 2,
    "Address_1": 3,
    "Address_2": 4,
    "Address_3": 5,
    "Address_4": 6,
    "Address_5": 7,
    "Address_6": 8,
    "Address_7": 9,
    "Address_8": 10,
    "Address_9": 11,
    "Bridge": 12,
    "Bridge_1": 13,
    "Cache": 14,
    "Cache_1": 15,
    "ChainId": 16,
    "Context": 17,
    "ContextUpgradeable": 18,
    "ContextUpgradeable_1": 19,
    "Context_1": 20,
    "Context_2": 21,
    "Context_3": 22,
    "Context_4": 23,
    "Context_5": 24,
    "Context_6": 25,
    "Context_7": 26,
    "ECDSA": 27,
    "ECDSA_1": 28,
    "ERC20": 29,
    "IBridge": 30,
    "IBridge_1": 31,
    "IBridge_2": 32,
    "IBridge_3": 33,
    "IBridge_4": 34,
    "IBridge_5": 35,
    "IBridge_6": 36,
    "IBridge_7": 37,
    "IERC20": 38,
    "IERC20Metadata": 39,
    "IERC20Metadata_1": 40,
    "IERC20Metadata_2": 41,
    "IERC20Metadata_3": 42,
    "IERC20Metadata_4": 43,
    "IERC20Metadata_5": 44,
    "IERC20Metadata_6": 45,
    "IERC20Metadata_7": 46,
    "IERC20Metadata_8": 47,
    "IERC20Metadata_9": 48,
    "IERC20Mintable": 49,
    "IERC20Mintable_1": 50,
    "IERC20_1": 51,
    "IERC20_10": 52,
    "IERC20_2": 53,
    "IERC20_3": 54,
    "IERC20_4": 55,
    "IERC20_5": 56,
    "IERC20_6": 57,
    "IERC20_7": 58,
    "IERC20_8": 59,
    "IERC20_9": 60,
    "IEverscale": 61,
    "IEverscale_1": 62,
    "IEverscale_10": 63,
    "IEverscale_2": 64,
    "IEverscale_3": 65,
    "IEverscale_4": 66,
    "IEverscale_5": 67,
    "IEverscale_6": 68,
    "IEverscale_7": 69,
    "IEverscale_8": 70,
    "IEverscale_9": 71,
    "IMultiVault": 72,
    "IMultiVaultFacetDeposit": 73,
    "IMultiVaultFacetDepositEvents": 74,
    "IMultiVaultFacetFees": 75,
    "IMultiVaultFacetFeesEvents": 76,
    "IMultiVaultFacetFeesEvents_1": 77,
    "IMultiVaultFacetFeesEvents_2": 78,
    "IMultiVaultFacetFeesEvents_3": 79,
    "IMultiVaultFacetFees_1": 80,
    "IMultiVaultFacetFees_2": 81,
    "IMultiVaultFacetFees_3": 82,
    "IMultiVaultFacetLiquidity": 83,
    "IMultiVaultFacetLiquidityEvents": 84,
    "IMultiVaultFacetLiquidityEvents_1": 85,
    "IMultiVaultFacetLiquidityEvents_2": 86,
    "IMultiVaultFacetLiquidityEvents_3": 87,
    "IMultiVaultFacetLiquidity_1": 88,
    "IMultiVaultFacetLiquidity_2": 89,
    "IMultiVaultFacetLiquidity_3": 90,
    "IMultiVaultFacetLiquidity_4": 91,
    "IMultiVaultFacetPendingWithdrawals": 92,
    "IMultiVaultFacetPendingWithdrawalsEvents": 93,
    "IMultiVaultFacetPendingWithdrawalsEvents_1": 94,
    "IMultiVaultFacetPendingWithdrawals_1": 95,
    "IMultiVaultFacetPendingWithdrawals_2": 96,
    "IMultiVaultFacetPendingWithdrawals_3": 97,
    "IMultiVaultFacetPendingWithdrawals_4": 98,
    "IMultiVaultFacetSettings": 99,
    "IMultiVaultFacetSettingsEvents": 100,
    "IMultiVaultFacetTokens": 101,
    "IMultiVaultFacetTokensEvents": 102,
    "IMultiVaultFacetTokensEvents_1": 103,
    "IMultiVaultFacetTokensEvents_2": 104,
    "IMultiVaultFacetTokensEvents_3": 105,
    "IMultiVaultFacetTokens_1": 106,
    "IMultiVaultFacetTokens_2": 107,
    "IMultiVaultFacetTokens_3": 108,
    "IMultiVaultFacetTokens_4": 109,
    "IMultiVaultFacetWithdraw": 110,
    "IMultiVaultFacetWithdrawEvents": 111,
    "IMultiVaultFacetWithdraw_1": 112,
    "IMultiVaultFacetWithdraw_2": 113,
    "IMultiVaultFacetWithdraw_3": 114,
    "IMultiVaultFacetWithdraw_4": 115,
    "IMultiVaultToken": 116,
    "IMultiVaultToken_1": 117,
    "IMultiVaultToken_2": 118,
    "IMultiVaultToken_3": 119,
    "IMultiVaultToken_4": 120,
    "IMultiVaultToken_5": 121,
    "IOctusCallback": 122,
    "IOctusCallback_1": 123,
    "IStrategy": 124,
    "IStrategy_1": 125,
    "IStrategy_2": 126,
    "IVault": 127,
    "IVaultBasic": 128,
    "IVaultBasic_1": 129,
    "IVaultBasic_2": 130,
    "IVault_1": 131,
    "IVault_2": 132,
    "IVault_3": 133,
    "IWETH": 134,
    "Initializable": 135,
    "Initializable_1": 136,
    "Initializable_2": 137,
    "Initializable_3": 138,
    "Initializable_4": 139,
    "Initializable_5": 140,
    "Initializable_6": 141,
    "Math": 142,
    "Math_1": 143,
    "Math_2": 144,
    "MultiVault": 145,
    "MultiVaultFacetDeposit": 146,
    "MultiVaultFacetLiquidity": 147,
    "MultiVaultFacetSettings": 148,
    "MultiVaultFacetTokens": 149,
    "MultiVaultFacetWithdraw": 150,
    "MultiVaultHelperActors": 151,
    "MultiVaultHelperActors_1": 152,
    "MultiVaultHelperActors_2": 153,
    "MultiVaultHelperCallback": 154,
    "MultiVaultHelperCallback_1": 155,
    "MultiVaultHelperEmergency": 156,
    "MultiVaultHelperEmergency_1": 157,
    "MultiVaultHelperEmergency_2": 158,
    "MultiVaultHelperEmergency_3": 159,
    "MultiVaultHelperEmergency_4": 160,
    "MultiVaultHelperEverscale": 161,
    "MultiVaultHelperFee": 162,
    "MultiVaultHelperFee_1": 163,
    "MultiVaultHelperFee_2": 164,
    "MultiVaultHelperFee_3": 165,
    "MultiVaultHelperGas": 166,
    "MultiVaultHelperInitializable": 167,
    "MultiVaultHelperLiquidity": 168,
    "MultiVaultHelperLiquidity_1": 169,
    "MultiVaultHelperLiquidity_2": 170,
    "MultiVaultHelperLiquidity_3": 171,
    "MultiVaultHelperPendingWithdrawal": 172,
    "MultiVaultHelperPendingWithdrawal_1": 173,
    "MultiVaultHelperReentrancyGuard": 174,
    "MultiVaultHelperReentrancyGuard_1": 175,
    "MultiVaultHelperReentrancyGuard_2": 176,
    "MultiVaultHelperTokenBalance": 177,
    "MultiVaultHelperTokens": 178,
    "MultiVaultHelperTokens_1": 179,
    "MultiVaultHelperTokens_2": 180,
    "MultiVaultHelperTokens_3": 181,
    "MultiVaultHelperWithdraw": 182,
    "MultiVaultLibrary": 183,
    "MultiVaultStorage": 184,
    "MultiVaultStorageInitializable": 185,
    "MultiVaultStorageReentrancyGuard": 186,
    "MultiVaultStorageReentrancyGuard_1": 187,
    "MultiVaultStorageReentrancyGuard_2": 188,
    "MultiVaultStorage_1": 189,
    "MultiVaultStorage_2": 190,
    "MultiVaultStorage_3": 191,
    "MultiVaultStorage_4": 192,
    "MultiVaultToken": 193,
    "MultiVaultToken_1": 194,
    "MultiVaultToken_2": 195,
    "MultiVaultToken_3": 196,
    "MultiVaultToken_4": 197,
    "MultiVaultToken_5": 198,
    "Ownable": 199,
    "OwnableUpgradeable": 200,
    "OwnableUpgradeable_1": 201,
    "Ownable_1": 202,
    "Ownable_2": 203,
    "Ownable_3": 204,
    "Ownable_4": 205,
    "Ownable_5": 206,
    "Ownable_6": 207,
    "Ownable_7": 208,
    "PausableUpgradeable": 209,
    "PausableUpgradeable_1": 210,
    "ReentrancyGuard": 211,
    "ReentrancyGuard_1": 212,
    "ReentrancyGuard_2": 213,
    "ReentrancyGuard_3": 214,
    "ReentrancyGuard_4": 215,
    "SafeERC20": 216,
    "SafeERC20_1": 217,
    "SafeERC20_2": 218,
    "SafeERC20_3": 219,
    "SafeERC20_4": 220,
    "SafeERC20_5": 221,
    "SafeERC20_6": 222,
    "SafeERC20_7": 223,
    "Token": 224,
    "Vault": 225,
    "VaultHelpers": 226,
    "VaultHelpers_1": 227,
    "VaultHelpers_2": 228,
    "VaultStorage": 229,
    "VaultStorage_1": 230,
    "VaultStorage_2": 231,
    "VaultStorage_3": 232,
    "Vault_1": 233,
    "Vault_2": 234,
    "Vault_3": 235,
    "console": 236,
    "draft-IERC20Permit": 237,
    "draft-IERC20Permit_1": 238
}