{
    "CrossChainEnabled": 1,
    "CrossChainEnabledArbitrumL1": 2,
    "CrossChainEnabledArbitrumL2": 3,
    "CrossChainEnabledOptimismL1": 4,
    "CrossChainEnabledOptimismL2": 5,
    "Greeter": 6,
    "GreeterArbitrumL2": 7,
    "GreeterOptimismL2": 8,
    "IArbSys": 9,
    "IBridge": 10,
    "ICrossDomainMessenger": 11,
    "IInbox": 12,
    "IL1StandardBridge": 13,
    "IL2StandardBridge": 14,
    "IMessageProvider": 15,
    "IOutbox": 16,
    "LibArbitrumL1": 17,
    "LibArbitrumL2": 18,
    "LibOptimismL1": 19,
    "LibOptimismL2": 20,
    "SenderArbitrumL1": 21,
    "SenderOptimismL1": 22,
    "errors": 23
}