{
    "ACL": 1,
    "ACLSyntaxSugar": 2,
    "ACLSyntaxSugar_1": 3,
    "ACLSyntaxSugar_2": 4,
    "ACLSyntaxSugar_3": 5,
    "ACLSyntaxSugar_4": 6,
    "ACLSyntaxSugar_5": 7,
    "ACL_1": 8,
    "ACL_2": 9,
    "ACL_3": 10,
    "ACL_4": 11,
    "ACL_5": 12,
    "APMRegistry": 13,
    "APMRegistryFactory": 14,
    "APMRegistryFactory_1": 15,
    "APMRegistry_1": 16,
    "AbstractENS": 17,
    "AbstractENS_1": 18,
    "AddressUpgradeable": 19,
    "AppProxyBase": 20,
    "AppProxyBase_1": 21,
    "AppProxyBase_2": 22,
    "AppProxyBase_3": 23,
    "AppProxyBase_4": 24,
    "AppProxyBase_5": 25,
    "AppProxyFactory": 26,
    "AppProxyFactory_1": 27,
    "AppProxyFactory_2": 28,
    "AppProxyFactory_3": 29,
    "AppProxyFactory_4": 30,
    "AppProxyFactory_5": 31,
    "AppProxyPinned": 32,
    "AppProxyPinned_1": 33,
    "AppProxyPinned_2": 34,
    "AppProxyPinned_3": 35,
    "AppProxyPinned_4": 36,
    "AppProxyPinned_5": 37,
    "AppProxyUpgradeable": 38,
    "AppProxyUpgradeable_1": 39,
    "AppProxyUpgradeable_2": 40,
    "AppProxyUpgradeable_3": 41,
    "AppProxyUpgradeable_4": 42,
    "AppProxyUpgradeable_5": 43,
    "AppStorage": 44,
    "AppStorage_1": 45,
    "AppStorage_2": 46,
    "AppStorage_3": 47,
    "AppStorage_4": 48,
    "AppStorage_5": 49,
    "AragonApp": 50,
    "AragonApp_1": 51,
    "AragonApp_2": 52,
    "AragonApp_3": 53,
    "AragonApp_4": 54,
    "AragonApp_5": 55,
    "Autopetrified": 56,
    "Autopetrified_1": 57,
    "Autopetrified_2": 58,
    "Autopetrified_3": 59,
    "Autopetrified_4": 60,
    "Autopetrified_5": 61,
    "BaseEVMScriptExecutor": 62,
    "BaseEVMScriptExecutor_1": 63,
    "BaseEVMScriptExecutor_2": 64,
    "BaseEVMScriptExecutor_3": 65,
    "BaseEVMScriptExecutor_4": 66,
    "BaseEVMScriptExecutor_5": 67,
    "CallsScript": 68,
    "CallsScript_1": 69,
    "CallsScript_2": 70,
    "CallsScript_3": 71,
    "CallsScript_4": 72,
    "CallsScript_5": 73,
    "ContextUpgradeable": 74,
    "ConversionHelpers": 75,
    "ConversionHelpers_1": 76,
    "ConversionHelpers_2": 77,
    "ConversionHelpers_3": 78,
    "ConversionHelpers_4": 79,
    "ConversionHelpers_5": 80,
    "CountersUpgradeable": 81,
    "DAOFactory": 82,
    "DAOFactory_1": 83,
    "DAOFactory_2": 84,
    "DAOFactory_3": 85,
    "DAOFactory_4": 86,
    "DAOFactory_5": 87,
    "DandelionVoting": 88,
    "DandelionVoting_1": 89,
    "DandelionVoting_2": 90,
    "DelegateProxy": 91,
    "DelegateProxy_1": 92,
    "DelegateProxy_2": 93,
    "DelegateProxy_3": 94,
    "DelegateProxy_4": 95,
    "DelegateProxy_5": 96,
    "DepositableDelegateProxy": 97,
    "DepositableDelegateProxy_1": 98,
    "DepositableDelegateProxy_2": 99,
    "DepositableDelegateProxy_3": 100,
    "DepositableDelegateProxy_4": 101,
    "DepositableDelegateProxy_5": 102,
    "DepositableStorage": 103,
    "DepositableStorage_1": 104,
    "DepositableStorage_2": 105,
    "DepositableStorage_3": 106,
    "DepositableStorage_4": 107,
    "DepositableStorage_5": 108,
    "ECDSAUpgradeable": 109,
    "ENS": 110,
    "ENSConstants": 111,
    "ENSConstants_1": 112,
    "ENSFactory": 113,
    "ENSFactory_1": 114,
    "ENSSubdomainRegistrar": 115,
    "ENSSubdomainRegistrar_1": 116,
    "ENS_1": 117,
    "ERC20": 118,
    "ERC20BurnableUpgradeable": 119,
    "ERC20PresetFixedSupplyUpgradeable": 120,
    "ERC20Upgradeable": 121,
    "ERC20_1": 122,
    "ERC20_2": 123,
    "ERC20_3": 124,
    "ERC20_4": 125,
    "ERC20_5": 126,
    "ERCProxy": 127,
    "ERCProxy_1": 128,
    "ERCProxy_2": 129,
    "ERCProxy_3": 130,
    "ERCProxy_4": 131,
    "ERCProxy_5": 132,
    "EVMScriptRegistry": 133,
    "EVMScriptRegistryFactory": 134,
    "EVMScriptRegistryFactory_1": 135,
    "EVMScriptRegistryFactory_2": 136,
    "EVMScriptRegistryFactory_3": 137,
    "EVMScriptRegistryFactory_4": 138,
    "EVMScriptRegistryFactory_5": 139,
    "EVMScriptRegistry_1": 140,
    "EVMScriptRegistry_2": 141,
    "EVMScriptRegistry_3": 142,
    "EVMScriptRegistry_4": 143,
    "EVMScriptRegistry_5": 144,
    "EVMScriptRunner": 145,
    "EVMScriptRunner_1": 146,
    "EVMScriptRunner_2": 147,
    "EVMScriptRunner_3": 148,
    "EVMScriptRunner_4": 149,
    "EVMScriptRunner_5": 150,
    "EthPnt": 151,
    "EtherTokenConstant": 152,
    "EtherTokenConstant_1": 153,
    "EtherTokenConstant_2": 154,
    "EtherTokenConstant_3": 155,
    "EtherTokenConstant_4": 156,
    "EtherTokenConstant_5": 157,
    "ExecutionTarget": 158,
    "ExecutionTarget_1": 159,
    "ExecutionTarget_2": 160,
    "IACL": 161,
    "IACLOracle": 162,
    "IACLOracle_1": 163,
    "IACLOracle_2": 164,
    "IACLOracle_3": 165,
    "IACLOracle_4": 166,
    "IACLOracle_5": 167,
    "IACL_1": 168,
    "IACL_2": 169,
    "IACL_3": 170,
    "IACL_4": 171,
    "IACL_5": 172,
    "IERC20MetadataUpgradeable": 173,
    "IERC20Upgradeable": 174,
    "IEVMScriptExecutor": 175,
    "IEVMScriptExecutor_1": 176,
    "IEVMScriptExecutor_2": 177,
    "IEVMScriptExecutor_3": 178,
    "IEVMScriptExecutor_4": 179,
    "IEVMScriptExecutor_5": 180,
    "IEVMScriptRegistry": 181,
    "IEVMScriptRegistry_1": 182,
    "IEVMScriptRegistry_2": 183,
    "IEVMScriptRegistry_3": 184,
    "IEVMScriptRegistry_4": 185,
    "IEVMScriptRegistry_5": 186,
    "IForwarder": 187,
    "IForwarder_1": 188,
    "IForwarder_2": 189,
    "IForwarder_3": 190,
    "IForwarder_4": 191,
    "IForwarder_5": 192,
    "IKernel": 193,
    "IKernel_1": 194,
    "IKernel_2": 195,
    "IKernel_3": 196,
    "IKernel_4": 197,
    "IKernel_5": 198,
    "ITokenController": 199,
    "ITokenController_1": 200,
    "ITokenController_2": 201,
    "ITokenController_3": 202,
    "ITokenController_4": 203,
    "ITokenController_5": 204,
    "IUniswapV2Pair": 205,
    "IVaultRecoverable": 206,
    "IVaultRecoverable_1": 207,
    "IVaultRecoverable_2": 208,
    "IVaultRecoverable_3": 209,
    "IVaultRecoverable_4": 210,
    "IVaultRecoverable_5": 211,
    "Imports": 212,
    "Imports_1": 213,
    "Imports_2": 214,
    "Imports_3": 215,
    "Imports_4": 216,
    "Initializable": 217,
    "Initializable_1": 218,
    "Initializable_2": 219,
    "Initializable_3": 220,
    "Initializable_4": 221,
    "Initializable_5": 222,
    "Initializable_6": 223,
    "IsContract": 224,
    "IsContract_1": 225,
    "IsContract_2": 226,
    "IsContract_3": 227,
    "IsContract_4": 228,
    "IsContract_5": 229,
    "Kernel": 230,
    "KernelConstants": 231,
    "KernelConstants_1": 232,
    "KernelConstants_2": 233,
    "KernelConstants_3": 234,
    "KernelConstants_4": 235,
    "KernelConstants_5": 236,
    "KernelProxy": 237,
    "KernelProxy_1": 238,
    "KernelProxy_2": 239,
    "KernelProxy_3": 240,
    "KernelProxy_4": 241,
    "KernelProxy_5": 242,
    "KernelStorage": 243,
    "KernelStorage_1": 244,
    "KernelStorage_2": 245,
    "KernelStorage_3": 246,
    "KernelStorage_4": 247,
    "KernelStorage_5": 248,
    "Kernel_1": 249,
    "Kernel_2": 250,
    "Kernel_3": 251,
    "Kernel_4": 252,
    "Kernel_5": 253,
    "MiniMeToken": 254,
    "MiniMeToken_1": 255,
    "MiniMeToken_2": 256,
    "MiniMeToken_3": 257,
    "MiniMeToken_4": 258,
    "MiniMeToken_5": 259,
    "MiniMeToken_6": 260,
    "NodeManager": 261,
    "PNT": 262,
    "Petrifiable": 263,
    "Petrifiable_1": 264,
    "Petrifiable_2": 265,
    "Petrifiable_3": 266,
    "Petrifiable_4": 267,
    "Petrifiable_5": 268,
    "PublicResolver": 269,
    "PublicResolver_1": 270,
    "ReentrancyGuard": 271,
    "ReentrancyGuard_1": 272,
    "ReentrancyGuard_2": 273,
    "ReentrancyGuard_3": 274,
    "ReentrancyGuard_4": 275,
    "ReentrancyGuard_5": 276,
    "Repo": 277,
    "Repo_1": 278,
    "SafeERC20": 279,
    "SafeERC20_1": 280,
    "SafeERC20_2": 281,
    "SafeERC20_3": 282,
    "SafeERC20_4": 283,
    "SafeERC20_5": 284,
    "SafeMath": 285,
    "SafeMath64": 286,
    "SafeMath64_1": 287,
    "SafeMath64_2": 288,
    "SafeMath64_3": 289,
    "SafeMath64_4": 290,
    "SafeMath64_5": 291,
    "SafeMath_1": 292,
    "SafeMath_2": 293,
    "SafeMath_3": 294,
    "SafeMath_4": 295,
    "SafeMath_5": 296,
    "ScriptHelpers": 297,
    "ScriptHelpers_1": 298,
    "ScriptHelpers_2": 299,
    "ScriptHelpers_3": 300,
    "ScriptHelpers_4": 301,
    "ScriptHelpers_5": 302,
    "SigUtils": 303,
    "SigUtils_1": 304,
    "StakingManager": 305,
    "StakingManager_1": 306,
    "StakingManager_2": 307,
    "StandardToken": 308,
    "StandardToken_1": 309,
    "StandardToken_2": 310,
    "StandardToken_3": 311,
    "StandardToken_4": 312,
    "Steroids": 313,
    "StringsUpgradeable": 314,
    "TestImports": 315,
    "TimeHelpers": 316,
    "TimeHelpersMock": 317,
    "TimeHelpers_1": 318,
    "TimeHelpers_2": 319,
    "TimeHelpers_3": 320,
    "TimeHelpers_4": 321,
    "TimeHelpers_5": 322,
    "TokenManager": 323,
    "TokenManagerHook": 324,
    "TokenManager_1": 325,
    "TokenManager_2": 326,
    "TokenManager_3": 327,
    "TokenMock": 328,
    "TokenMock_1": 329,
    "TokenMock_2": 330,
    "TokenMock_3": 331,
    "TokenMock_4": 332,
    "Uint256Helpers": 333,
    "Uint256Helpers_1": 334,
    "Uint256Helpers_2": 335,
    "Uint256Helpers_3": 336,
    "Uint256Helpers_4": 337,
    "Uint256Helpers_5": 338,
    "UnstructuredStorage": 339,
    "UnstructuredStorage_1": 340,
    "UnstructuredStorage_2": 341,
    "UnstructuredStorage_3": 342,
    "UnstructuredStorage_4": 343,
    "UnstructuredStorage_5": 344,
    "Vault": 345,
    "VaultRecoverable": 346,
    "VaultRecoverable_1": 347,
    "VaultRecoverable_2": 348,
    "VaultRecoverable_3": 349,
    "VaultRecoverable_4": 350,
    "VaultRecoverable_5": 351,
    "Vault_1": 352,
    "Vault_2": 353,
    "Vault_3": 354,
    "Vault_4": 355,
    "VotingMock": 356,
    "VotingMock_1": 357,
    "VotingMock_2": 358,
    "VotingRewards": 359,
    "draft-EIP712Upgradeable": 360,
    "draft-ERC20PermitUpgradeable": 361,
    "draft-IERC20PermitUpgradeable": 362
}