{
    "AdditionalZkSync": 1,
    "AdditionalZkSync_1": 2,
    "Address": 3,
    "AddressAliasHelper": 4,
    "AddressAliasHelper_1": 5,
    "AddressAliasHelper_2": 6,
    "AddressAliasHelper_3": 7,
    "AddressAliasHelper_4": 8,
    "AddressUpgradeable": 9,
    "Address_1": 10,
    "Address_2": 11,
    "AllowList": 12,
    "AllowListed": 13,
    "AllowListed_1": 14,
    "AllowListed_2": 15,
    "AllowListed_3": 16,
    "AllowListed_4": 17,
    "AllowListed_5": 18,
    "AllowListed_6": 19,
    "AllowListed_7": 20,
    "AllowListed_8": 21,
    "AllowListed_9": 22,
    "Base": 23,
    "Base_1": 24,
    "Base_2": 25,
    "Base_3": 26,
    "Base_4": 27,
    "Base_5": 28,
    "Base_6": 29,
    "Base_7": 30,
    "BridgeInitializationHelper": 31,
    "Bytes": 32,
    "Bytes_1": 33,
    "Config": 34,
    "Config_1": 35,
    "Config_2": 36,
    "Config_3": 37,
    "Config_4": 38,
    "Config_5": 39,
    "Config_6": 40,
    "Config_7": 41,
    "Constants": 42,
    "Context": 43,
    "ContextUpgradeable": 44,
    "Context_1": 45,
    "DefaultOperatorFiltererUpgradeable": 46,
    "Diamond": 47,
    "DiamondCut": 48,
    "DiamondInit": 49,
    "DiamondProxy": 50,
    "DiamondUpgradeInit5": 51,
    "Diamond_1": 52,
    "Diamond_2": 53,
    "Diamond_3": 54,
    "Diamond_4": 55,
    "Diamond_5": 56,
    "ECDSAUpgradeable": 57,
    "ERC1155BurnableUpgradeable": 58,
    "ERC1155SupplyUpgradeable": 59,
    "ERC1155Upgradeable": 60,
    "ERC165Upgradeable": 61,
    "ERC1967Proxy": 62,
    "ERC1967Upgrade": 63,
    "ERC2981Upgradeable": 64,
    "Events": 65,
    "Events_1": 66,
    "Executor": 67,
    "Getters": 68,
    "Governance": 69,
    "Governance_1": 70,
    "Governance_2": 71,
    "IAllowList": 72,
    "IAllowList_1": 73,
    "IAllowList_10": 74,
    "IAllowList_2": 75,
    "IAllowList_3": 76,
    "IAllowList_4": 77,
    "IAllowList_5": 78,
    "IAllowList_6": 79,
    "IAllowList_7": 80,
    "IAllowList_8": 81,
    "IAllowList_9": 82,
    "IBeacon": 83,
    "IDiamondCut": 84,
    "IDiamondCut_1": 85,
    "IERC1155MetadataURIUpgradeable": 86,
    "IERC1155ReceiverUpgradeable": 87,
    "IERC1155Upgradeable": 88,
    "IERC165Upgradeable": 89,
    "IERC20": 90,
    "IERC20Metadata": 91,
    "IERC20Metadata_1": 92,
    "IERC20_1": 93,
    "IERC20_2": 94,
    "IERC20_3": 95,
    "IERC2981Upgradeable": 96,
    "IExecutor": 97,
    "IExecutor_1": 98,
    "IExecutor_2": 99,
    "IGetters": 100,
    "IGetters_1": 101,
    "IGovernance": 102,
    "IGovernance_1": 103,
    "IL1Bridge": 104,
    "IL1BridgeLegacy": 105,
    "IL1BridgeLegacy_1": 106,
    "IL1Bridge_1": 107,
    "IL2Bridge": 108,
    "IL2Bridge_1": 109,
    "IL2ContractDeployer": 110,
    "IL2ContractDeployer_1": 111,
    "IL2ERC20Bridge": 112,
    "IMailbox": 113,
    "IMailbox_1": 114,
    "IMailbox_2": 115,
    "IMailbox_3": 116,
    "IMailbox_4": 117,
    "IOperatorFilterRegistry": 118,
    "ITrustedTransfarableERC20": 119,
    "ITrustedTransfarableERC20_1": 120,
    "IZkSync": 121,
    "Initializable": 122,
    "KeysWithPlonkVerifier": 123,
    "KeysWithPlonkVerifier_1": 124,
    "L1ERC20Bridge": 125,
    "L1ERC20Bridge_1": 126,
    "L2ContractAddresses": 127,
    "L2ContractAddresses_1": 128,
    "L2ContractAddresses_2": 129,
    "L2ContractAddresses_3": 130,
    "L2ContractAddresses_4": 131,
    "L2ContractAddresses_5": 132,
    "L2ContractHelper": 133,
    "L2ContractHelper_1": 134,
    "L2ContractHelper_2": 135,
    "L2ContractHelper_3": 136,
    "L2ContractHelper_4": 137,
    "L2ContractHelper_5": 138,
    "L2ContractHelper_6": 139,
    "Mailbox": 140,
    "Mailbox_1": 141,
    "Mailbox_2": 142,
    "Math": 143,
    "MathUpgradeable": 144,
    "Math_1": 145,
    "Math_2": 146,
    "Merkle": 147,
    "Merkle_1": 148,
    "Merkle_2": 149,
    "NFTFactory": 150,
    "NFTFactory_1": 151,
    "Operations": 152,
    "Operations_1": 153,
    "OperatorFiltererUpgradeable": 154,
    "Ownable": 155,
    "Ownable2Step": 156,
    "OwnableUpgradeable": 157,
    "Ownable_1": 158,
    "PairingsBn254": 159,
    "PairingsBn254_1": 160,
    "PairingsBn254_10": 161,
    "PairingsBn254_2": 162,
    "PairingsBn254_3": 163,
    "PairingsBn254_4": 164,
    "PairingsBn254_5": 165,
    "PairingsBn254_6": 166,
    "PairingsBn254_7": 167,
    "PairingsBn254_8": 168,
    "PairingsBn254_9": 169,
    "PausableUpgradeable": 170,
    "Plonk4VerifierWithAccessToDNext": 171,
    "Plonk4VerifierWithAccessToDNext_1": 172,
    "Plonk4VerifierWithAccessToDNext_10": 173,
    "Plonk4VerifierWithAccessToDNext_2": 174,
    "Plonk4VerifierWithAccessToDNext_3": 175,
    "Plonk4VerifierWithAccessToDNext_4": 176,
    "Plonk4VerifierWithAccessToDNext_5": 177,
    "Plonk4VerifierWithAccessToDNext_6": 178,
    "Plonk4VerifierWithAccessToDNext_7": 179,
    "Plonk4VerifierWithAccessToDNext_8": 180,
    "Plonk4VerifierWithAccessToDNext_9": 181,
    "PlonkCore": 182,
    "PlonkCore_1": 183,
    "PriorityQueue": 184,
    "PriorityQueue_1": 185,
    "PriorityQueue_2": 186,
    "PriorityQueue_3": 187,
    "PriorityQueue_4": 188,
    "PriorityQueue_5": 189,
    "PriorityQueue_6": 190,
    "PriorityQueue_7": 191,
    "PriorityQueue_8": 192,
    "PriorityQueue_9": 193,
    "Proxy": 194,
    "ProxyAdmin": 195,
    "ReentrancyGuard": 196,
    "ReentrancyGuardUpgradeable": 197,
    "ReentrancyGuard_1": 198,
    "ReentrancyGuard_10": 199,
    "ReentrancyGuard_11": 200,
    "ReentrancyGuard_2": 201,
    "ReentrancyGuard_3": 202,
    "ReentrancyGuard_4": 203,
    "ReentrancyGuard_5": 204,
    "ReentrancyGuard_6": 205,
    "ReentrancyGuard_7": 206,
    "ReentrancyGuard_8": 207,
    "ReentrancyGuard_9": 208,
    "SafeCast": 209,
    "SafeCast_1": 210,
    "SafeCast_2": 211,
    "SafeCast_3": 212,
    "SafeCast_4": 213,
    "SafeCast_5": 214,
    "SafeCast_6": 215,
    "SafeCast_7": 216,
    "SafeERC20": 217,
    "SafeERC20_1": 218,
    "SafeMath": 219,
    "SafeMathUInt128": 220,
    "SafeMathUInt128_1": 221,
    "SafeMath_1": 222,
    "Storage": 223,
    "StorageSlot": 224,
    "Storage_1": 225,
    "Storage_10": 226,
    "Storage_11": 227,
    "Storage_2": 228,
    "Storage_3": 229,
    "Storage_4": 230,
    "Storage_5": 231,
    "Storage_6": 232,
    "Storage_7": 233,
    "Storage_8": 234,
    "Storage_9": 235,
    "StringsUpgradeable": 236,
    "TokenGovernance": 237,
    "TokenGovernance_1": 238,
    "TranscriptLib": 239,
    "TranscriptLib_1": 240,
    "TranscriptLib_10": 241,
    "TranscriptLib_2": 242,
    "TranscriptLib_3": 243,
    "TranscriptLib_4": 244,
    "TranscriptLib_5": 245,
    "TranscriptLib_6": 246,
    "TranscriptLib_7": 247,
    "TranscriptLib_8": 248,
    "TranscriptLib_9": 249,
    "TransparentUpgradeableProxy": 250,
    "UncheckedMath": 251,
    "UncheckedMath_1": 252,
    "UncheckedMath_10": 253,
    "UncheckedMath_11": 254,
    "UncheckedMath_12": 255,
    "UncheckedMath_2": 256,
    "UncheckedMath_3": 257,
    "UncheckedMath_4": 258,
    "UncheckedMath_5": 259,
    "UncheckedMath_6": 260,
    "UncheckedMath_7": 261,
    "UncheckedMath_8": 262,
    "UncheckedMath_9": 263,
    "UnsafeBytes": 264,
    "UnsafeBytes_1": 265,
    "UnsafeBytes_2": 266,
    "UnsafeBytes_3": 267,
    "UnsafeBytes_4": 268,
    "UnsafeBytes_5": 269,
    "Upgradeable": 270,
    "UpgradeableMaster": 271,
    "UpgradeableMaster_1": 272,
    "Upgradeable_1": 273,
    "Utils": 274,
    "Utils_1": 275,
    "Verifier": 276,
    "Verifier_1": 277,
    "Verifier_10": 278,
    "Verifier_11": 279,
    "Verifier_12": 280,
    "Verifier_2": 281,
    "Verifier_3": 282,
    "Verifier_4": 283,
    "Verifier_5": 284,
    "Verifier_6": 285,
    "Verifier_7": 286,
    "Verifier_8": 287,
    "Verifier_9": 288,
    "WagmiTraitsUpgradable": 289,
    "ZkSync": 290,
    "ZkSync_1": 291,
    "draft-IERC1822": 292,
    "draft-IERC20Permit": 293,
    "draft-IERC20Permit_1": 294
}