file,original pragma version,compiled version,notes
ReentrancyGuard_4.sol,^0.8.0,0.8.0,
IERC20.sol,^0.8.0,0.8.0,
CBridge.sol,>=0.8.0 <0.9.0,0.8.0,
ReentrancyGuard.sol,^0.8.0,0.8.0,
ReentrancyGuard_2.sol,^0.8.0,0.8.0,
IPeggedTokenBridgeV2.sol,>=0.8.0,0.8.0,
ReentrancyGuard_3.sol,^0.8.0,0.8.0,
IPeggedToken_1.sol,0.8.9,0.8.9,
Pausable.sol,^0.8.0,0.8.0,
ISigsVerifier.sol,>=0.8.0,0.8.0,
Pauser_4.sol,0.8.9,0.8.9,
OriginalTokenVaultV2.sol,0.8.9,0.8.9,
Pb_4.sol,0.8.9,0.8.9,
Pool.sol,0.8.9,0.8.9,
SafeERC20_1.sol,^0.8.0,0.8.0,
Ownable.sol,^0.8.0,0.8.0,
Context_1.sol,^0.8.0,0.8.0,
Governor.sol,0.8.9,0.8.9,
OriginalTokenVault.sol,0.8.9,0.8.9,
Pb_5.sol,0.8.9,0.8.9,
PbPool_1.sol,0.8.9,0.8.9,
Pauser_5.sol,0.8.9,0.8.9,
SafeERC20.sol,^0.8.0,0.8.0,
Governor_4.sol,0.8.9,0.8.9,
IPeggedTokenBridge.sol,>=0.8.0,0.8.0,
PbPegged_4.sol,0.8.9,0.8.9,
Pool_2.sol,0.8.9,0.8.9,
Context_3.sol,^0.8.0,0.8.0,
SafeERC20_3.sol,^0.8.0,0.8.0,
IPeggedTokenBurnFrom.sol,>=0.8.0,0.8.0,
SafeERC20_2.sol,^0.8.0,0.8.0,
Context_2.sol,^0.8.0,0.8.0,
Pb_6.sol,0.8.9,0.8.9,
PbPool_2.sol,0.8.9,0.8.9,
Governor_5.sol,0.8.9,0.8.9,
Pauser_2.sol,0.8.9,0.8.9,
PbPegged_1.sol,0.8.9,0.8.9,
Bridge.sol,0.8.9,0.8.9,
Pb_2.sol,0.8.9,0.8.9,
Address.sol,^0.8.1,0.8.1,
ECDSA.sol,^0.8.0,0.8.0,
PbBridge.sol,0.8.9,0.8.9,
Pb_3.sol,0.8.9,0.8.9,
Pauser_3.sol,0.8.9,0.8.9,
IBridge.sol,>=0.8.0,0.8.0,
Governor_2.sol,0.8.9,0.8.9,
Pauser_1.sol,0.8.9,0.8.9,
PbPegged_2.sol,0.8.9,0.8.9,
Pb_1.sol,0.8.9,0.8.9,
Context_5.sol,^0.8.0,0.8.0,
SafeERC20_5.sol,^0.8.0,0.8.0,
IWETH.sol,0.8.9,0.8.9,
SafeERC20_4.sol,^0.8.0,0.8.0,
Context_4.sol,^0.8.0,0.8.0,
Signers.sol,0.8.9,0.8.9,
PbPegged_3.sol,0.8.9,0.8.9,
Governor_3.sol,0.8.9,0.8.9,
IOriginalTokenVaultV2.sol,>=0.8.0,0.8.0,
ISigsVerifier_2.sol,>=0.8.0,0.8.0,
PbPool.sol,0.8.9,0.8.9,
ISigsVerifier_3.sol,0.8.9,0.8.9,
PeggedTokenBridgeV2.sol,0.8.9,0.8.9,
Pb.sol,0.8.9,0.8.9,
IOriginalTokenVault.sol,>=0.8.0,0.8.0,
VolumeControl_4.sol,0.8.9,0.8.9,
IPeggedToken.sol,>=0.8.0,0.8.0,
ISigsVerifier_4.sol,0.8.9,0.8.9,
Signers_2.sol,0.8.9,0.8.9,
ISigsVerifier_5.sol,0.8.9,0.8.9,
VolumeControl_1.sol,0.8.9,0.8.9,
PbBridge_3.sol,0.8.9,0.8.9,
VolumeControl_3.sol,0.8.9,0.8.9,
Context.sol,^0.8.0,0.8.0,
ISigsVerifier_6.sol,0.8.9,0.8.9,
VolumeControl_2.sol,0.8.9,0.8.9,
PbBridge_2.sol,0.8.9,0.8.9,
ReentrancyGuard_4_1.sol,^0.8.0,0.8.0,
Pausable_2.sol,^0.8.0,0.8.0,
IERC20_4.sol,^0.8.0,0.8.0,
Address_6.sol,^0.8.0,0.8.0,
DelayedTransfer_2.sol,0.8.9,0.8.9,
BridgeTransferLib.sol,>=0.8.0,0.8.0,
Ownable_3.sol,^0.8.0,0.8.0,
Ownable_2.sol,^0.8.0,0.8.0,
DelayedTransfer_3.sol,0.8.9,0.8.9,
IERC20_5.sol,^0.8.0,0.8.0,
Pausable_3.sol,^0.8.0,0.8.0,
Pauser.sol,0.8.9,0.8.9,
Address_5.sol,^0.8.0,0.8.0,
DelayedTransfer_1.sol,0.8.9,0.8.9,
TransferAgent.sol,0.8.9,0.8.9,
Address_4.sol,^0.8.0,0.8.0,
IERC20_6.sol,^0.8.0,0.8.0,
Bridge_2.sol,0.8.9,0.8.9,
PeggedTokenBridge.sol,0.8.9,0.8.9,
Pausable_4.sol,^0.8.0,0.8.0,
IWETH_2.sol,>=0.8.0,0.8.0,
IERC20_2.sol,^0.8.0,0.8.0,
DelayedTransfer_4.sol,0.8.9,0.8.9,
Ownable_5.sol,^0.8.0,0.8.0,
Ownable_4.sol,^0.8.0,0.8.0,
IERC20_3.sol,^0.8.0,0.8.0,
VolumeControl.sol,0.8.9,0.8.9,
Pausable_5.sol,^0.8.0,0.8.0,
DelayedTransfer.sol,0.8.9,0.8.9,
Address_3.sol,^0.8.0,0.8.0,
Ownable_6.sol,^0.8.0,0.8.0,
Ownable_7.sol,^0.8.0,0.8.0,
ECDSA_2.sol,^0.8.0,0.8.0,
Address_2.sol,^0.8.1,0.8.1,
PbPegged.sol,0.8.9,0.8.9,
Pausable_6.sol,^0.8.0,0.8.0,
