{
    "AccessControlEnumerableUpgradeable": 1,
    "AccessControlEnumerableUpgradeable_1": 2,
    "AccessControlUpgradeable": 3,
    "AccessControlUpgradeable_1": 4,
    "BridgeValidators": 5,
    "ContextUpgradeable": 6,
    "ContextUpgradeable_1": 7,
    "ERC165Upgradeable": 8,
    "ERC165Upgradeable_1": 9,
    "ERC20BurnableUpgradeable": 10,
    "ERC20BurnableUpgradeable_1": 11,
    "ERC20PausableUpgradeable": 12,
    "ERC20PausableUpgradeable_1": 13,
    "ERC20PresetMinterPauserUpgradeable": 14,
    "ERC20PresetMinterPauserUpgradeable_1": 15,
    "ERC20Upgradeable": 16,
    "ERC20Upgradeable_1": 17,
    "EnumerableSetUpgradeable": 18,
    "EnumerableSetUpgradeable_1": 19,
    "EternalStorageProxy": 20,
    "ForeignAMB": 21,
    "ForeignMultiAMBErc20ToErc677": 22,
    "IAccessControlEnumerableUpgradeable": 23,
    "IAccessControlUpgradeable": 24,
    "IERC165Upgradeable": 25,
    "IERC165Upgradeable_1": 26,
    "IERC20MetadataUpgradeable": 27,
    "IERC20MetadataUpgradeable_1": 28,
    "IERC20Upgradeable": 29,
    "IERC20Upgradeable_1": 30,
    "Initializable": 31,
    "Initializable_1": 32,
    "MultiRewards": 33,
    "MultiRewards_1": 34,
    "PausableUpgradeable": 35,
    "PausableUpgradeable_1": 36,
    "Staking": 37,
    "Staking_1": 38,
    "Staking_2": 39,
    "StringsUpgradeable": 40,
    "StringsUpgradeable_1": 41,
    "TokenFactory": 42,
    "VOLTAGE": 43,
    "VOLTAGEv2": 44
}