{
    "AccessControl": 1,
    "AccessControlUpgradeable": 2,
    "AccessControlUpgradeable_1": 3,
    "AccessControlUpgradeable_2": 4,
    "AccessControlUpgradeable_3": 5,
    "AccessControlUpgradeable_4": 6,
    "AccessControlUpgradeable_5": 7,
    "AccessControlUpgradeable_6": 8,
    "AccessControlUpgradeable_7": 9,
    "AccessControlUpgradeable_8": 10,
    "AccessControlUpgradeable_9": 11,
    "AccessControl_1": 12,
    "AccessControl_2": 13,
    "AccessControl_3": 14,
    "AccessControl_4": 15,
    "AccessControl_5": 16,
    "AccessControl_6": 17,
    "AccessControl_7": 18,
    "Address": 19,
    "AddressUpgradeable": 20,
    "AddressUpgradeable_1": 21,
    "AddressUpgradeable_10": 22,
    "AddressUpgradeable_11": 23,
    "AddressUpgradeable_12": 24,
    "AddressUpgradeable_13": 25,
    "AddressUpgradeable_14": 26,
    "AddressUpgradeable_15": 27,
    "AddressUpgradeable_16": 28,
    "AddressUpgradeable_17": 29,
    "AddressUpgradeable_2": 30,
    "AddressUpgradeable_3": 31,
    "AddressUpgradeable_4": 32,
    "AddressUpgradeable_5": 33,
    "AddressUpgradeable_6": 34,
    "AddressUpgradeable_7": 35,
    "AddressUpgradeable_8": 36,
    "AddressUpgradeable_9": 37,
    "Address_1": 38,
    "Address_10": 39,
    "Address_11": 40,
    "Address_12": 41,
    "Address_13": 42,
    "Address_14": 43,
    "Address_15": 44,
    "Address_16": 45,
    "Address_17": 46,
    "Address_18": 47,
    "Address_19": 48,
    "Address_2": 49,
    "Address_20": 50,
    "Address_21": 51,
    "Address_22": 52,
    "Address_23": 53,
    "Address_24": 54,
    "Address_25": 55,
    "Address_3": 56,
    "Address_4": 57,
    "Address_5": 58,
    "Address_6": 59,
    "Address_7": 60,
    "Address_8": 61,
    "Address_9": 62,
    "AmplificationUtils": 63,
    "AmplificationUtils_1": 64,
    "AmplificationUtils_2": 65,
    "AmplificationUtils_3": 66,
    "AmplificationUtils_4": 67,
    "AmplificationUtils_5": 68,
    "BoringBatchable": 69,
    "BoringERC20": 70,
    "BoringMath": 71,
    "BoringOwnable": 72,
    "BridgeConfig": 73,
    "BridgeConfigV2": 74,
    "BridgeConfigV3": 75,
    "BridgeConfigV3_1": 76,
    "BridgeConfigV3_2": 77,
    "BridgeConfigV3_3": 78,
    "BridgeConfig_1": 79,
    "Clones": 80,
    "Clones_1": 81,
    "Clones_2": 82,
    "Clones_3": 83,
    "Clones_4": 84,
    "Context": 85,
    "ContextUpgradeable": 86,
    "ContextUpgradeable_1": 87,
    "ContextUpgradeable_10": 88,
    "ContextUpgradeable_11": 89,
    "ContextUpgradeable_12": 90,
    "ContextUpgradeable_13": 91,
    "ContextUpgradeable_14": 92,
    "ContextUpgradeable_15": 93,
    "ContextUpgradeable_16": 94,
    "ContextUpgradeable_17": 95,
    "ContextUpgradeable_2": 96,
    "ContextUpgradeable_3": 97,
    "ContextUpgradeable_4": 98,
    "ContextUpgradeable_5": 99,
    "ContextUpgradeable_6": 100,
    "ContextUpgradeable_7": 101,
    "ContextUpgradeable_8": 102,
    "ContextUpgradeable_9": 103,
    "Context_1": 104,
    "Context_10": 105,
    "Context_11": 106,
    "Context_12": 107,
    "Context_13": 108,
    "Context_14": 109,
    "Context_15": 110,
    "Context_16": 111,
    "Context_17": 112,
    "Context_18": 113,
    "Context_19": 114,
    "Context_2": 115,
    "Context_20": 116,
    "Context_21": 117,
    "Context_22": 118,
    "Context_23": 119,
    "Context_24": 120,
    "Context_25": 121,
    "Context_26": 122,
    "Context_27": 123,
    "Context_28": 124,
    "Context_3": 125,
    "Context_4": 126,
    "Context_5": 127,
    "Context_6": 128,
    "Context_7": 129,
    "Context_8": 130,
    "Context_9": 131,
    "CountersUpgradeable": 132,
    "CountersUpgradeable_1": 133,
    "ECDSAUpgradeable": 134,
    "ECDSAUpgradeable_1": 135,
    "EIP712Upgradeable": 136,
    "EIP712Upgradeable_1": 137,
    "ERC165": 138,
    "ERC20": 139,
    "ERC20Burnable": 140,
    "ERC20BurnableUpgradeable": 141,
    "ERC20BurnableUpgradeable_1": 142,
    "ERC20BurnableUpgradeable_2": 143,
    "ERC20BurnableUpgradeable_3": 144,
    "ERC20BurnableUpgradeable_4": 145,
    "ERC20BurnableUpgradeable_5": 146,
    "ERC20BurnableUpgradeable_6": 147,
    "ERC20BurnableUpgradeable_7": 148,
    "ERC20BurnableUpgradeable_8": 149,
    "ERC20BurnableUpgradeable_9": 150,
    "ERC20Burnable_1": 151,
    "ERC20Burnable_2": 152,
    "ERC20Burnable_3": 153,
    "ERC20Burnable_4": 154,
    "ERC20Burnable_5": 155,
    "ERC20Burnable_6": 156,
    "ERC20Burnable_7": 157,
    "ERC20Burnable_8": 158,
    "ERC20Burnable_9": 159,
    "ERC20PermitUpgradeable": 160,
    "ERC20PermitUpgradeable_1": 161,
    "ERC20Upgradeable": 162,
    "ERC20Upgradeable_1": 163,
    "ERC20Upgradeable_2": 164,
    "ERC20Upgradeable_3": 165,
    "ERC20Upgradeable_4": 166,
    "ERC20Upgradeable_5": 167,
    "ERC20Upgradeable_6": 168,
    "ERC20Upgradeable_7": 169,
    "ERC20Upgradeable_8": 170,
    "ERC20Upgradeable_9": 171,
    "ERC20_1": 172,
    "ERC20_10": 173,
    "ERC20_11": 174,
    "ERC20_12": 175,
    "ERC20_13": 176,
    "ERC20_14": 177,
    "ERC20_15": 178,
    "ERC20_16": 179,
    "ERC20_17": 180,
    "ERC20_18": 181,
    "ERC20_19": 182,
    "ERC20_2": 183,
    "ERC20_3": 184,
    "ERC20_4": 185,
    "ERC20_5": 186,
    "ERC20_6": 187,
    "ERC20_7": 188,
    "ERC20_8": 189,
    "ERC20_9": 190,
    "EnumerableSet": 191,
    "EnumerableSetUpgradeable": 192,
    "EnumerableSetUpgradeable_1": 193,
    "EnumerableSetUpgradeable_2": 194,
    "EnumerableSetUpgradeable_3": 195,
    "EnumerableSetUpgradeable_4": 196,
    "EnumerableSetUpgradeable_5": 197,
    "EnumerableSetUpgradeable_6": 198,
    "EnumerableSetUpgradeable_7": 199,
    "EnumerableSetUpgradeable_8": 200,
    "EnumerableSetUpgradeable_9": 201,
    "EnumerableSet_1": 202,
    "EnumerableSet_2": 203,
    "EnumerableSet_3": 204,
    "EnumerableSet_4": 205,
    "EnumerableSet_5": 206,
    "EnumerableSet_6": 207,
    "EnumerableStringMap": 208,
    "IAccessControl": 209,
    "IERC165": 210,
    "IERC20": 211,
    "IERC20PermitUpgradeable": 212,
    "IERC20PermitUpgradeable_1": 213,
    "IERC20Upgradeable": 214,
    "IERC20Upgradeable_1": 215,
    "IERC20Upgradeable_2": 216,
    "IERC20Upgradeable_3": 217,
    "IERC20Upgradeable_4": 218,
    "IERC20Upgradeable_5": 219,
    "IERC20Upgradeable_6": 220,
    "IERC20Upgradeable_7": 221,
    "IERC20Upgradeable_8": 222,
    "IERC20Upgradeable_9": 223,
    "IERC20_1": 224,
    "IERC20_10": 225,
    "IERC20_11": 226,
    "IERC20_12": 227,
    "IERC20_13": 228,
    "IERC20_14": 229,
    "IERC20_15": 230,
    "IERC20_16": 231,
    "IERC20_17": 232,
    "IERC20_18": 233,
    "IERC20_19": 234,
    "IERC20_2": 235,
    "IERC20_20": 236,
    "IERC20_21": 237,
    "IERC20_3": 238,
    "IERC20_4": 239,
    "IERC20_5": 240,
    "IERC20_6": 241,
    "IERC20_7": 242,
    "IERC20_8": 243,
    "IERC20_9": 244,
    "IFlashLoanReceiver": 245,
    "IMasterChef": 246,
    "IMetaSwap": 247,
    "IMetaSwapDeposit": 248,
    "IMetaSwapDeposit_1": 249,
    "IMetaSwapDeposit_2": 250,
    "IMetaSwapDeposit_3": 251,
    "IMetaSwapDeposit_4": 252,
    "IMetaSwapDeposit_5": 253,
    "IMetaSwapDeposit_6": 254,
    "IMetaSwap_1": 255,
    "IRewarder": 256,
    "ISwap": 257,
    "ISwap_1": 258,
    "ISwap_10": 259,
    "ISwap_11": 260,
    "ISwap_12": 261,
    "ISwap_13": 262,
    "ISwap_14": 263,
    "ISwap_15": 264,
    "ISwap_16": 265,
    "ISwap_17": 266,
    "ISwap_18": 267,
    "ISwap_19": 268,
    "ISwap_2": 269,
    "ISwap_3": 270,
    "ISwap_4": 271,
    "ISwap_5": 272,
    "ISwap_6": 273,
    "ISwap_7": 274,
    "ISwap_8": 275,
    "ISwap_9": 276,
    "ISynapseBridge": 277,
    "ISynapseBridge_1": 278,
    "IWETH9": 279,
    "IWETH9_1": 280,
    "IWETH9_2": 281,
    "IWETH9_3": 282,
    "IWETH9_4": 283,
    "IWETH9_5": 284,
    "Initializable": 285,
    "Initializable_1": 286,
    "Initializable_10": 287,
    "Initializable_11": 288,
    "Initializable_12": 289,
    "Initializable_13": 290,
    "Initializable_14": 291,
    "Initializable_15": 292,
    "Initializable_16": 293,
    "Initializable_17": 294,
    "Initializable_2": 295,
    "Initializable_3": 296,
    "Initializable_4": 297,
    "Initializable_5": 298,
    "Initializable_6": 299,
    "Initializable_7": 300,
    "Initializable_8": 301,
    "Initializable_9": 302,
    "L1BridgeZap": 303,
    "LPToken": 304,
    "LPToken_1": 305,
    "LPToken_2": 306,
    "LPToken_3": 307,
    "LPToken_4": 308,
    "LPToken_5": 309,
    "LPToken_6": 310,
    "LPToken_7": 311,
    "MathUtils": 312,
    "MathUtils_1": 313,
    "MathUtils_2": 314,
    "MathUtils_3": 315,
    "MathUtils_4": 316,
    "MathUtils_5": 317,
    "MetaSwap": 318,
    "MetaSwapDeployer": 319,
    "MetaSwapDeposit": 320,
    "MetaSwapUtils": 321,
    "MetaSwapUtils_1": 322,
    "MiniChefV2": 323,
    "Multicall2": 324,
    "NerveBridgeZap": 325,
    "NerveBridgeZap_1": 326,
    "NodeEnv": 327,
    "Ownable": 328,
    "OwnableUpgradeable": 329,
    "OwnableUpgradeable_1": 330,
    "OwnableUpgradeable_2": 331,
    "OwnableUpgradeable_3": 332,
    "OwnableUpgradeable_4": 333,
    "OwnableUpgradeable_5": 334,
    "OwnableUpgradeable_6": 335,
    "OwnableUpgradeable_7": 336,
    "Ownable_1": 337,
    "Ownable_2": 338,
    "OwnerPausableUpgradeable": 339,
    "OwnerPausableUpgradeable_1": 340,
    "OwnerPausableUpgradeable_2": 341,
    "PausableUpgradeable": 342,
    "PausableUpgradeable_1": 343,
    "PausableUpgradeable_10": 344,
    "PausableUpgradeable_2": 345,
    "PausableUpgradeable_3": 346,
    "PausableUpgradeable_4": 347,
    "PausableUpgradeable_5": 348,
    "PausableUpgradeable_6": 349,
    "PausableUpgradeable_7": 350,
    "PausableUpgradeable_8": 351,
    "PausableUpgradeable_9": 352,
    "PoolConfig": 353,
    "Proxy": 354,
    "ReentrancyGuardUpgradeable": 355,
    "ReentrancyGuardUpgradeable_1": 356,
    "ReentrancyGuardUpgradeable_10": 357,
    "ReentrancyGuardUpgradeable_11": 358,
    "ReentrancyGuardUpgradeable_2": 359,
    "ReentrancyGuardUpgradeable_3": 360,
    "ReentrancyGuardUpgradeable_4": 361,
    "ReentrancyGuardUpgradeable_5": 362,
    "ReentrancyGuardUpgradeable_6": 363,
    "ReentrancyGuardUpgradeable_7": 364,
    "ReentrancyGuardUpgradeable_8": 365,
    "ReentrancyGuardUpgradeable_9": 366,
    "SafeERC20": 367,
    "SafeERC20_1": 368,
    "SafeERC20_10": 369,
    "SafeERC20_11": 370,
    "SafeERC20_12": 371,
    "SafeERC20_13": 372,
    "SafeERC20_14": 373,
    "SafeERC20_15": 374,
    "SafeERC20_16": 375,
    "SafeERC20_17": 376,
    "SafeERC20_2": 377,
    "SafeERC20_3": 378,
    "SafeERC20_4": 379,
    "SafeERC20_5": 380,
    "SafeERC20_6": 381,
    "SafeERC20_7": 382,
    "SafeERC20_8": 383,
    "SafeERC20_9": 384,
    "SafeMath": 385,
    "SafeMathUpgradeable": 386,
    "SafeMathUpgradeable_1": 387,
    "SafeMathUpgradeable_2": 388,
    "SafeMathUpgradeable_3": 389,
    "SafeMathUpgradeable_4": 390,
    "SafeMathUpgradeable_5": 391,
    "SafeMathUpgradeable_6": 392,
    "SafeMathUpgradeable_7": 393,
    "SafeMathUpgradeable_8": 394,
    "SafeMathUpgradeable_9": 395,
    "SafeMath_1": 396,
    "SafeMath_10": 397,
    "SafeMath_11": 398,
    "SafeMath_12": 399,
    "SafeMath_13": 400,
    "SafeMath_14": 401,
    "SafeMath_15": 402,
    "SafeMath_16": 403,
    "SafeMath_17": 404,
    "SafeMath_18": 405,
    "SafeMath_19": 406,
    "SafeMath_2": 407,
    "SafeMath_20": 408,
    "SafeMath_21": 409,
    "SafeMath_22": 410,
    "SafeMath_23": 411,
    "SafeMath_24": 412,
    "SafeMath_25": 413,
    "SafeMath_26": 414,
    "SafeMath_27": 415,
    "SafeMath_3": 416,
    "SafeMath_4": 417,
    "SafeMath_5": 418,
    "SafeMath_6": 419,
    "SafeMath_7": 420,
    "SafeMath_8": 421,
    "SafeMath_9": 422,
    "SignedSafeMath": 423,
    "Strings": 424,
    "Swap": 425,
    "SwapDeployer": 426,
    "SwapFlashLoan": 427,
    "SwapUtils": 428,
    "SwapUtils_1": 429,
    "SwapUtils_2": 430,
    "SwapUtils_3": 431,
    "SwapUtils_4": 432,
    "SwapUtils_5": 433,
    "Swap_1": 434,
    "Swap_2": 435,
    "SynapseBridge": 436,
    "SynapseBridge_1": 437,
    "SynapseBridge_2": 438,
    "SynapseBridge_3": 439,
    "SynapseBridge_4": 440,
    "SynapseBridge_5": 441,
    "SynapseBridge_6": 442,
    "SynapseBridge_7": 443,
    "SynapseERC20": 444,
    "SynapseERC20_1": 445,
    "TimelockController": 446,
    "TokenVesting": 447,
    "TransparentUpgradeableProxy": 448,
    "UpgradeableProxy": 449
}