{
    "AAC": 1,
    "AaveToken": 2,
    "AccessControl": 3,
    "Address": 4,
    "Address_2": 5,
    "Address_3": 6,
    "Address_4": 7,
    "BaseAdminUpgradeabilityProxy": 8,
    "BaseUpgradeabilityProxy": 9,
    "Boring": 10,
    "BoringDAOV2": 11,
    "BoringSatelliteChef": 12,
    "Context": 13,
    "Context_1": 14,
    "Context_2": 15,
    "Context_3": 16,
    "Context_4": 17,
    "Context_5": 18,
    "CrossLock": 19,
    "DoubleTransferHelper": 20,
    "ENMT": 21,
    "ERC1967Proxy": 22,
    "ERC1967Proxy_2": 23,
    "ERC20": 24,
    "ERC20Burnable": 25,
    "ERC20Detailed": 26,
    "ERC20_2": 27,
    "ERC20_3": 28,
    "ERC20_4": 29,
    "EnumerableSet": 30,
    "EnumerableSet_2": 31,
    "FINToken": 32,
    "FiatTokenProxy": 33,
    "IAddressResolver": 34,
    "IBoringDAO": 35,
    "IERC20": 36,
    "IERC20Detailed": 37,
    "IERC20Metadata": 38,
    "IERC20Metadata_1": 39,
    "IERC20_2": 40,
    "IERC20_3": 41,
    "IERC20_4": 42,
    "IERC20_5": 43,
    "IERC20_6": 44,
    "ILiquidate": 45,
    "IMintProposal": 46,
    "IOracle": 47,
    "IOracle_2": 48,
    "IPair": 49,
    "ITransferHook": 50,
    "ITrusteeFeePool": 51,
    "ITunnel": 52,
    "InitializableAdminUpgradeabilityProxy": 53,
    "InitializableUpgradeabilityProxy": 54,
    "LendToAaveMigrator": 55,
    "MToken": 56,
    "MintableErc20": 57,
    "MockTransferHook": 58,
    "NODE": 59,
    "OToken": 60,
    "Ownable": 61,
    "Ownable_2": 62,
    "Ownable_3": 63,
    "Ownable_4": 64,
    "ParamBook": 65,
    "ParamBook_1": 66,
    "Pausable": 67,
    "Proxy": 68,
    "Roles": 69,
    "SafeDecimalMath": 70,
    "SafeDecimalMath_2": 71,
    "SafeERC20": 72,
    "SafeERC20_1": 73,
    "SafeMath": 74,
    "SafeMath_1": 75,
    "SafeMath_2": 76,
    "SafeMath_3": 77,
    "SwapPair": 78,
    "TetherToken": 79,
    "Token": 80,
    "UpgradeabilityProxy": 81,
    "VersionedInitializable": 82,
    "Vyper_contract": 83,
    "WBTC": 84,
    "WETH9": 85,
    "izumiToken": 86,
    "xVEMPToken": 87
}