{
    "AccessControl": 1,
    "Address": 2,
    "AddressAliasHelper": 3,
    "AddressUpgradeable": 4,
    "Address_10": 5,
    "Address_11": 6,
    "Address_12": 7,
    "Address_13": 8,
    "Address_14": 9,
    "Address_15": 10,
    "Address_16": 11,
    "Address_17": 12,
    "Address_18": 13,
    "Address_19": 14,
    "Address_2": 15,
    "Address_20": 16,
    "Address_21": 17,
    "Address_3": 18,
    "Address_4": 19,
    "Address_5": 20,
    "Address_6": 21,
    "Address_7": 22,
    "Address_8": 23,
    "Address_8_1": 24,
    "Address_9": 25,
    "AdminFallbackProxy": 26,
    "Bridge": 27,
    "BridgeCreator": 28,
    "BridgeStub": 29,
    "BridgeTester": 30,
    "ChallengeLib": 31,
    "ChallengeManager": 32,
    "Constants": 33,
    "Context": 34,
    "ContextUpgradeable": 35,
    "Context_1": 36,
    "ControlledGateway": 37,
    "DelegateCallAware": 38,
    "Deserialize": 39,
    "DoubleLogicUUPSUpgradeable": 40,
    "ERC165": 41,
    "ERC1967Proxy": 42,
    "ERC1967Proxy_10": 43,
    "ERC1967Proxy_11": 44,
    "ERC1967Proxy_12": 45,
    "ERC1967Proxy_13": 46,
    "ERC1967Proxy_14": 47,
    "ERC1967Proxy_15": 48,
    "ERC1967Proxy_2": 49,
    "ERC1967Proxy_3": 50,
    "ERC1967Proxy_4": 51,
    "ERC1967Proxy_4_1": 52,
    "ERC1967Proxy_5": 53,
    "ERC1967Proxy_6": 54,
    "ERC1967Proxy_7": 55,
    "ERC1967Proxy_8": 56,
    "ERC1967Proxy_9": 57,
    "ERC1967Upgrade": 58,
    "ERC1967Upgrade_1": 59,
    "ERC1967Upgrade_10": 60,
    "ERC1967Upgrade_11": 61,
    "ERC1967Upgrade_12": 62,
    "ERC1967Upgrade_13": 63,
    "ERC1967Upgrade_14": 64,
    "ERC1967Upgrade_15": 65,
    "ERC1967Upgrade_2": 66,
    "ERC1967Upgrade_3": 67,
    "ERC1967Upgrade_4": 68,
    "ERC1967Upgrade_5": 69,
    "ERC1967Upgrade_6": 70,
    "ERC1967Upgrade_7": 71,
    "ERC1967Upgrade_8": 72,
    "ERC1967Upgrade_9": 73,
    "Error": 74,
    "ExecutionManager": 75,
    "GlobalState": 76,
    "IAccessControl": 77,
    "IBeacon": 78,
    "IBeacon_10": 79,
    "IBeacon_11": 80,
    "IBeacon_12": 81,
    "IBeacon_13": 82,
    "IBeacon_14": 83,
    "IBeacon_15": 84,
    "IBeacon_16": 85,
    "IBeacon_2": 86,
    "IBeacon_3": 87,
    "IBeacon_4": 88,
    "IBeacon_5": 89,
    "IBeacon_6": 90,
    "IBeacon_7": 91,
    "IBeacon_8": 92,
    "IBeacon_9": 93,
    "IBridge": 94,
    "IBridge_1": 95,
    "IBridge_2": 96,
    "IChallengeManager": 97,
    "IChallengeResultReceiver": 98,
    "IDelayedMessageProvider": 99,
    "IERC165": 100,
    "IERC20Upgradeable": 101,
    "IGasRefunder": 102,
    "IInbox": 103,
    "IInbox_2": 104,
    "IInbox_3": 105,
    "IL1LPTGateway": 106,
    "IL2LPTGateway": 107,
    "IMessageProvider": 108,
    "IMessageProvider_1": 109,
    "IOneStepProofEntry": 110,
    "IOneStepProver": 111,
    "IOutbox": 112,
    "IOutbox_2": 113,
    "IOutbox_3": 114,
    "IOwnable": 115,
    "IRollupCore": 116,
    "IRollupEventInbox": 117,
    "IRollupLogic": 118,
    "ISequencerInbox": 119,
    "Inbox": 120,
    "InboxStub": 121,
    "Initializable": 122,
    "Instructions": 123,
    "InterfaceCompatibilityTester": 124,
    "L1ArbitrumMessenger": 125,
    "L1CrossDomainEnabled": 126,
    "L1DaiGateway": 127,
    "L1ITokenGateway": 128,
    "L1LPTGateway": 129,
    "L2ITokenGateway": 130,
    "Machine": 131,
    "MerkleLib": 132,
    "MerkleProof": 133,
    "MessageTester": 134,
    "MessageTypes": 135,
    "Messages": 136,
    "MockResultReceiver": 137,
    "Module": 138,
    "ModuleMemory": 139,
    "Node": 140,
    "OneStepProofEntry": 141,
    "OneStepProver0": 142,
    "OneStepProverHostIo": 143,
    "OneStepProverMath": 144,
    "OneStepProverMemory": 145,
    "OssifiableProxy": 146,
    "Outbox": 147,
    "OutboxWithoutOptTester": 148,
    "Ownable": 149,
    "OwnableUpgradeable": 150,
    "Pausable": 151,
    "PausableUpgradeable": 152,
    "Proxy": 153,
    "ProxyAdmin": 154,
    "Proxy_10": 155,
    "Proxy_11": 156,
    "Proxy_12": 157,
    "Proxy_13": 158,
    "Proxy_14": 159,
    "Proxy_15": 160,
    "Proxy_16": 161,
    "Proxy_17": 162,
    "Proxy_18": 163,
    "Proxy_19": 164,
    "Proxy_2": 165,
    "Proxy_20": 166,
    "Proxy_21": 167,
    "Proxy_3": 168,
    "Proxy_4": 169,
    "Proxy_5": 170,
    "Proxy_6": 171,
    "Proxy_7": 172,
    "Proxy_8": 173,
    "Proxy_8_1": 174,
    "Proxy_9": 175,
    "RollupAdminLogic": 176,
    "RollupCore": 177,
    "RollupCreator": 178,
    "RollupEventInbox": 179,
    "RollupLib": 180,
    "RollupProxy": 181,
    "RollupUserLogic": 182,
    "SequencerInbox": 183,
    "SequencerInboxStub": 184,
    "SimpleProxy": 185,
    "StackFrame": 186,
    "StorageSlot": 187,
    "StorageSlot_1": 188,
    "StorageSlot_10": 189,
    "StorageSlot_11": 190,
    "StorageSlot_12": 191,
    "StorageSlot_13": 192,
    "StorageSlot_14": 193,
    "StorageSlot_15": 194,
    "StorageSlot_2": 195,
    "StorageSlot_3": 196,
    "StorageSlot_4": 197,
    "StorageSlot_5": 198,
    "StorageSlot_6": 199,
    "StorageSlot_7": 200,
    "StorageSlot_8": 201,
    "StorageSlot_9": 202,
    "Strings": 203,
    "TransparentUpgradeableProxy": 204,
    "TransparentUpgradeableProxy_10": 205,
    "TransparentUpgradeableProxy_11": 206,
    "TransparentUpgradeableProxy_12": 207,
    "TransparentUpgradeableProxy_13": 208,
    "TransparentUpgradeableProxy_14": 209,
    "TransparentUpgradeableProxy_15": 210,
    "TransparentUpgradeableProxy_16": 211,
    "TransparentUpgradeableProxy_17": 212,
    "TransparentUpgradeableProxy_18": 213,
    "TransparentUpgradeableProxy_19": 214,
    "TransparentUpgradeableProxy_2": 215,
    "TransparentUpgradeableProxy_20": 216,
    "TransparentUpgradeableProxy_3": 217,
    "TransparentUpgradeableProxy_4": 218,
    "TransparentUpgradeableProxy_5": 219,
    "TransparentUpgradeableProxy_6": 220,
    "TransparentUpgradeableProxy_7": 221,
    "TransparentUpgradeableProxy_8": 222,
    "TransparentUpgradeableProxy_8_1": 223,
    "TransparentUpgradeableProxy_9": 224,
    "UUPSNotUpgradeable": 225,
    "UUPSUpgradeable": 226,
    "UpgradeableBeacon": 227,
    "UpgradeableProxy": 228,
    "UpgradeableProxy_1": 229,
    "UpgradeableProxy_2": 230,
    "UpgradeableProxy_3": 231,
    "UpgradeableProxy_4": 232,
    "UpgradeableProxy_5": 233,
    "ValidatorUtils": 234,
    "ValidatorWallet": 235,
    "ValidatorWalletCreator": 236,
    "Value": 237,
    "ValueArray": 238,
    "ValueArrayTester": 239,
    "ValueStack": 240,
    "WETH9": 241,
    "draft-IERC1822": 242,
    "draft-IERC1822_1": 243,
    "draft-IERC1822_10": 244,
    "draft-IERC1822_11": 245,
    "draft-IERC1822_12": 246,
    "draft-IERC1822_13": 247,
    "draft-IERC1822_14": 248,
    "draft-IERC1822_15": 249,
    "draft-IERC1822_2": 250,
    "draft-IERC1822_3": 251,
    "draft-IERC1822_4": 252,
    "draft-IERC1822_5": 253,
    "draft-IERC1822_6": 254,
    "draft-IERC1822_7": 255,
    "draft-IERC1822_8": 256,
    "draft-IERC1822_9": 257
}