{
    "1": 1,
    "10": 2,
    "10_1": 3,
    "10_2": 4,
    "10_3": 5,
    "10_4": 6,
    "10_5": 7,
    "11": 8,
    "11_1": 9,
    "11_2": 10,
    "11_3": 11,
    "11_4": 12,
    "12": 13,
    "12_1": 14,
    "12_2": 15,
    "12_3": 16,
    "13": 17,
    "13_1": 18,
    "14": 19,
    "14_1": 20,
    "15": 21,
    "15_1": 22,
    "16": 23,
    "16_1": 24,
    "17": 25,
    "18": 26,
    "1_1": 27,
    "1_10": 28,
    "1_11": 29,
    "1_12": 30,
    "1_13": 31,
    "1_14": 32,
    "1_15": 33,
    "1_16": 34,
    "1_17": 35,
    "1_18": 36,
    "1_19": 37,
    "1_2": 38,
    "1_20": 39,
    "1_3": 40,
    "1_4": 41,
    "1_5": 42,
    "1_6": 43,
    "1_7": 44,
    "1_8": 45,
    "1_9": 46,
    "2": 47,
    "2_1": 48,
    "2_10": 49,
    "2_2": 50,
    "2_3": 51,
    "2_4": 52,
    "2_5": 53,
    "2_6": 54,
    "2_7": 55,
    "2_8": 56,
    "2_9": 57,
    "3": 58,
    "3_1": 59,
    "3_10": 60,
    "3_2": 61,
    "3_3": 62,
    "3_4": 63,
    "3_5": 64,
    "3_6": 65,
    "3_7": 66,
    "3_8": 67,
    "3_9": 68,
    "4": 69,
    "4_1": 70,
    "4_10": 71,
    "4_2": 72,
    "4_3": 73,
    "4_4": 74,
    "4_5": 75,
    "4_6": 76,
    "4_7": 77,
    "4_8": 78,
    "4_9": 79,
    "5": 80,
    "5_1": 81,
    "5_10": 82,
    "5_2": 83,
    "5_3": 84,
    "5_4": 85,
    "5_5": 86,
    "5_6": 87,
    "5_7": 88,
    "5_8": 89,
    "5_9": 90,
    "6": 91,
    "6_1": 92,
    "6_10": 93,
    "6_2": 94,
    "6_3": 95,
    "6_4": 96,
    "6_5": 97,
    "6_6": 98,
    "6_7": 99,
    "6_8": 100,
    "6_9": 101,
    "7": 102,
    "7_1": 103,
    "7_2": 104,
    "7_3": 105,
    "7_4": 106,
    "7_5": 107,
    "7_6": 108,
    "7_7": 109,
    "7_8": 110,
    "8": 111,
    "8_1": 112,
    "8_2": 113,
    "8_3": 114,
    "8_4": 115,
    "8_5": 116,
    "8_6": 117,
    "8_7": 118,
    "8_8": 119,
    "9": 120,
    "9_1": 121,
    "9_2": 122,
    "9_3": 123,
    "9_4": 124,
    "9_5": 125,
    "9_6": 126
}