{
    "Address": 1,
    "AddressAliasHelper": 2,
    "AddressAliasHelper_1": 3,
    "Address_1": 4,
    "BondManager": 5,
    "CanonicalTransactionChain": 6,
    "ChainStorageContainer": 7,
    "ChainStorageContainer_1": 8,
    "ChainStorageContainer_2": 9,
    "Context": 10,
    "ContextUpgradeable": 11,
    "Context_1": 12,
    "Context_10": 13,
    "Context_11": 14,
    "Context_2": 15,
    "Context_3": 16,
    "Context_4": 17,
    "Context_5": 18,
    "Context_6": 19,
    "Context_7": 20,
    "Context_8": 21,
    "Context_9": 22,
    "CrossDomainEnabled": 23,
    "CrossDomainEnabled_1": 24,
    "CrossDomainEnabled_2": 25,
    "CrossDomainEnabled_3": 26,
    "ERC165Checker": 27,
    "ERC165Checker_1": 28,
    "IBondManager": 29,
    "ICanonicalTransactionChain": 30,
    "ICanonicalTransactionChain_1": 31,
    "IChainStorageContainer": 32,
    "IChainStorageContainer_1": 33,
    "IChainStorageContainer_2": 34,
    "IChainStorageContainer_3": 35,
    "IChainStorageContainer_4": 36,
    "ICrossDomainMessenger": 37,
    "ICrossDomainMessenger_1": 38,
    "ICrossDomainMessenger_2": 39,
    "ICrossDomainMessenger_3": 40,
    "ICrossDomainMessenger_4": 41,
    "IERC165": 42,
    "IERC165_1": 43,
    "IERC20": 44,
    "IERC20_1": 45,
    "IERC20_2": 46,
    "IERC20_3": 47,
    "IL1CrossDomainMessenger": 48,
    "IL1ERC20Bridge": 49,
    "IL1ERC20Bridge_1": 50,
    "IL1ERC20Bridge_2": 51,
    "IL1ERC20Bridge_3": 52,
    "IL1StandardBridge": 53,
    "IL1StandardBridge_1": 54,
    "IL1StandardBridge_2": 55,
    "IL1StandardBridge_3": 56,
    "IL2ERC20Bridge": 57,
    "IL2ERC20Bridge_1": 58,
    "IL2ERC20Bridge_2": 59,
    "IL2ERC20Bridge_3": 60,
    "IL2StandardERC20": 61,
    "IL2StandardERC20_1": 62,
    "IStateCommitmentChain": 63,
    "Initializable": 64,
    "L1ChugSplashProxy": 65,
    "L1ChugSplashProxy_1": 66,
    "L1ChugSplashProxy_2": 67,
    "L1ChugSplashProxy_3": 68,
    "L1CrossDomainMessenger": 69,
    "L1StandardBridge": 70,
    "L1StandardBridge_1": 71,
    "L2StandardBridge": 72,
    "L2StandardBridge_1": 73,
    "Lib_AddressManager": 74,
    "Lib_AddressManager_1": 75,
    "Lib_AddressManager_10": 76,
    "Lib_AddressManager_11": 77,
    "Lib_AddressManager_2": 78,
    "Lib_AddressManager_3": 79,
    "Lib_AddressManager_4": 80,
    "Lib_AddressManager_5": 81,
    "Lib_AddressManager_6": 82,
    "Lib_AddressManager_7": 83,
    "Lib_AddressManager_8": 84,
    "Lib_AddressManager_9": 85,
    "Lib_AddressResolver": 86,
    "Lib_AddressResolver_1": 87,
    "Lib_AddressResolver_2": 88,
    "Lib_AddressResolver_3": 89,
    "Lib_AddressResolver_4": 90,
    "Lib_AddressResolver_5": 91,
    "Lib_Buffer": 92,
    "Lib_Buffer_1": 93,
    "Lib_Buffer_2": 94,
    "Lib_Bytes32Utils": 95,
    "Lib_Bytes32Utils_1": 96,
    "Lib_BytesUtils": 97,
    "Lib_BytesUtils_1": 98,
    "Lib_CrossDomainUtils": 99,
    "Lib_DefaultValues": 100,
    "Lib_MerkleTrie": 101,
    "Lib_OVMCodec": 102,
    "Lib_OVMCodec_1": 103,
    "Lib_PredeployAddresses": 104,
    "Lib_PredeployAddresses_1": 105,
    "Lib_PredeployAddresses_2": 106,
    "Lib_PredeployAddresses_3": 107,
    "Lib_PredeployAddresses_4": 108,
    "Lib_RLPReader": 109,
    "Lib_RLPReader_1": 110,
    "Lib_RLPWriter": 111,
    "Lib_RLPWriter_1": 112,
    "Lib_ResolvedDelegateProxy": 113,
    "Lib_SecureMerkleTrie": 114,
    "MVM_CanonicalTransaction": 115,
    "MVM_CanonicalTransaction_1": 116,
    "MVM_L2ChainManagerOnL1": 117,
    "MVM_L2ChainManagerOnL1_1": 118,
    "MVM_Verifier": 119,
    "MVM_Verifier_1": 120,
    "OVM_GasPriceOracle": 121,
    "OVM_GasPriceOracle_1": 122,
    "Ownable": 123,
    "OwnableUpgradeable": 124,
    "Ownable_1": 125,
    "Ownable_10": 126,
    "Ownable_11": 127,
    "Ownable_2": 128,
    "Ownable_3": 129,
    "Ownable_4": 130,
    "Ownable_5": 131,
    "Ownable_6": 132,
    "Ownable_7": 133,
    "Ownable_8": 134,
    "Ownable_9": 135,
    "PausableUpgradeable": 136,
    "ReentrancyGuardUpgradeable": 137,
    "SafeERC20": 138,
    "SafeERC20_1": 139,
    "iL1ChugSplashDeployer": 140,
    "iL1ChugSplashDeployer_1": 141,
    "iL1ChugSplashDeployer_2": 142,
    "iL1ChugSplashDeployer_3": 143,
    "iMVM_DiscountOracle": 144,
    "iMVM_DiscountOracle_1": 145,
    "iMVM_DiscountOracle_2": 146,
    "iMVM_DiscountOracle_3": 147,
    "iMVM_DiscountOracle_4": 148,
    "iMVM_L2ChainManagerOnL1": 149,
    "iMVM_L2ChainManagerOnL1_1": 150,
    "iOVM_SequencerFeeVault": 151,
    "iOVM_SequencerFeeVault_1": 152
}