{
    "DODOHelper": 1,
    "IERC20": 2,
    "IERC20_1": 3,
    "IERC20_2": 4,
    "IERC20_3": 5,
    "ITransitSwapFees": 6,
    "ITransitSwapFees_1": 7,
    "Ownable": 8,
    "Ownable_1": 9,
    "Ownable_2": 10,
    "Ownable_3": 11,
    "Pausable": 12,
    "Pausable_1": 13,
    "ReentrancyGuard": 14,
    "ReentrancyGuard_1": 15,
    "RevertReasonParser": 16,
    "RevertReasonParser_1": 17,
    "SafeMath": 18,
    "SafeMath_1": 19,
    "SafeMath_2": 20,
    "TransferHelper": 21,
    "TransferHelper_1": 22,
    "TransferHelper_2": 23,
    "TransferHelper_3": 24,
    "TransitAllowed": 25,
    "TransitStructs": 26,
    "TransitStructs_1": 27,
    "TransitSwapFees": 28,
    "TransitSwapRouter": 29,
    "TransitSwapRouterV4": 30
}