file,original pragma version,compiled version,notes
ILiquidityPool_5.sol,>=0.8.2,0.8.2,
AccessControlUpgradeable_3.sol,^0.8.0,0.8.0,
IDepositExecute_3.sol,0.8.2,0.8.2,
RouterERC20Upgradable.sol,0.8.2,0.8.2,
Initializable.sol,^0.8.0,0.8.0,
IERC20MetadataUpgradeable_2.sol,^0.8.0,0.8.0,
ReentrancyGuardUpgradeable_4.sol,^0.8.0,0.8.0,
IAccessControlUpgradeable_7.sol,^0.8.0,0.8.0,
StringsUpgradeable_3.sol,^0.8.0,0.8.0,
IHandlerReserve.sol,^0.8.0,0.8.0,
GenericHandlerUpgradeable.sol,^0.8.2,0.8.2,
StringsUpgradeable_2.sol,^0.8.0,0.8.0,
IAccessControlUpgradeable_6.sol,^0.8.0,0.8.0,
ReentrancyGuardUpgradeable_5.sol,^0.8.0,0.8.0,
IERC20MetadataUpgradeable_3.sol,^0.8.0,0.8.0,
IERC20.sol,^0.8.0,0.8.0,
IVoterUpgradeable_1.sol,0.8.2,0.8.2,
IDepositExecute_2.sol,0.8.2,0.8.2,
AccessControlUpgradeable_2.sol,^0.8.0,0.8.0,
ILiquidityPool_4.sol,>=0.8.2,0.8.2,
ILiquidityPool_6.sol,>=0.8.2,0.8.2,
IVoterUpgradeable_3.sol,0.8.2,0.8.2,
IERC20MetadataUpgradeable_1.sol,^0.8.0,0.8.0,
Initializable_18.sol,^0.8.0,0.8.0,
IAccessControlUpgradeable.sol,^0.8.0,0.8.0,
ReentrancyGuardUpgradeable_7.sol,^0.8.0,0.8.0,
IAccessControlUpgradeable_4.sol,^0.8.0,0.8.0,
StringsUpgradeable_1.sol,^0.8.0,0.8.0,
IAccessControlUpgradeable_5.sol,^0.8.0,0.8.0,
ReentrancyGuardUpgradeable_6.sol,^0.8.0,0.8.0,
IVoterUpgradeable_2.sol,0.8.2,0.8.2,
IDepositExecute_1.sol,0.8.2,0.8.2,
AccessControlUpgradeable_1.sol,^0.8.0,0.8.0,
ILiquidityPool_7.sol,>=0.8.2,0.8.2,
IERC20Upgradeable_18.sol,^0.8.0,0.8.0,
Initializable_8.sol,^0.8.0,0.8.0,
AccessControlUpgradeable_5.sol,^0.8.0,0.8.0,
ILiquidityPool_3.sol,>=0.8.2,0.8.2,
IVoterUpgradeable_6.sol,0.8.2,0.8.2,
IEthHandler.sol,^0.8.0,0.8.0,
IDepositExecute_5.sol,0.8.2,0.8.2,
IDepositExecute.sol,0.8.2,0.8.2,
StorageSlotUpgradeable_9.sol,^0.8.0,0.8.0,
ERC165Upgradeable_8.sol,^0.8.0,0.8.0,
IERC20MetadataUpgradeable_4.sol,^0.8.0,0.8.0,
ContextUpgradeable_9.sol,^0.8.0,0.8.0,
IAccessControlUpgradeable_1.sol,^0.8.0,0.8.0,
ReentrancyGuardUpgradeable_2.sol,^0.8.0,0.8.0,
StringsUpgradeable_5.sol,^0.8.0,0.8.0,
StringsUpgradeable_4.sol,^0.8.0,0.8.0,
ReentrancyGuardUpgradeable_3.sol,^0.8.0,0.8.0,
ContextUpgradeable_8.sol,^0.8.0,0.8.0,
IERC20MetadataUpgradeable_5.sol,^0.8.0,0.8.0,
ERC165Upgradeable_9.sol,^0.8.0,0.8.0,
StorageSlotUpgradeable_8.sol,^0.8.0,0.8.0,
IDepositExecute_4.sol,0.8.2,0.8.2,
PausableUpgradeable_8.sol,^0.8.0,0.8.0,
ILiquidityPool_2.sol,>=0.8.2,0.8.2,
AccessControlUpgradeable_4.sol,^0.8.0,0.8.0,
Initializable_9.sol,^0.8.0,0.8.0,
AccessControlUpgradeable_6.sol,^0.8.0,0.8.0,
IWETH_8.sol,>=0.8.2,0.8.2,
IVoterUpgradeable_5.sol,0.8.2,0.8.2,
StorageSlotUpgradeable_10.sol,^0.8.0,0.8.0,
IDepositExecute_6.sol,0.8.2,0.8.2,
AccessControlUpgradeable_18.sol,^0.8.0,0.8.0,
IERCHandler_9.sol,0.8.2,0.8.2,
IAccessControlUpgradeable_2.sol,^0.8.0,0.8.0,
ReentrancyGuardUpgradeable_1.sol,^0.8.0,0.8.0,
AddressUpgradeable_18.sol,^0.8.0,0.8.0,
StringsUpgradeable_6.sol,^0.8.0,0.8.0,
StringsUpgradeable_7.sol,^0.8.0,0.8.0,
IERCHandler_8.sol,0.8.2,0.8.2,
IAccessControlUpgradeable_3.sol,^0.8.0,0.8.0,
IERC20MetadataUpgradeable_6.sol,^0.8.0,0.8.0,
IDepositExecute_7.sol,0.8.2,0.8.2,
StorageSlotUpgradeable_11.sol,^0.8.0,0.8.0,
IVoterUpgradeable_4.sol,0.8.2,0.8.2,
ERC20SafeUpgradeable.sol,>=0.8.2,0.8.2,
IWETH_9.sol,>=0.8.2,0.8.2,
ILiquidityPool_1.sol,>=0.8.2,0.8.2,
AccessControlUpgradeable_7.sol,^0.8.0,0.8.0,
UUPSUpgradeable_7.sol,^0.8.0,0.8.0,
IUsdcDepositAndBurn_1.sol,0.8.2,0.8.2,
IERC165Upgradeable.sol,^0.8.0,0.8.0,
IAccessControlUpgradeable_17.sol,^0.8.0,0.8.0,
IERC20Upgradeable_5.sol,0.8.2,0.8.2,
IGenericHandler_5.sol,0.8.2,0.8.2,
ERC1967UpgradeUpgradeable_1.sol,^0.8.2,0.8.2,
AddressUpgradeable_5.sol,^0.8.0,0.8.0,
ERC1967UpgradeUpgradeable.sol,^0.8.2,0.8.2,
AddressUpgradeable_4.sol,^0.8.0,0.8.0,
IGenericHandler_4.sol,0.8.2,0.8.2,
IERC20Upgradeable_4.sol,0.8.2,0.8.2,
IAccessControlUpgradeable_16.sol,^0.8.0,0.8.0,
ERC20HandlerUpgradeable.sol,>=0.8.2,0.8.2,
ERC165Upgradeable_18.sol,^0.8.0,0.8.0,
UUPSUpgradeable_6.sol,^0.8.0,0.8.0,
IERC165Upgradeable_1.sol,^0.8.0,0.8.0,
draft-IERC1822Upgradeable.sol,^0.8.0,0.8.0,
IERC165Upgradeable_3.sol,^0.8.0,0.8.0,
UUPSUpgradeable_4.sol,^0.8.0,0.8.0,
ERC20Upgradeable.sol,^0.8.0,0.8.0,
IAccessControlUpgradeable_14.sol,^0.8.0,0.8.0,
IERC20Upgradeable_6.sol,^0.8.0,0.8.0,
IGenericHandler_6.sol,0.8.2,0.8.2,
ERC1967UpgradeUpgradeable_2.sol,^0.8.2,0.8.2,
AddressUpgradeable_6.sol,^0.8.0,0.8.0,
AddressUpgradeable_7.sol,^0.8.0,0.8.0,
ERC1967UpgradeUpgradeable_3.sol,^0.8.2,0.8.2,
IGenericHandler_7.sol,0.8.2,0.8.2,
IERC20Upgradeable_7.sol,^0.8.0,0.8.0,
IAccessControlUpgradeable_15.sol,^0.8.0,0.8.0,
UUPSUpgradeable_5.sol,^0.8.0,0.8.0,
IERC165Upgradeable_2.sol,^0.8.0,0.8.0,
IERC165Upgradeable_6.sol,^0.8.0,0.8.0,
IBeaconUpgradeable.sol,^0.8.0,0.8.0,
UUPSUpgradeable_1.sol,^0.8.0,0.8.0,
StringsUpgradeable_18.sol,^0.8.0,0.8.0,
AccessControlUpgradeable.sol,^0.8.0,0.8.0,
OwnableUpgradeable.sol,^0.8.0,0.8.0,
IWETH_10.sol,>=0.8.2,0.8.2,
PausableUpgradeable.sol,^0.8.0,0.8.0,
IERC20Upgradeable_3.sol,^0.8.0,0.8.0,
IAccessControlUpgradeable_11.sol,^0.8.0,0.8.0,
ERC1967UpgradeUpgradeable_7.sol,^0.8.2,0.8.2,
AddressUpgradeable_3.sol,^0.8.0,0.8.0,
IFeeManagerGeneric_2.sol,>=0.8.2,0.8.2,
IGenericHandler_3.sol,0.8.2,0.8.2,
ContextUpgradeable_18.sol,^0.8.0,0.8.0,
OneSplit.sol,^0.8.0,0.8.0,
IGenericHandler_2.sol,0.8.2,0.8.2,
IVoterUpgradeable.sol,0.8.2,0.8.2,
AddressUpgradeable_2.sol,^0.8.0,0.8.0,
ERC1967UpgradeUpgradeable_6.sol,^0.8.2,0.8.2,
IAccessControlUpgradeable_10.sol,^0.8.0,0.8.0,
IUniswapExchange.sol,^0.8.0,0.8.0,
IERC20Upgradeable_2.sol,^0.8.0,0.8.0,
IWETH_11.sol,>=0.8.2,0.8.2,
IHandlerReserve_1.sol,>=0.8.2,0.8.2,
IBridge.sol,^0.8.0,0.8.0,
IERC165Upgradeable_7.sol,^0.8.0,0.8.0,
ISequencerHandler_2.sol,^0.8.2,0.8.2,
IERC165Upgradeable_5.sol,^0.8.0,0.8.0,
UUPSUpgradeable_2.sol,^0.8.0,0.8.0,
ContextUpgradeable.sol,^0.8.0,0.8.0,
IERC165Upgradeable_18.sol,^0.8.0,0.8.0,
IAccessControlUpgradeable_12.sol,^0.8.0,0.8.0,
ERC1967UpgradeUpgradeable_4.sol,^0.8.2,0.8.2,
IBeaconUpgradeable_8.sol,^0.8.0,0.8.0,
ReentrancyGuardUpgradeable.sol,^0.8.0,0.8.0,
IWETH.sol,>=0.8.2,0.8.2,
IFeeManagerGeneric_1.sol,>=0.8.2,0.8.2,
IGenericHandler_1.sol,0.8.2,0.8.2,
IBeaconUpgradeable_9.sol,^0.8.0,0.8.0,
AddressUpgradeable_1.sol,^0.8.0,0.8.0,
ERC1967UpgradeUpgradeable_5.sol,^0.8.2,0.8.2,
IAccessControlUpgradeable_13.sol,^0.8.0,0.8.0,
IERC20Upgradeable_1.sol,0.8.2,0.8.2,
IHandlerReserve_2.sol,>=0.8.2,0.8.2,
UUPSUpgradeable_3.sol,^0.8.0,0.8.0,
IEthHandler_1.sol,>=0.8.2,0.8.2,
ISequencerHandler_1.sol,^0.8.2,0.8.2,
IERC165Upgradeable_4.sol,^0.8.0,0.8.0,
iRouterCrossTalk_2.sol,^0.8.0,0.8.0,
IERC165Upgradeable_9.sol,^0.8.0,0.8.0,
IERCHandlerDecimals_2.sol,0.8.2,0.8.2,
IOneSplit.sol,^0.8.0,0.8.0,
StringsUpgradeable_17.sol,^0.8.0,0.8.0,
ERC165Upgradeable_10.sol,^0.8.0,0.8.0,
IERC165Upgradeable_14.sol,^0.8.0,0.8.0,
ERC1967UpgradeUpgradeable_10.sol,^0.8.2,0.8.2,
ERC1967UpgradeUpgradeable_8.sol,^0.8.2,0.8.2,
IBeaconUpgradeable_4.sol,^0.8.0,0.8.0,
ContextUpgradeable_16.sol,^0.8.0,0.8.0,
IBeaconUpgradeable_5.sol,^0.8.0,0.8.0,
IMessageTransmitter.sol,0.8.2,0.8.2,
ContextUpgradeable_17.sol,^0.8.0,0.8.0,
ERC1967UpgradeUpgradeable_9.sol,^0.8.2,0.8.2,
ERC1967UpgradeUpgradeable_11.sol,^0.8.2,0.8.2,
IERC165Upgradeable_15.sol,^0.8.0,0.8.0,
FeeManagerGenericUpgradeable.sol,^0.8.2,0.8.2,
ERC165Upgradeable_11.sol,^0.8.0,0.8.0,
StringsUpgradeable_16.sol,^0.8.0,0.8.0,
IERCHandlerDecimals_3.sol,0.8.2,0.8.2,
IERC165Upgradeable_8.sol,^0.8.0,0.8.0,
IFeeManager.sol,>=0.8.2,0.8.2,
RouterERC20UpgradableOld.sol,0.8.2,0.8.2,
IERCHandlerDecimals_1.sol,0.8.2,0.8.2,
iRouterCrossTalk_1.sol,^0.8.0,0.8.0,
StringsUpgradeable_14.sol,^0.8.0,0.8.0,
ERC165Upgradeable_13.sol,^0.8.0,0.8.0,
ERC2771ContextUpgradeable.sol,^0.8.0,0.8.0,
IERC165Upgradeable_17.sol,^0.8.0,0.8.0,
ContextUpgradeable_15.sol,^0.8.0,0.8.0,
IBeaconUpgradeable_7.sol,^0.8.0,0.8.0,
ContextUpgradeable_14.sol,^0.8.0,0.8.0,
IBeaconUpgradeable_6.sol,^0.8.0,0.8.0,
IERC165Upgradeable_16.sol,^0.8.0,0.8.0,
ERC165Upgradeable_12.sol,^0.8.0,0.8.0,
ILiquidityPool.sol,>=0.8.2,0.8.2,
StringsUpgradeable_15.sol,^0.8.0,0.8.0,
HandlerHelpersUpgradeable.sol,>=0.8.2,0.8.2,
IERCHandlerDecimals_4.sol,0.8.2,0.8.2,
UUPSUpgradeable_8.sol,^0.8.0,0.8.0,
ERC1967Proxy.sol,^0.8.0,0.8.0,
SafeMathUpgradeable_3.sol,^0.8.0,0.8.0,
IUniswapFactory.sol,^0.8.0,0.8.0,
ERC20Upgradeable_1.sol,^0.8.0,0.8.0,
StringsUpgradeable_11.sol,^0.8.0,0.8.0,
ERC165Upgradeable_16.sol,^0.8.0,0.8.0,
iGBridge_1.sol,0.8.2,0.8.2,
IERCHandlerDecimals.sol,0.8.2,0.8.2,
IAccessControlUpgradeable_18.sol,^0.8.0,0.8.0,
IERCHandler.sol,0.8.2,0.8.2,
IERC165Upgradeable_12.sol,^0.8.0,0.8.0,
IBeaconUpgradeable_2.sol,^0.8.0,0.8.0,
ContextUpgradeable_10.sol,^0.8.0,0.8.0,
IBeaconUpgradeable_3.sol,^0.8.0,0.8.0,
ContextUpgradeable_11.sol,^0.8.0,0.8.0,
IERC165Upgradeable_13.sol,^0.8.0,0.8.0,
IUniswapV2Factory.sol,^0.8.0,0.8.0,
ERC165Upgradeable_17.sol,^0.8.0,0.8.0,
SafeMathUpgradeable.sol,^0.8.0,0.8.0,
StringsUpgradeable_10.sol,^0.8.0,0.8.0,
SafeMathUpgradeable_2.sol,^0.8.0,0.8.0,
IUsdcDepositAndBurn.sol,^0.8.2,0.8.2,
IAugustusSwapper.sol,^0.8.0,0.8.0,
UUPSUpgradeable_9.sol,^0.8.0,0.8.0,
IERCHandlerDecimals_5.sol,0.8.2,0.8.2,
iRouterCrossTalk.sol,^0.8.0,0.8.0,
BridgeUpgradeable.sol,0.8.2,0.8.2,
UUPSUpgradeable_11.sol,^0.8.0,0.8.0,
ERC20Upgradeable_2.sol,^0.8.0,0.8.0,
StringsUpgradeable_12.sol,^0.8.0,0.8.0,
ERC165Upgradeable_15.sol,^0.8.0,0.8.0,
iGBridge_2.sol,0.8.2,0.8.2,
IERC165Upgradeable_11.sol,^0.8.0,0.8.0,
IERC20Upgradeable_9.sol,0.8.2,0.8.2,
ContextUpgradeable_13.sol,^0.8.0,0.8.0,
IBeaconUpgradeable_1.sol,^0.8.0,0.8.0,
AddressUpgradeable_9.sol,^0.8.0,0.8.0,
AddressUpgradeable_8.sol,^0.8.0,0.8.0,
ContextUpgradeable_12.sol,^0.8.0,0.8.0,
IGenericHandler_8.sol,0.8.2,0.8.2,
IERC20Upgradeable_8.sol,0.8.2,0.8.2,
IERC165Upgradeable_10.sol,^0.8.0,0.8.0,
StringsUpgradeable.sol,^0.8.0,0.8.0,
IUniswapV2Exchange.sol,^0.8.0,0.8.0,
ERC165Upgradeable_14.sol,^0.8.0,0.8.0,
StringsUpgradeable_13.sol,^0.8.0,0.8.0,
ERC20Upgradeable_3.sol,^0.8.0,0.8.0,
console.sol,>= 0.4.22 <0.9.0,0.4.22,
SafeMathUpgradeable_1.sol,^0.8.0,0.8.0,
UUPSUpgradeable_10.sol,^0.8.0,0.8.0,
GenericHandlerUpgradeable_1.sol,^0.8.2,0.8.2,
TransferHelper.sol,>=0.5.16,0.5.16,
IERCHandlerDecimals_6.sol,0.8.2,0.8.2,
Initializable_7.sol,^0.8.0,0.8.0,
IERC20Upgradeable_13.sol,0.8.2,0.8.2,
VoterUpgradeable.sol,0.8.2,0.8.2,
PausableUpgradeable_6.sol,^0.8.0,0.8.0,
IWETH_4.sol,>=0.8.2,0.8.2,
IOneSplitWrap.sol,>=0.8.2,0.8.2,
StorageSlotUpgradeable_6.sol,^0.8.0,0.8.0,
AccessControlUpgradeable_14.sol,^0.8.0,0.8.0,
ERC165Upgradeable_7.sol,^0.8.0,0.8.0,
Initializable_12.sol,^0.8.0,0.8.0,
CountersUpgradeable.sol,^0.8.0,0.8.0,
ContextUpgradeable_6.sol,^0.8.0,0.8.0,
IERCHandler_5.sol,0.8.2,0.8.2,
AddressUpgradeable_14.sol,^0.8.0,0.8.0,
AddressUpgradeable_15.sol,^0.8.0,0.8.0,
IERCHandler_4.sol,0.8.2,0.8.2,
ContextUpgradeable_7.sol,^0.8.0,0.8.0,
ERC165Upgradeable_6.sol,^0.8.0,0.8.0,
Initializable_13.sol,^0.8.0,0.8.0,
AccessControlUpgradeable_15.sol,^0.8.0,0.8.0,
SafeERC20Upgradeable_1.sol,^0.8.0,0.8.0,
StorageSlotUpgradeable_7.sol,^0.8.0,0.8.0,
ERC20HandlerUpgradeable_1.sol,>=0.8.2,0.8.2,
IWETH_5.sol,>=0.8.2,0.8.2,
BridgeUpgradeable_1.sol,0.8.2,0.8.2,
IFeeManager_1.sol,>=0.8.2,0.8.2,
PausableUpgradeable_7.sol,^0.8.0,0.8.0,
IERC20Upgradeable_12.sol,0.8.2,0.8.2,
ERC165Upgradeable.sol,^0.8.0,0.8.0,
Initializable_6.sol,^0.8.0,0.8.0,
Initializable_4.sol,^0.8.0,0.8.0,
IERC20Upgradeable_10.sol,^0.8.0,0.8.0,
AccessControlUpgradeable_9.sol,^0.8.0,0.8.0,
PausableUpgradeable_5.sol,^0.8.0,0.8.0,
IWETH_7.sol,>=0.8.2,0.8.2,
BridgeUpgradeable_3.sol,0.8.2,0.8.2,
StorageSlotUpgradeable_5.sol,^0.8.0,0.8.0,
IERC20MetadataUpgradeable.sol,^0.8.0,0.8.0,
IDepositExecute_9.sol,0.8.2,0.8.2,
SafeERC20Upgradeable_3.sol,^0.8.0,0.8.0,
IGenericHandler.sol,0.8.2,0.8.2,
Initializable_11.sol,^0.8.0,0.8.0,
ERC165Upgradeable_4.sol,^0.8.0,0.8.0,
AccessControlUpgradeable_17.sol,^0.8.0,0.8.0,
IERCHandler_6.sol,0.8.2,0.8.2,
ContextUpgradeable_5.sol,^0.8.0,0.8.0,
VoterUpgradeable_1.sol,0.8.2,0.8.2,
AddressUpgradeable_17.sol,^0.8.0,0.8.0,
StringsUpgradeable_9.sol,^0.8.0,0.8.0,
StringsUpgradeable_8.sol,^0.8.0,0.8.0,
UniversalERC20.sol,^0.8.0,0.8.0,
AddressUpgradeable_16.sol,^0.8.0,0.8.0,
ContextUpgradeable_4.sol,^0.8.0,0.8.0,
IERCHandler_7.sol,0.8.2,0.8.2,
AccessControlUpgradeable_16.sol,^0.8.0,0.8.0,
Initializable_10.sol,^0.8.2,0.8.2,
ERC165Upgradeable_5.sol,^0.8.0,0.8.0,
SafeERC20Upgradeable_2.sol,^0.8.0,0.8.0,
IDepositExecute_8.sol,0.8.2,0.8.2,
StorageSlotUpgradeable_4.sol,^0.8.0,0.8.0,
HandlerHelpersUpgradeable_1.sol,>=0.8.2,0.8.2,
BridgeUpgradeable_2.sol,0.8.2,0.8.2,
IWETH_6.sol,^0.8.0,0.8.0,
PausableUpgradeable_4.sol,^0.8.0,0.8.0,
ISequencerHandler.sol,^0.8.2,0.8.2,
AccessControlUpgradeable_8.sol,^0.8.0,0.8.0,
IERC20Upgradeable_11.sol,^0.8.0,0.8.0,
Initializable_5.sol,^0.8.0,0.8.0,
IERC20Upgradeable_15.sol,^0.8.0,0.8.0,
IOneSplitWrap_1.sol,>=0.8.2,0.8.2,
Initializable_1.sol,^0.8.0,0.8.0,
IWETH_2.sol,>=0.8.2,0.8.2,
BridgeUpgradeable_6.sol,0.8.2,0.8.2,
IFeeManagerGeneric.sol,>=0.8.2,0.8.2,
ERC165Upgradeable_1.sol,^0.8.0,0.8.0,
Initializable_14.sol,^0.8.0,0.8.0,
SafeERC20Upgradeable.sol,^0.8.0,0.8.0,
AccessControlUpgradeable_12.sol,^0.8.0,0.8.0,
AddressUpgradeable_12.sol,^0.8.0,0.8.0,
IERCHandler_3.sol,0.8.2,0.8.2,
IAccessControlUpgradeable_8.sol,^0.8.0,0.8.0,
ContextUpgradeable_1.sol,^0.8.0,0.8.0,
IERCHandler_2.sol,0.8.2,0.8.2,
IAccessControlUpgradeable_9.sol,^0.8.0,0.8.0,
AddressUpgradeable_13.sol,^0.8.0,0.8.0,
MathUpgradeable.sol,^0.8.0,0.8.0,
AccessControlUpgradeable_13.sol,^0.8.0,0.8.0,
Initializable_15.sol,^0.8.0,0.8.0,
StorageSlotUpgradeable_1.sol,^0.8.0,0.8.0,
AddressUpgradeable.sol,^0.8.0,0.8.0,
UUPSUpgradeable.sol,^0.8.0,0.8.0,
UsdcMinter.sol,0.8.2,0.8.2,
PausableUpgradeable_1.sol,^0.8.0,0.8.0,
IWETH_3.sol,>=0.8.2,0.8.2,
IERC20Upgradeable_14.sol,^0.8.0,0.8.0,
IERC20Upgradeable_16.sol,0.8.2,0.8.2,
Initializable_2.sol,^0.8.0,0.8.0,
IOneSplitWrap_2.sol,>=0.8.2,0.8.2,
BridgeUpgradeable_5.sol,0.8.2,0.8.2,
IWETH_1.sol,>=0.8.2,0.8.2,
PausableUpgradeable_3.sol,^0.8.0,0.8.0,
IERC20_1.sol,^0.8.0,0.8.0,
StorageSlotUpgradeable_3.sol,^0.8.0,0.8.0,
IBeaconUpgradeable_11.sol,^0.8.0,0.8.0,
SequencerHandlerUpgradeable.sol,^0.8.2,0.8.2,
AccessControlUpgradeable_11.sol,^0.8.0,0.8.0,
Initializable_17.sol,^0.8.0,0.8.0,
ERC165Upgradeable_2.sol,^0.8.0,0.8.0,
HandlerReserveUpgradeable.sol,>=0.8.2,0.8.2,
AddressUpgradeable_11.sol,^0.8.0,0.8.0,
ContextUpgradeable_3.sol,^0.8.0,0.8.0,
IERC20Upgradeable.sol,^0.8.0,0.8.0,
CountersUpgradeable_1.sol,^0.8.0,0.8.0,
IERCHandler_1.sol,0.8.2,0.8.2,
ContextUpgradeable_2.sol,^0.8.0,0.8.0,
AddressUpgradeable_10.sol,^0.8.1,0.8.1,
Initializable_16.sol,^0.8.0,0.8.0,
ERC165Upgradeable_3.sol,^0.8.0,0.8.0,
AccessControlUpgradeable_10.sol,^0.8.0,0.8.0,
IBeaconUpgradeable_10.sol,^0.8.0,0.8.0,
SafeERC20Upgradeable_4.sol,^0.8.0,0.8.0,
iGBridge.sol,0.8.2,0.8.2,
StorageSlotUpgradeable_2.sol,^0.8.0,0.8.0,
PausableUpgradeable_2.sol,^0.8.0,0.8.0,
BridgeUpgradeable_4.sol,0.8.2,0.8.2,
ILiquidityPool_8.sol,>=0.8.2,0.8.2,
StorageSlotUpgradeable.sol,^0.8.0,0.8.0,
Initializable_3.sol,^0.8.0,0.8.0,
IERC20Upgradeable_17.sol,0.8.2,0.8.2,
