{
    "Address": 1,
    "Address_1": 2,
    "Address_2": 3,
    "BaseRelayer": 4,
    "BasicAMBMediator": 5,
    "BasicNFTOmnibridge": 6,
    "BridgeOperationsStorage": 7,
    "BridgeValidators": 8,
    "BridgedTokensRegistry": 9,
    "Bytes": 10,
    "Context": 11,
    "Context_1": 12,
    "Context_2": 13,
    "ERC1155": 14,
    "ERC1155BridgeToken": 15,
    "ERC1155Relayer": 16,
    "ERC1155TokenProxy": 17,
    "ERC165": 18,
    "ERC165_1": 19,
    "ERC165_2": 20,
    "ERC721": 21,
    "ERC721BridgeToken": 22,
    "ERC721BridgeToken_1": 23,
    "ERC721Relayer": 24,
    "ERC721TokenProxy": 25,
    "ERC721_1": 26,
    "EnumerableMap": 27,
    "EnumerableMap_1": 28,
    "EnumerableSet": 29,
    "EnumerableSet_1": 30,
    "EternalStorage": 31,
    "EternalStorageProxy": 32,
    "EternalStorageProxy_1": 33,
    "EternalStorageProxy_2": 34,
    "FailedMessagesProcessor": 35,
    "ForeignAMB": 36,
    "ForeignAMBErc677ToErc677": 37,
    "ForeignAMB_1": 38,
    "ForeignBridge": 39,
    "ForeignMultiAMBErc20ToErc677": 40,
    "ForeignNFTOmnibridge": 41,
    "ForeignOmnibridge": 42,
    "GasLimitManager": 43,
    "IAMB": 44,
    "IBurnableMintableERC1155Token": 45,
    "IBurnableMintableERC1155Token_1": 46,
    "IBurnableMintableERC721Token": 47,
    "IBurnableMintableERC721Token_1": 48,
    "IERC1155": 49,
    "IERC1155MetadataURI": 50,
    "IERC1155MetadataURI_1": 51,
    "IERC1155Receiver": 52,
    "IERC1155TokenReceiver": 53,
    "IERC1155_1": 54,
    "IERC165": 55,
    "IERC165_1": 56,
    "IERC165_2": 57,
    "IERC721": 58,
    "IERC721Enumerable": 59,
    "IERC721Enumerable_1": 60,
    "IERC721Metadata": 61,
    "IERC721Metadata_1": 62,
    "IERC721Receiver": 63,
    "IERC721Receiver_1": 64,
    "IERC721_1": 65,
    "IOwnable": 66,
    "IOwnable_1": 67,
    "IOwnable_2": 68,
    "IUpgradeabilityOwnerStorage": 69,
    "Initializable": 70,
    "MetadataReader": 71,
    "MultiSigWallet": 72,
    "NFTBridgeLimits": 73,
    "NFTMediatorBalanceStorage": 74,
    "NFTOmnibridgeInfo": 75,
    "NativeTokensRegistry": 76,
    "Ownable": 77,
    "Proxy": 78,
    "ReentrancyGuard": 79,
    "SafeMath": 80,
    "SafeMath_1": 81,
    "SafeMath_2": 82,
    "Strings": 83,
    "Strings_1": 84,
    "TokenImageStorage": 85,
    "Upgradeable": 86,
    "VersionableBridge": 87,
    "WETHOmnibridgeRouter": 88,
    "XDaiForeignBridge": 89
}