{
    "Auth": 1,
    "BeefyClient": 2,
    "Bitfield": 3,
    "Bits": 4,
    "Bytes": 5,
    "DeployScript": 6,
    "Gateway": 7,
    "IOutboundQueue": 8,
    "IParachainClient": 9,
    "IRecipient": 10,
    "InboundQueue": 11,
    "MMRProof": 12,
    "Memory": 13,
    "MerkleProof": 14,
    "NativeTokens": 15,
    "NativeTokensTypes": 16,
    "OpaqueProof": 17,
    "OutboundQueue": 18,
    "ParachainClient": 19,
    "Registry": 20,
    "RegistryLookup": 21,
    "ScaleCodec": 22,
    "SovereignTreasury": 23,
    "SubstrateTypes": 24,
    "TokenVault": 25,
    "Types": 26,
    "UpgradeProxy": 27,
    "UpgradeTask": 28,
    "Vault": 29
}