{
    "Address": 1,
    "Address_1": 2,
    "Address_2": 3,
    "Address_3": 4,
    "Address_4": 5,
    "Address_5": 6,
    "Address_6": 7,
    "BytesLib": 8,
    "Common": 9,
    "Context": 10,
    "Context_1": 11,
    "Create2": 12,
    "Create2_1": 13,
    "Create2_2": 14,
    "Create2_3": 15,
    "Create2_4": 16,
    "Create2_5": 17,
    "DepositManager": 18,
    "DepositManagerProxy": 19,
    "ECVerify": 20,
    "EIP1559Burn": 21,
    "ERC1155": 22,
    "ERC1155Holder": 23,
    "ERC1155Holder_1": 24,
    "ERC1155Predicate": 25,
    "ERC1155PredicateProxy": 26,
    "ERC1155Receiver": 27,
    "ERC1155Receiver_1": 28,
    "ERC165": 29,
    "ERC165_1": 30,
    "ERC165_2": 31,
    "ERC20": 32,
    "ERC20Predicate": 33,
    "ERC20PredicateBurnOnly": 34,
    "ERC20PredicateProxy": 35,
    "ERC721": 36,
    "ERC721Predicate": 37,
    "ERC721PredicateBurnOnly": 38,
    "ERC721PredicateProxy": 39,
    "EtherPredicate": 40,
    "EtherPredicateProxy": 41,
    "ExitNFT": 42,
    "ExitPayloadReader": 43,
    "ExitPayloadReader_1": 44,
    "ExitPayloadReader_2": 45,
    "ExitPayloadReader_3": 46,
    "ExitPayloadReader_4": 47,
    "ExitPayloadReader_5": 48,
    "FxBaseRootTunnel": 49,
    "FxBaseRootTunnel_1": 50,
    "FxBaseRootTunnel_2": 51,
    "FxBaseRootTunnel_3": 52,
    "FxBaseRootTunnel_4": 53,
    "FxBaseRootTunnel_5": 54,
    "FxERC1155RootTunnel": 55,
    "FxERC20RootTunnel": 56,
    "FxERC721RootTunnel": 57,
    "FxMintableERC1155RootTunnel": 58,
    "FxMintableERC20RootTunnel": 59,
    "FxMintableERC721RootTunnel": 60,
    "FxRoot": 61,
    "Governance": 62,
    "GovernanceProxy": 63,
    "IERC1155": 64,
    "IERC1155MetadataURI": 65,
    "IERC1155Receiver": 66,
    "IERC1155Receiver_1": 67,
    "IERC1155_1": 68,
    "IERC165": 69,
    "IERC165_1": 70,
    "IERC165_2": 71,
    "IERC165_3": 72,
    "IERC20": 73,
    "IERC20_1": 74,
    "IERC721": 75,
    "IERC721Metadata": 76,
    "IERC721Receiver": 77,
    "IERC721Receiver_1": 78,
    "IERC721_1": 79,
    "IFxERC1155": 80,
    "IFxERC20": 81,
    "IFxERC721": 82,
    "IRootChainManager": 83,
    "Merkle": 84,
    "MerklePatriciaProof": 85,
    "MerklePatriciaProof_1": 86,
    "MerklePatriciaProof_2": 87,
    "MerklePatriciaProof_3": 88,
    "MerklePatriciaProof_4": 89,
    "MerklePatriciaProof_5": 90,
    "MerklePatriciaProof_6": 91,
    "MerklePatriciaProof_7": 92,
    "Merkle_1": 93,
    "Merkle_2": 94,
    "Merkle_3": 95,
    "Merkle_4": 96,
    "Merkle_5": 97,
    "Merkle_6": 98,
    "Merkle_7": 99,
    "MintableERC1155Predicate": 100,
    "MintableERC1155PredicateProxy": 101,
    "MintableERC20Predicate": 102,
    "MintableERC20PredicateProxy": 103,
    "MintableERC721Predicate": 104,
    "MintableERC721PredicateProxy": 105,
    "MintableERC721Predicate_1": 106,
    "PriorityQueue": 107,
    "RLPEncode": 108,
    "RLPReader": 109,
    "RLPReader_1": 110,
    "RLPReader_2": 111,
    "RLPReader_3": 112,
    "RLPReader_4": 113,
    "RLPReader_5": 114,
    "RLPReader_6": 115,
    "RLPReader_7": 116,
    "Registry": 117,
    "RootChain": 118,
    "RootChainManager": 119,
    "RootChainManagerProxy": 120,
    "RootChainProxy": 121,
    "SafeERC20": 122,
    "SafeERC20_1": 123,
    "SafeMath": 124,
    "SafeMath_1": 125,
    "SafeMath_2": 126,
    "StakeManager": 127,
    "StakeManagerProxy": 128,
    "StakingInfo": 129,
    "StakingNFT": 130,
    "StateSender": 131,
    "Strings": 132,
    "ValidatorShare": 133,
    "ValidatorShareFactory": 134,
    "WithdrawManager": 135,
    "WithdrawManagerProxy": 136,
    "draft-IERC20Permit": 137
}