{
    "Address": 1,
    "AddressAliasHelper": 2,
    "AddressAliasHelper_1": 3,
    "AddressAliasHelper_2": 4,
    "AddressUpgradeable": 5,
    "AddressUpgradeable_1": 6,
    "Address_1": 7,
    "Address_2": 8,
    "Address_3": 9,
    "Arithmetic": 10,
    "Arithmetic_1": 11,
    "Burn": 12,
    "Burn_1": 13,
    "Bytes": 14,
    "CanonicalTransactionChain": 15,
    "Constants": 16,
    "Constants_1": 17,
    "Context": 18,
    "ContextUpgradeable": 19,
    "ContextUpgradeable_1": 20,
    "Context_1": 21,
    "Context_2": 22,
    "Context_3": 23,
    "Context_4": 24,
    "Context_5": 25,
    "Context_6": 26,
    "CrossDomainEnabled": 27,
    "CrossDomainMessenger": 28,
    "CrossDomainMessenger_1": 29,
    "ERC165Checker": 30,
    "ERC20": 31,
    "Encoding": 32,
    "Encoding_1": 33,
    "FixedPointMathLib": 34,
    "FixedPointMathLib_1": 35,
    "Hashing": 36,
    "Hashing_1": 37,
    "ICanonicalTransactionChain": 38,
    "ICanonicalTransactionChain_1": 39,
    "IChainStorageContainer": 40,
    "IChainStorageContainer_1": 41,
    "ICrossDomainMessenger": 42,
    "ICrossDomainMessenger_1": 43,
    "IERC165": 44,
    "IERC20": 45,
    "IERC20Metadata": 46,
    "IERC20_1": 47,
    "IL1CrossDomainMessenger": 48,
    "IL1ERC20Bridge": 49,
    "IL1StandardBridge": 50,
    "IL2ERC20Bridge": 51,
    "IOptimismMintableERC20": 52,
    "IStateCommitmentChain": 53,
    "Initializable": 54,
    "Initializable_1": 55,
    "Initializable_2": 56,
    "L1ChugSplashProxy": 57,
    "L1CrossDomainMessenger": 58,
    "L1CrossDomainMessenger_1": 59,
    "L1DAITokenBridge": 60,
    "L1StandardBridge": 61,
    "L1StandardBridge_1": 62,
    "L2OutputOracle": 63,
    "Lib_AddressManager": 64,
    "Lib_AddressManager_1": 65,
    "Lib_AddressManager_2": 66,
    "Lib_AddressManager_3": 67,
    "Lib_AddressManager_4": 68,
    "Lib_AddressResolver": 69,
    "Lib_AddressResolver_1": 70,
    "Lib_AddressResolver_2": 71,
    "Lib_AddressResolver_3": 72,
    "Lib_AddressResolver_4": 73,
    "Lib_Bytes32Utils": 74,
    "Lib_Bytes32Utils_1": 75,
    "Lib_Bytes32Utils_2": 76,
    "Lib_Bytes32Utils_3": 77,
    "Lib_Bytes32Utils_4": 78,
    "Lib_BytesUtils": 79,
    "Lib_BytesUtils_1": 80,
    "Lib_BytesUtils_2": 81,
    "Lib_BytesUtils_3": 82,
    "Lib_BytesUtils_4": 83,
    "Lib_CrossDomainUtils": 84,
    "Lib_DefaultValues": 85,
    "Lib_ErrorUtils": 86,
    "Lib_EthUtils": 87,
    "Lib_MerkleTree": 88,
    "Lib_MerkleTree_1": 89,
    "Lib_MerkleTrie": 90,
    "Lib_OVMCodec": 91,
    "Lib_OVMCodec_1": 92,
    "Lib_OVMCodec_2": 93,
    "Lib_OVMCodec_3": 94,
    "Lib_OVMCodec_4": 95,
    "Lib_PredeployAddresses": 96,
    "Lib_PredeployAddresses_1": 97,
    "Lib_PredeployAddresses_2": 98,
    "Lib_RLPReader": 99,
    "Lib_RLPReader_1": 100,
    "Lib_RLPReader_2": 101,
    "Lib_RLPReader_3": 102,
    "Lib_RLPReader_4": 103,
    "Lib_RLPWriter": 104,
    "Lib_RLPWriter_1": 105,
    "Lib_RLPWriter_2": 106,
    "Lib_RLPWriter_3": 107,
    "Lib_RLPWriter_4": 108,
    "Lib_SecureMerkleTrie": 109,
    "Math": 110,
    "Math_1": 111,
    "Math_2": 112,
    "MerkleTrie": 113,
    "OVM_CanonicalTransactionChain": 114,
    "OVM_CrossDomainEnabled": 115,
    "OVM_DeployerWhitelist": 116,
    "OVM_ExecutionManager": 117,
    "OVM_L1MultiMessageRelayer": 118,
    "OVM_StateCommitmentChain": 119,
    "OptimismMintableERC20": 120,
    "OptimismPortal": 121,
    "Ownable": 122,
    "OwnableUpgradeable": 123,
    "OwnableUpgradeable_1": 124,
    "Ownable_1": 125,
    "Ownable_2": 126,
    "Ownable_3": 127,
    "Ownable_4": 128,
    "Ownable_5": 129,
    "PausableUpgradeable": 130,
    "Predeploys": 131,
    "Predeploys_1": 132,
    "RLPReader": 133,
    "RLPWriter": 134,
    "RLPWriter_1": 135,
    "ReentrancyGuardUpgradeable": 136,
    "ResourceMetering": 137,
    "ResourceMetering_1": 138,
    "SafeCall": 139,
    "SafeCall_1": 140,
    "SafeERC20": 141,
    "SafeERC20_1": 142,
    "SafeMath": 143,
    "SecureMerkleTrie": 144,
    "Semver": 145,
    "Semver_1": 146,
    "SignedMath": 147,
    "SignedMath_1": 148,
    "StandardBridge": 149,
    "Strings": 150,
    "Strings_1": 151,
    "SystemConfig": 152,
    "TeleportrDeposit": 153,
    "Types": 154,
    "Types_1": 155,
    "draft-IERC20Permit": 156,
    "iL1ChugSplashDeployer": 157,
    "iOVM_BondManager": 158,
    "iOVM_CanonicalTransactionChain": 159,
    "iOVM_CanonicalTransactionChain_1": 160,
    "iOVM_ChainStorageContainer": 161,
    "iOVM_ChainStorageContainer_1": 162,
    "iOVM_CrossDomainMessenger": 163,
    "iOVM_CrossDomainMessenger_1": 164,
    "iOVM_DeployerWhitelist": 165,
    "iOVM_ExecutionManager": 166,
    "iOVM_FraudVerifier": 167,
    "iOVM_L1CrossDomainMessenger": 168,
    "iOVM_L1ERC20Bridge": 169,
    "iOVM_L1MultiMessageRelayer": 170,
    "iOVM_L2ERC20Bridge": 171,
    "iOVM_SafetyChecker": 172,
    "iOVM_StateCommitmentChain": 173,
    "iOVM_StateManager": 174,
    "iOVM_StateTransitioner": 175
}