{
    "AccessControl": 1,
    "AccessControlEnumerableUpgradeable": 2,
    "AccessControlEnumerableUpgradeable_1": 3,
    "AccessControlEnumerableUpgradeable_2": 4,
    "AccessControlUpgradeable": 5,
    "AccessControlUpgradeable_1": 6,
    "AccessControlUpgradeable_2": 7,
    "AccessControl_1": 8,
    "AccessControl_2": 9,
    "Address": 10,
    "Address_1": 11,
    "Address_2": 12,
    "Address_3": 13,
    "Address_4": 14,
    "BaseAdminUpgradeabilityProxy": 15,
    "BaseUpgradeabilityProxy": 16,
    "BasicBridge": 17,
    "BeaconProxy": 18,
    "BeaconProxy_1": 19,
    "BeaconProxy_2": 20,
    "CanReclaimTokens": 21,
    "Claimable": 22,
    "Context": 23,
    "ContextUpgradeable": 24,
    "ContextUpgradeable_1": 25,
    "ContextUpgradeable_2": 26,
    "Context_1": 27,
    "Context_2": 28,
    "Context_3": 29,
    "Context_4": 30,
    "DarknodePayment": 31,
    "DarknodePaymentStore": 32,
    "DarknodeRegistryLogicV1": 33,
    "DarknodeRegistryProxy": 34,
    "DarknodeRegistryStore": 35,
    "ECDSA": 36,
    "ERC165": 37,
    "ERC165Upgradeable": 38,
    "ERC165Upgradeable_1": 39,
    "ERC165Upgradeable_2": 40,
    "ERC165_1": 41,
    "ERC165_2": 42,
    "ERC1967Proxy": 43,
    "ERC1967Proxy_1": 44,
    "ERC1967Proxy_2": 45,
    "ERC1967Upgrade": 46,
    "ERC1967Upgrade_1": 47,
    "ERC1967Upgrade_2": 48,
    "ERC20": 49,
    "ERC20Detailed": 50,
    "ERC20WithPermit": 51,
    "ERC20WithRate": 52,
    "EnumerableSetUpgradeable": 53,
    "EnumerableSetUpgradeable_1": 54,
    "EnumerableSetUpgradeable_2": 55,
    "GatewayLogicV1": 56,
    "GatewayRegistry": 57,
    "GatewayRegistryV3": 58,
    "GatewayRegistry_1": 59,
    "GatewayRegistry_2": 60,
    "IAccessControl": 61,
    "IAccessControlEnumerableUpgradeable": 62,
    "IAccessControlEnumerableUpgradeable_1": 63,
    "IAccessControlEnumerableUpgradeable_2": 64,
    "IAccessControlUpgradeable": 65,
    "IAccessControlUpgradeable_1": 66,
    "IAccessControlUpgradeable_2": 67,
    "IAccessControl_1": 68,
    "IAccessControl_2": 69,
    "IBeacon": 70,
    "IBeacon_1": 71,
    "IBeacon_2": 72,
    "IERC165": 73,
    "IERC165Upgradeable": 74,
    "IERC165Upgradeable_1": 75,
    "IERC165Upgradeable_2": 76,
    "IERC165_1": 77,
    "IERC165_2": 78,
    "IERC20": 79,
    "IERC20_1": 80,
    "IERC20_2": 81,
    "IERC20_3": 82,
    "IERC20_4": 83,
    "IGateway": 84,
    "IGatewayRegistry": 85,
    "ILockGateway": 86,
    "ILockGateway_1": 87,
    "ILockGateway_2": 88,
    "ILockGateway_3": 89,
    "IMintGateway": 90,
    "IMintGateway_1": 91,
    "IMintGateway_2": 92,
    "IMintGateway_3": 93,
    "Initializable": 94,
    "InitializableAdminUpgradeabilityProxy": 95,
    "InitializableUpgradeabilityProxy": 96,
    "Initializable_1": 97,
    "Initializable_2": 98,
    "Initializable_3": 99,
    "MintGatewayLogicV1": 100,
    "MintGatewayV1": 101,
    "MintGatewayV2": 102,
    "Ownable": 103,
    "OwnableUpgradeable": 104,
    "OwnableUpgradeable_1": 105,
    "OwnableUpgradeable_2": 106,
    "Ownable_1": 107,
    "Ownable_2": 108,
    "Ownable_3": 109,
    "ProtocolLogicV1": 110,
    "ProtocolProxy": 111,
    "Proxy": 112,
    "ProxyBeacon": 113,
    "ProxyBeacon_1": 114,
    "ProxyBeacon_2": 115,
    "Proxy_1": 116,
    "Proxy_2": 117,
    "Proxy_3": 118,
    "RenAssetFactory": 119,
    "RenAssetFactory_1": 120,
    "RenAssetFactory_2": 121,
    "RenERC20": 122,
    "RenERC20LogicV1": 123,
    "RenERC20LogicV1_1": 124,
    "RepublicToken": 125,
    "SafeERC20": 126,
    "SafeERC20_1": 127,
    "SafeMath": 128,
    "StorageSlot": 129,
    "StorageSlot_1": 130,
    "StorageSlot_2": 131,
    "String": 132,
    "StringSet": 133,
    "StringSet_1": 134,
    "StringSet_2": 135,
    "StringV1": 136,
    "String_1": 137,
    "String_2": 138,
    "String_3": 139,
    "Strings": 140,
    "StringsUpgradeable": 141,
    "StringsUpgradeable_1": 142,
    "StringsUpgradeable_2": 143,
    "Strings_1": 144,
    "Strings_2": 145,
    "TransparentUpgradeableProxy": 146,
    "TransparentUpgradeableProxy_1": 147,
    "TransparentUpgradeableProxy_2": 148,
    "UpgradeabilityProxy": 149,
    "UpgradeableBeacon": 150,
    "UpgradeableBeacon_1": 151,
    "UpgradeableBeacon_2": 152
}