{
    "Address": 1,
    "ChainportBridgeEth": 2,
    "ChainportToken": 3,
    "Context": 4,
    "ERC1967Proxy": 5,
    "ERC1967Upgrade": 6,
    "Enum": 7,
    "EtherPaymentFallback": 8,
    "Executor": 9,
    "FallbackManager": 10,
    "GnosisSafe": 11,
    "GnosisSafeMath": 12,
    "GnosisSafeProxy": 13,
    "GnosisSafe_1": 14,
    "GuardManager": 15,
    "IBeacon": 16,
    "ISignatureValidator": 17,
    "ModuleManager": 18,
    "Ownable": 19,
    "OwnerManager": 20,
    "Proxiable": 21,
    "Proxy": 22,
    "ProxyAdmin": 23,
    "Proxy_2": 24,
    "SecuredTokenTransfer": 25,
    "SelfAuthorized": 26,
    "SignatureDecoder": 27,
    "Singleton": 28,
    "StorageAccessible": 29,
    "StorageSlot": 30,
    "TransparentUpgradeableProxy": 31,
    "UUPSUpgradeable": 32,
    "import": 33
}