file,original pragma version,compiled version,notes
GenericHandlerUpgradeable.sol,0.8.11,0.8.11,
AdminUpgradeabilityProxy.sol,^0.6.8,0.6.8,
IERC20.sol,^0.6.0,0.6.0,
ERC20.sol,^0.6.0,0.6.0,
EMTRGV1.sol,^0.6.8,0.6.8,
ERC20Handler.sol,0.6.4,0.6.4,
Pausable.sol,^0.6.8,0.6.8,
TransparentUpgradeableProxy.sol,^0.8.0,0.8.0,
Ownable.sol,^0.6.8,0.6.8,
ERC20HandlerUpgradeable.sol,0.8.11,0.8.11,
SafeERC20.sol,^0.6.0,0.6.0,
SafeMath.sol,^0.6.0,0.6.0,
Bridge.sol,0.6.4,0.6.4,
Address.sol,^0.6.2,0.6.2,
Proxy.sol,^0.6.8,0.6.8,
EMTRV1.sol,^0.6.8,0.6.8,
BridgeUpgradeable.sol,^0.8.0,0.8.0,
Context.sol,^0.6.0,0.6.0,
Rescuable.sol,^0.6.8,0.6.8,
EMTRG.sol,^0.6.0,0.6.0,
ERC20Handler_1.sol,0.6.4,0.6.4,
MeterERC20Proxy.sol,^0.6.8,0.6.8,
Bridge_1.sol,0.6.4,0.6.4,
GenericHandler_1.sol,0.6.4,0.6.4,
Bridge_3.sol,0.6.4,0.6.4,
UpgradeabilityProxy.sol,^0.6.8,0.6.8,
EMTR.sol,^0.6.0,0.6.0,
Bridge_2.sol,0.6.4,0.6.4,
GenericHandler.sol,0.6.4,0.6.4,
Bridge_5.sol,0.6.4,0.6.4,
Bridge_4.sol,0.6.4,0.6.4,
