file,original pragma version,compiled version,notes
IExecutorBase.sol,^0.8.10,0.8.10,
L2BridgeExecutor.sol,^0.8.10,0.8.10,
PolygonMarketUpdate.sol,^0.8.10,0.8.10,
BridgeExecutorBase.sol,^0.8.10,0.8.10,
SimpleBridgeExecutor.sol,^0.8.10,0.8.10,
SimpleL2BridgeExecutor.sol,^0.8.10,0.8.10,
Greeter.sol,^0.8.10,0.8.10,
Selfdestructor.sol,^0.8.10,0.8.10,
MockInbox.sol,^0.8.10,0.8.10,
ArbGreeter.sol,^0.8.10,0.8.10,
PolygonBridgeExecutor.sol,^0.8.10,0.8.10,
OptimismBridgeExecutor.sol,^0.8.10,0.8.10,
IL2BridgeExecutor.sol,^0.8.10,0.8.10,
MockOvmL2CrossDomainMessenger.sol,^0.8.10,0.8.10,
MockOvmL1CrossDomainMessenger.sol,^0.8.10,0.8.10,
ArbitrumBridgeExecutor.sol,^0.8.10,0.8.10,
GreeterPayload.sol,^0.8.10,0.8.10,
