file,original pragma version,compiled version,notes
MultiVaultHelperLiquidity.sol,0.8.0,0.8.0,
MultiVaultFacetDeposit.sol,0.8.0,0.8.0,
Initializable.sol,^0.8.0,0.8.0,
ReentrancyGuard_4.sol,^0.8.0,0.8.0,
MultiVaultStorage_2.sol,0.8.0,0.8.0,
IBridge_7.sol,^0.8.2,0.8.2,
IERC20Metadata_3.sol,^0.8.2,0.8.2,
IERC20Metadata_2.sol,0.8.0,0.8.0,
IBridge_6.sol,^0.8.2,0.8.2,
MultiVaultStorage_3.sol,0.8.0,0.8.0,
IMultiVaultFacetTokensEvents_1.sol,0.8.0,0.8.0,
IERC20.sol,0.8.0,0.8.0,
MultiVaultStorageReentrancyGuard.sol,0.8.0,0.8.0,
Token.sol,^0.8.0,0.8.0,
MultiVaultHelperEmergency.sol,0.8.0,0.8.0,
MultiVaultHelperPendingWithdrawal.sol,0.8.0,0.8.0,
ReentrancyGuard.sol,^0.8.0,0.8.0,
MultiVaultHelperActors.sol,0.8.0,0.8.0,
IMultiVaultFacetTokensEvents_3.sol,0.8.0,0.8.0,
MultiVaultStorage_1.sol,0.8.0,0.8.0,
IBridge_4.sol,0.8.0,0.8.0,
MultiVaultFacetLiquidity.sol,0.8.0,0.8.0,
IERC20Metadata_1.sol,^0.8.0,0.8.0,
IBridge_5.sol,0.8.0,0.8.0,
IMultiVaultFacetTokensEvents_2.sol,0.8.0,0.8.0,
IERC20Mintable_1.sol,^0.8.0,0.8.0,
IEverscale_9.sol,^0.8.2,0.8.2,
Address_9.sol,^0.8.1,0.8.1,
IVaultBasic_1.sol,^0.8.2,0.8.2,
MultiVaultHelperActors_1.sol,0.8.0,0.8.0,
ReentrancyGuard_2.sol,0.8.0,0.8.0,
ERC20.sol,^0.8.0,0.8.0,
IBridge_1.sol,^0.8.2,0.8.2,
IERC20Metadata_5.sol,0.8.0,0.8.0,
MultiVaultStorage_4.sol,0.8.0,0.8.0,
IMultiVault.sol,0.8.0,0.8.0,
IMultiVaultFacetSettings.sol,0.8.0,0.8.0,
IERC20Metadata_4.sol,0.8.0,0.8.0,
ReentrancyGuard_3.sol,^0.8.0,0.8.0,
Address_8.sol,^0.8.1,0.8.1,
MultiVaultHelperReentrancyGuard_1.sol,0.8.0,0.8.0,
IEverscale_8.sol,0.8.0,0.8.0,
IMultiVaultFacetDepositEvents.sol,0.8.0,0.8.0,
MultiVaultFacetSettings.sol,0.8.0,0.8.0,
IERC20_8.sol,^0.8.0,0.8.0,
MultiVaultHelperWithdraw.sol,0.8.0,0.8.0,
IVaultBasic_2.sol,^0.8.2,0.8.2,
ReentrancyGuard_1.sol,^0.8.0,0.8.0,
MultiVaultHelperActors_2.sol,0.8.0,0.8.0,
IBridge_2.sol,^0.8.2,0.8.2,
IERC20Metadata_6.sol,0.8.0,0.8.0,
IERC20Metadata_7.sol,0.8.0,0.8.0,
IBridge_3.sol,^0.8.2,0.8.2,
MultiVaultHelperReentrancyGuard_2.sol,0.8.0,0.8.0,
IERC20_9.sol,^0.8.0,0.8.0,
MultiVaultLibrary.sol,0.8.0,0.8.0,
IMultiVaultFacetDeposit.sol,0.8.0,0.8.0,
MultiVaultHelperEmergency_2.sol,0.8.0,0.8.0,
IMultiVaultFacetTokens.sol,0.8.0,0.8.0,
MultiVaultToken_1.sol,0.8.0,0.8.0,
SafeERC20_1.sol,^0.8.0,0.8.0,
Ownable.sol,0.8.0,0.8.0,
Context_1.sol,0.8.0,0.8.0,
IMultiVaultFacetSettingsEvents.sol,0.8.0,0.8.0,
IMultiVaultFacetPendingWithdrawals.sol,0.8.0,0.8.0,
MultiVaultHelperEmergency_3.sol,0.8.0,0.8.0,
IMultiVaultToken.sol,0.8.0,0.8.0,
draft-IERC20Permit.sol,^0.8.0,0.8.0,
MultiVaultHelperTokenBalance.sol,0.8.0,0.8.0,
draft-IERC20Permit_1.sol,^0.8.0,0.8.0,
SafeERC20.sol,0.8.0,0.8.0,
MultiVaultHelperEmergency_1.sol,0.8.0,0.8.0,
IVault.sol,^0.8.2,0.8.2,
Context_3.sol,0.8.0,0.8.0,
SafeERC20_3.sol,0.8.0,0.8.0,
MultiVaultToken_2.sol,0.8.0,0.8.0,
MultiVaultToken_3.sol,0.8.0,0.8.0,
SafeERC20_2.sol,^0.8.0,0.8.0,
IMultiVaultFacetFees.sol,0.8.0,0.8.0,
Context_2.sol,0.8.0,0.8.0,
OwnableUpgradeable_1.sol,^0.8.0,0.8.0,
IMultiVaultFacetFeesEvents_3.sol,0.8.0,0.8.0,
IMultiVaultFacetLiquidity.sol,0.8.0,0.8.0,
MultiVaultHelperEmergency_4.sol,0.8.0,0.8.0,
Bridge.sol,^0.8.2,0.8.2,
Address.sol,0.8.0,0.8.0,
OwnableUpgradeable.sol,^0.8.0,0.8.0,
PausableUpgradeable.sol,^0.8.0,0.8.0,
Context_6.sol,^0.8.0,0.8.0,
MultiVaultHelperFee_1.sol,0.8.0,0.8.0,
SafeERC20_6.sol,^0.8.0,0.8.0,
SafeERC20_7.sol,^0.8.0,0.8.0,
ECDSA.sol,^0.8.2,0.8.2,
Context_7.sol,^0.8.0,0.8.0,
MultiVaultHelperInitializable.sol,0.8.0,0.8.0,
MultiVaultToken.sol,0.8.0,0.8.0,
Cache.sol,^0.8.2,0.8.2,
IBridge.sol,^0.8.2,0.8.2,
IMultiVaultFacetFeesEvents_2.sol,0.8.0,0.8.0,
MultiVaultHelperCallback_1.sol,0.8.0,0.8.0,
MultiVaultHelperGas.sol,^0.8.0,0.8.0,
ContextUpgradeable.sol,^0.8.0,0.8.0,
MultiVaultHelperFee_2.sol,0.8.0,0.8.0,
Context_5.sol,0.8.0,0.8.0,
Cache_1.sol,^0.8.2,0.8.2,
MultiVaultToken_4.sol,0.8.0,0.8.0,
SafeERC20_5.sol,0.8.0,0.8.0,
IWETH.sol,^0.8.0,0.8.0,
SafeERC20_4.sol,0.8.0,0.8.0,
MultiVaultToken_5.sol,0.8.0,0.8.0,
MultiVaultHelperFee_3.sol,0.8.0,0.8.0,
Context_4.sol,0.8.0,0.8.0,
MultiVaultFacetWithdraw.sol,0.8.0,0.8.0,
MultiVaultHelperReentrancyGuard.sol,0.8.0,0.8.0,
IMultiVaultFacetWithdraw.sol,0.8.0,0.8.0,
MultiVaultHelperTokens.sol,0.8.0,0.8.0,
Vault.sol,^0.8.2,0.8.2,
IMultiVaultFacetFeesEvents_1.sol,0.8.0,0.8.0,
IVaultBasic.sol,^0.8.2,0.8.2,
IERC20Mintable.sol,^0.8.0,0.8.0,
MultiVaultHelperLiquidity_2.sol,0.8.0,0.8.0,
Vault_3.sol,^0.8.2,0.8.2,
IMultiVaultFacetLiquidityEvents_1.sol,0.8.0,0.8.0,
MultiVaultStorageReentrancyGuard_1.sol,0.8.0,0.8.0,
Vault_2.sol,^0.8.2,0.8.2,
IStrategy.sol,^0.8.2,0.8.2,
MultiVaultHelperLiquidity_3.sol,0.8.0,0.8.0,
VaultStorage_1.sol,^0.8.2,0.8.2,
VaultHelpers.sol,^0.8.2,0.8.2,
VaultStorage_3.sol,^0.8.2,0.8.2,
IMultiVaultFacetLiquidityEvents.sol,0.8.0,0.8.0,
MultiVaultHelperLiquidity_1.sol,0.8.0,0.8.0,
IMultiVaultFacetLiquidityEvents_3.sol,0.8.0,0.8.0,
IMultiVaultFacetLiquidity_4.sol,0.8.0,0.8.0,
IMultiVaultFacetPendingWithdrawalsEvents.sol,0.8.0,0.8.0,
MultiVaultStorageReentrancyGuard_2.sol,0.8.0,0.8.0,
IMultiVaultFacetLiquidityEvents_2.sol,0.8.0,0.8.0,
Vault_1.sol,^0.8.2,0.8.2,
IERC20Metadata.sol,0.8.0,0.8.0,
VaultStorage_2.sol,^0.8.2,0.8.2,
IERC20_10.sol,^0.8.0,0.8.0,
IStrategy_1.sol,^0.8.2,0.8.2,
ChainId.sol,0.8.0,0.8.0,
IMultiVaultFacetFees_3.sol,0.8.0,0.8.0,
IMultiVaultFacetFees_2.sol,0.8.0,0.8.0,
IMultiVaultFacetLiquidity_1.sol,0.8.0,0.8.0,
MultiVaultHelperTokens_1.sol,0.8.0,0.8.0,
MultiVaultStorageInitializable.sol,0.8.0,0.8.0,
IOctusCallback_1.sol,0.8.0,0.8.0,
Context.sol,0.8.0,0.8.0,
Math.sol,^0.8.2,0.8.2,
MultiVaultHelperTokens_3.sol,0.8.0,0.8.0,
IStrategy_2.sol,^0.8.2,0.8.2,
IMultiVaultFacetLiquidity_3.sol,0.8.0,0.8.0,
MultiVaultHelperFee.sol,0.8.0,0.8.0,
IMultiVaultFacetFees_1.sol,0.8.0,0.8.0,
IMultiVaultFacetLiquidity_2.sol,0.8.0,0.8.0,
MultiVaultHelperTokens_2.sol,0.8.0,0.8.0,
MultiVaultHelperCallback.sol,0.8.0,0.8.0,
console.sol,>= 0.4.22 <0.9.0,0.4.22,
MultiVaultHelperPendingWithdrawal_1.sol,0.8.0,0.8.0,
IEverscale_6.sol,0.8.0,0.8.0,
IERC20_4.sol,0.8.0,0.8.0,
Address_6.sol,0.8.0,0.8.0,
IMultiVaultFacetWithdraw_1.sol,0.8.0,0.8.0,
IVault_2.sol,^0.8.2,0.8.2,
MultiVaultFacetTokens.sol,0.8.0,0.8.0,
Ownable_3.sol,0.8.0,0.8.0,
VaultHelpers_2.sol,^0.8.2,0.8.2,
IEverscale_10.sol,^0.8.2,0.8.2,
Ownable_2.sol,0.8.0,0.8.0,
IVault_3.sol,^0.8.2,0.8.2,
IMultiVaultToken_1.sol,0.8.0,0.8.0,
Address_7.sol,0.8.0,0.8.0,
IERC20_5.sol,0.8.0,0.8.0,
IEverscale_7.sol,0.8.0,0.8.0,
MultiVaultStorage.sol,0.8.0,0.8.0,
Bridge_1.sol,^0.8.2,0.8.2,
Math_2.sol,^0.8.2,0.8.2,
IOctusCallback.sol,0.8.0,0.8.0,
Initializable_6.sol,^0.8.2,0.8.2,
Initializable_4.sol,0.8.0,0.8.0,
MultiVaultHelperEverscale.sol,0.8.0,0.8.0,
IEverscale_5.sol,0.8.0,0.8.0,
IMultiVaultFacetTokens_4.sol,0.8.0,0.8.0,
IERC20_7.sol,0.8.0,0.8.0,
IMultiVaultFacetWithdraw_2.sol,0.8.0,0.8.0,
Address_5.sol,0.8.0,0.8.0,
IMultiVaultToken_3.sol,0.8.0,0.8.0,
IVault_1.sol,^0.8.2,0.8.2,
IERC20Metadata_9.sol,^0.8.0,0.8.0,
VaultHelpers_1.sol,^0.8.2,0.8.2,
Ownable_1.sol,0.8.0,0.8.0,
IERC20Metadata_8.sol,^0.8.0,0.8.0,
IMultiVaultToken_2.sol,0.8.0,0.8.0,
Address_4.sol,0.8.0,0.8.0,
IMultiVaultFacetWithdraw_3.sol,0.8.0,0.8.0,
IERC20_6.sol,0.8.0,0.8.0,
IEverscale_4.sol,^0.8.2,0.8.2,
IMultiVaultFacetPendingWithdrawals_4.sol,0.8.0,0.8.0,
IMultiVaultFacetPendingWithdrawalsEvents_1.sol,0.8.0,0.8.0,
Math_1.sol,^0.8.2,0.8.2,
Initializable_5.sol,^0.8.2,0.8.2,
IMultiVaultFacetTokensEvents.sol,0.8.0,0.8.0,
Initializable_1.sol,^0.8.0,0.8.0,
IMultiVaultFacetWithdrawEvents.sol,0.8.0,0.8.0,
IERC20_2.sol,0.8.0,0.8.0,
IMultiVaultFacetTokens_1.sol,0.8.0,0.8.0,
Ownable_5.sol,0.8.0,0.8.0,
Ownable_4.sol,0.8.0,0.8.0,
ContextUpgradeable_1.sol,^0.8.0,0.8.0,
MultiVault.sol,0.8.0,0.8.0,
ECDSA_1.sol,^0.8.2,0.8.2,
Address_1.sol,^0.8.1,0.8.1,
IEverscale_1.sol,^0.8.2,0.8.2,
IERC20_3.sol,^0.8.0,0.8.0,
AddressUpgradeable.sol,0.8.0,0.8.0,
PausableUpgradeable_1.sol,^0.8.0,0.8.0,
IMultiVaultFacetPendingWithdrawals_1.sol,0.8.0,0.8.0,
Initializable_2.sol,^0.8.0,0.8.0,
IEverscale.sol,0.8.0,0.8.0,
IMultiVaultFacetPendingWithdrawals_3.sol,0.8.0,0.8.0,
IERC20_1.sol,^0.8.0,0.8.0,
IMultiVaultFacetTokens_2.sol,0.8.0,0.8.0,
IEverscale_3.sol,0.8.0,0.8.0,
Address_3.sol,^0.8.0,0.8.0,
IMultiVaultToken_5.sol,0.8.0,0.8.0,
IMultiVaultFacetWithdraw_4.sol,0.8.0,0.8.0,
Ownable_6.sol,^0.8.0,0.8.0,
IMultiVaultFacetFeesEvents.sol,0.8.0,0.8.0,
Ownable_7.sol,^0.8.0,0.8.0,
IMultiVaultToken_4.sol,0.8.0,0.8.0,
Address_2.sol,0.8.0,0.8.0,
IEverscale_2.sol,^0.8.2,0.8.2,
IMultiVaultFacetTokens_3.sol,0.8.0,0.8.0,
VaultStorage.sol,^0.8.2,0.8.2,
IMultiVaultFacetPendingWithdrawals_2.sol,0.8.0,0.8.0,
Initializable_3.sol,^0.8.0,0.8.0,
