{
    "Address": 1,
    "AddressUpgradeable": 2,
    "AddressUpgradeable_1": 3,
    "Address_1": 4,
    "Address_2": 5,
    "Address_3": 6,
    "BicoTokenImplementation": 7,
    "BicoTokenProxy": 8,
    "Context": 9,
    "ContextUpgradeable": 10,
    "ContextUpgradeable_1": 11,
    "Context_1": 12,
    "Context_2": 13,
    "Context_3": 14,
    "Dai": 15,
    "ERC1967Proxy": 16,
    "ERC1967Proxy_1": 17,
    "ERC1967Upgrade": 18,
    "ERC1967Upgrade_1": 19,
    "ERC2771ContextUpgradeable": 20,
    "ERC2771ContextUpgradeable_1": 21,
    "FiatTokenProxy": 22,
    "FiatTokenV2": 23,
    "Hyphen": 24,
    "Hyphen_1": 25,
    "IBeacon": 26,
    "IBeacon_1": 27,
    "IERC20": 28,
    "IERC20Permit": 29,
    "IERC20Upgradeable": 30,
    "IERC20Upgradeable_1": 31,
    "IERC20_1": 32,
    "IExecutorManager": 33,
    "ILPToken": 34,
    "ILiquidityPool": 35,
    "ILiquidityProviders": 36,
    "ISwapAdaptor": 37,
    "ITokenManager": 38,
    "ITokenManager_1": 39,
    "IWhiteListPeriodManager": 40,
    "ImplBase": 41,
    "ImplBase_1": 42,
    "Initializable": 43,
    "Initializable_1": 44,
    "LiquidityPool": 45,
    "LiquidityPoolManager": 46,
    "LiquidityProviders": 47,
    "LpTokenMetadata": 48,
    "MaticToken": 49,
    "Ownable": 50,
    "OwnableUpgradeable": 51,
    "OwnableUpgradeable_1": 52,
    "Ownable_1": 53,
    "Ownable_2": 54,
    "Ownable_3": 55,
    "Pausable": 56,
    "PausableUpgradeable": 57,
    "PausableUpgradeable_1": 58,
    "Pausable_1": 59,
    "Proxiable": 60,
    "Proxiable_1": 61,
    "Proxy": 62,
    "ProxyAdmin": 63,
    "ProxyAdmin_1": 64,
    "Proxy_1": 65,
    "ReentrancyGuard": 66,
    "ReentrancyGuardUpgradeable": 67,
    "ReentrancyGuardUpgradeable_1": 68,
    "ReentrancyGuard_1": 69,
    "SafeERC20": 70,
    "SafeERC20Upgradeable": 71,
    "SafeERC20Upgradeable_1": 72,
    "SafeERC20_1": 73,
    "StorageSlot": 74,
    "StorageSlot_1": 75,
    "SwapRequest": 76,
    "TetherToken": 77,
    "TokenConfig": 78,
    "TokenConfig_1": 79,
    "TransparentUpgradeableProxy": 80,
    "TransparentUpgradeableProxy_1": 81,
    "UUPSUpgradeable": 82,
    "UUPSUpgradeable_1": 83,
    "errors": 84,
    "errors_1": 85,
    "import": 86,
    "import_1": 87
}