{
    "Address": 1,
    "Address_1": 2,
    "Address_2": 3,
    "Address_3": 4,
    "BytesLib": 5,
    "CollectionFactory": 6,
    "CollectionFactory_1": 7,
    "CollectionsRepository": 8,
    "Context": 9,
    "Context_1": 10,
    "Context_2": 11,
    "Context_3": 12,
    "Context_4": 13,
    "Context_5": 14,
    "Context_6": 15,
    "Context_7": 16,
    "Context_8": 17,
    "Context_9": 18,
    "ERC165": 19,
    "ERC165_1": 20,
    "ERC165_2": 21,
    "ERC165_3": 22,
    "ERC165_4": 23,
    "ERC165_5": 24,
    "ERC20": 25,
    "ERC20_1": 26,
    "ERC721": 27,
    "ERC721A": 28,
    "ERC721Structs": 29,
    "ERC721Structs_1": 30,
    "ERC721Structs_2": 31,
    "ERC721Structs_3": 32,
    "ERC721URIStorage": 33,
    "ERC721URIStorage_1": 34,
    "ERC721_1": 35,
    "ERC721_2": 36,
    "ERC721_3": 37,
    "ExcessivelySafeCall": 38,
    "IAxelarExecutable": 39,
    "IAxelarGasService": 40,
    "IAxelarGateway": 41,
    "ICollectionsRepository": 42,
    "ICollectionsRepository_1": 43,
    "ICollectionsRepository_2": 44,
    "IERC165": 45,
    "IERC165_1": 46,
    "IERC165_2": 47,
    "IERC165_3": 48,
    "IERC165_4": 49,
    "IERC165_5": 50,
    "IERC20": 51,
    "IERC20Metadata": 52,
    "IERC20Metadata_1": 53,
    "IERC20_1": 54,
    "IERC20_2": 55,
    "IERC20_3": 56,
    "IERC20_4": 57,
    "IERC20_5": 58,
    "IERC2981Royalties": 59,
    "IERC721": 60,
    "IERC721A": 61,
    "IERC721Metadata": 62,
    "IERC721Metadata_1": 63,
    "IERC721Metadata_2": 64,
    "IERC721Metadata_3": 65,
    "IERC721Receiver": 66,
    "IERC721Receiver_1": 67,
    "IERC721Receiver_2": 68,
    "IERC721Receiver_3": 69,
    "IERC721_1": 70,
    "IERC721_2": 71,
    "IERC721_3": 72,
    "ILayerZeroEndpoint": 73,
    "ILayerZeroEndpoint_1": 74,
    "ILayerZeroEndpoint_2": 75,
    "ILayerZeroEndpoint_3": 76,
    "ILayerZeroReceiver": 77,
    "ILayerZeroReceiver_1": 78,
    "ILayerZeroReceiver_2": 79,
    "ILayerZeroReceiver_3": 80,
    "ILayerZeroUserApplicationConfig": 81,
    "ILayerZeroUserApplicationConfig_1": 82,
    "ILayerZeroUserApplicationConfig_2": 83,
    "ILayerZeroUserApplicationConfig_3": 84,
    "IOFT": 85,
    "IOFTCore": 86,
    "IOFTCore_1": 87,
    "IOFT_1": 88,
    "IONFT721": 89,
    "IONFT721Core": 90,
    "IONFTCopy": 91,
    "IONFTCopy_1": 92,
    "IONFTReceiver": 93,
    "IOmniApp": 94,
    "IOmniApp_1": 95,
    "IOmniApp_2": 96,
    "IOmniApp_3": 97,
    "IOmniApp_4": 98,
    "IOmniApp_5": 99,
    "IOmniERC721": 100,
    "IOmniERC721_1": 101,
    "IOmnichainRouter": 102,
    "IOmnichainRouter_1": 103,
    "IOmnichainRouter_2": 104,
    "IOmnichainRouter_3": 105,
    "IOmnichainRouter_4": 106,
    "IOmnichainRouter_5": 107,
    "IOmniseaPointsRepository": 108,
    "IOmniseaPointsRepository_1": 109,
    "IOwnableERC721": 110,
    "IUpgradable": 111,
    "LzApp": 112,
    "LzApp_1": 113,
    "LzApp_2": 114,
    "LzApp_3": 115,
    "MerkleProof": 116,
    "NonblockingLzApp": 117,
    "NonblockingLzApp_1": 118,
    "NonblockingLzApp_2": 119,
    "NonblockingLzApp_3": 120,
    "OFT": 121,
    "OFTCore": 122,
    "OFTCore_1": 123,
    "OFT_1": 124,
    "ONFT721": 125,
    "ONFT721Core": 126,
    "ONFTCopy": 127,
    "ONFTCopy_1": 128,
    "ONFTGateway": 129,
    "ONFTGateway_1": 130,
    "OSEABridge": 131,
    "OmniERC721": 132,
    "OmnichainRouter": 133,
    "OmniseaToken": 134,
    "Ownable": 135,
    "Ownable_1": 136,
    "Ownable_2": 137,
    "Ownable_3": 138,
    "Ownable_4": 139,
    "Ownable_5": 140,
    "Ownable_6": 141,
    "Ownable_7": 142,
    "Ownable_8": 143,
    "ReentrancyGuard": 144,
    "ReentrancyGuard_1": 145,
    "StringAddressUtils": 146,
    "Strings": 147,
    "Strings_1": 148,
    "Strings_2": 149,
    "Strings_3": 150,
    "TokenFactory": 151
}