{
    "Address": 1,
    "Address_2": 2,
    "Address_3": 3,
    "Address_4": 4,
    "Address_5": 5,
    "Address_6": 6,
    "Bridge": 7,
    "BridgeTransferLib": 8,
    "Bridge_2": 9,
    "CBridge": 10,
    "Context": 11,
    "Context_1": 12,
    "Context_2": 13,
    "Context_3": 14,
    "Context_4": 15,
    "Context_5": 16,
    "DelayedTransfer": 17,
    "DelayedTransfer_1": 18,
    "DelayedTransfer_2": 19,
    "DelayedTransfer_3": 20,
    "DelayedTransfer_4": 21,
    "ECDSA": 22,
    "ECDSA_2": 23,
    "Governor": 24,
    "Governor_2": 25,
    "Governor_3": 26,
    "Governor_4": 27,
    "Governor_5": 28,
    "IBridge": 29,
    "IERC20": 30,
    "IERC20_2": 31,
    "IERC20_3": 32,
    "IERC20_4": 33,
    "IERC20_5": 34,
    "IERC20_6": 35,
    "IOriginalTokenVault": 36,
    "IOriginalTokenVaultV2": 37,
    "IPeggedToken": 38,
    "IPeggedTokenBridge": 39,
    "IPeggedTokenBridgeV2": 40,
    "IPeggedTokenBurnFrom": 41,
    "IPeggedToken_1": 42,
    "ISigsVerifier": 43,
    "ISigsVerifier_2": 44,
    "ISigsVerifier_3": 45,
    "ISigsVerifier_4": 46,
    "ISigsVerifier_5": 47,
    "ISigsVerifier_6": 48,
    "IWETH": 49,
    "IWETH_2": 50,
    "OriginalTokenVault": 51,
    "OriginalTokenVaultV2": 52,
    "Ownable": 53,
    "Ownable_2": 54,
    "Ownable_3": 55,
    "Ownable_4": 56,
    "Ownable_5": 57,
    "Ownable_6": 58,
    "Ownable_7": 59,
    "Pausable": 60,
    "Pausable_2": 61,
    "Pausable_3": 62,
    "Pausable_4": 63,
    "Pausable_5": 64,
    "Pausable_6": 65,
    "Pauser": 66,
    "Pauser_1": 67,
    "Pauser_2": 68,
    "Pauser_3": 69,
    "Pauser_4": 70,
    "Pauser_5": 71,
    "Pb": 72,
    "PbBridge": 73,
    "PbBridge_2": 74,
    "PbBridge_3": 75,
    "PbPegged": 76,
    "PbPegged_1": 77,
    "PbPegged_2": 78,
    "PbPegged_3": 79,
    "PbPegged_4": 80,
    "PbPool": 81,
    "PbPool_1": 82,
    "PbPool_2": 83,
    "Pb_1": 84,
    "Pb_2": 85,
    "Pb_3": 86,
    "Pb_4": 87,
    "Pb_5": 88,
    "Pb_6": 89,
    "PeggedTokenBridge": 90,
    "PeggedTokenBridgeV2": 91,
    "Pool": 92,
    "Pool_2": 93,
    "ReentrancyGuard": 94,
    "ReentrancyGuard_2": 95,
    "ReentrancyGuard_3": 96,
    "ReentrancyGuard_4": 97,
    "ReentrancyGuard_4_1": 98,
    "SafeERC20": 99,
    "SafeERC20_1": 100,
    "SafeERC20_2": 101,
    "SafeERC20_3": 102,
    "SafeERC20_4": 103,
    "SafeERC20_5": 104,
    "Signers": 105,
    "Signers_2": 106,
    "TransferAgent": 107,
    "VolumeControl": 108,
    "VolumeControl_1": 109,
    "VolumeControl_2": 110,
    "VolumeControl_3": 111,
    "VolumeControl_4": 112
}