{
    "AXS": 1,
    "AXSToken": 2,
    "Address": 3,
    "AxieCore": 4,
    "Context": 5,
    "Counters": 6,
    "ERC165": 7,
    "ERC721A": 8,
    "IERC165": 9,
    "IERC721": 10,
    "IERC721Enumerable": 11,
    "IERC721Metadata": 12,
    "IERC721Receiver": 13,
    "LandSale": 14,
    "MainchainGatewayManager": 15,
    "MainchainGatewayProxy": 16,
    "MainchainValidator": 17,
    "MerkleDistributor": 18,
    "Ownable": 19,
    "PausableAdmin": 20,
    "Registry": 21,
    "Ronin": 22,
    "Strings": 23,
    "TimelockFactory": 24,
    "TokenVesting": 25
}