{
    "Address": 1,
    "Address_1": 2,
    "Address_2": 3,
    "Address_3": 4,
    "Context": 5,
    "Context_1": 6,
    "Context_2": 7,
    "Context_3": 8,
    "Counters": 9,
    "DistributeToken": 10,
    "ERC1155": 11,
    "ERC165": 12,
    "ERC20": 13,
    "ERC20Burnable": 14,
    "ERC20Detailed": 15,
    "IERC1155": 16,
    "IERC1155MetadataURI": 17,
    "IERC1155Receiver": 18,
    "IERC165": 19,
    "IERC20": 20,
    "IERC20_1": 21,
    "IERC20_2": 22,
    "IERC20_3": 23,
    "IERC20_4": 24,
    "IERC20_5": 25,
    "IUniswapV2ERC20": 26,
    "IUniswapV2ERC20_1": 27,
    "IUniswapV2Factory": 28,
    "IUniswapV2Factory_1": 29,
    "IUniswapV2Pair": 30,
    "IUniswapV2Pair_1": 31,
    "IUniswapV2Router01": 32,
    "IUniswapV2Router02": 33,
    "IWETH": 34,
    "IWETH_1": 35,
    "Math": 36,
    "Ownable": 37,
    "Ownable_1": 38,
    "Ownable_2": 39,
    "Ownable_3": 40,
    "PolkaBridge": 41,
    "PolkaBridgeINO": 42,
    "PolkaBridgeLaunchPad": 43,
    "PolkaBridgeMasterFarm": 44,
    "PolkaBridgeNFT": 45,
    "PolkaBridgeNFT_1": 46,
    "PolkaBridgeStaking": 47,
    "PolkaBridgeTreasury": 48,
    "PolkaBridge_1": 49,
    "PolkaBridge_2": 50,
    "PolkabridgeLaunchPadV2": 51,
    "ReentrancyGuard": 52,
    "ReentrancyGuard_1": 53,
    "RewardPool": 54,
    "SafeERC20": 55,
    "SafeERC20_1": 56,
    "SafeERC20_2": 57,
    "SafeMath": 58,
    "SafeMath_1": 59,
    "SafeMath_2": 60,
    "SafeMath_3": 61,
    "SafeMath_4": 62,
    "Strings": 63,
    "SwapToken": 64,
    "TokenRelease": 65,
    "TransferHelper": 66,
    "UQ112x112": 67,
    "UniswapV2ERC20": 68,
    "UniswapV2Factory": 69,
    "UniswapV2Library": 70,
    "UniswapV2Pair": 71,
    "UniswapV2Router02": 72
}