file,original pragma version,compiled version,notes
Lib_AddressResolver_1.sol,^0.8.9,0.8.9,
Lib_RLPReader_1.sol,^0.8.9,0.8.9,
StateCommitmentChain.sol,^0.8.9,0.8.9,
Lib_AddressResolver_2.sol,^0.8.9,0.8.9,
Ownable_8_1.sol,^0.8.0,0.8.0,
Lib_RLPReader_2.sol,^0.8.9,0.8.9,
Ownable_8.sol,>=0.6.0 <0.8.0,0.6.0,
IChainStorageContainer.sol,>0.5.0 <0.9.0,0.5.0,
Lib_AddressResolver_3.sol,^0.8.9,0.8.9,
Lib_AddressResolver_6.sol,^0.8.9,0.8.9,
Lib_AddressResolver_4.sol,^0.8.9,0.8.9,
ICrossDomainMessenger.sol,>0.5.0 <0.9.0,0.5.0,
Lib_AddressManager.sol,^0.8.9,0.8.9,
Lib_AddressManager_8.sol,^0.8.9,0.8.9,
IStateCommitmentChain.sol,>0.5.0 <0.9.0,0.5.0,
Lib_AddressManager_9.sol,>0.5.0 <0.8.0,0.5.0,
Lib_AddressResolver_5.sol,^0.8.9,0.8.9,
ChainStorageContainer_1.sol,^0.8.9,0.8.9,
L1ChugSplashProxy.sol,>0.5.0 <0.8.0,0.5.0,
Ownable.sol,^0.8.0,0.8.0,
Context_1.sol,^0.8.0,0.8.0,
Lib_Bytes32Utils.sol,^0.8.9,0.8.9,
ChainStorageContainer_2.sol,^0.8.9,0.8.9,
Lib_BytesUtils.sol,^0.8.9,0.8.9,
Context_3.sol,^0.8.0,0.8.0,
IChainStorageContainer_2.sol,>0.5.0 <0.9.0,0.5.0,
IChainStorageContainer_3.sol,>0.5.0 <0.9.0,0.5.0,
Context_2.sol,^0.8.0,0.8.0,
Lib_Buffer_1.sol,^0.8.9,0.8.9,
Context_6.sol,^0.8.0,0.8.0,
Context_7.sol,^0.8.0,0.8.0,
Lib_AddressResolver.sol,^0.8.9,0.8.9,
Lib_Buffer_2.sol,^0.8.9,0.8.9,
Lib_BytesUtils_2.sol,^0.8.9,0.8.9,
Context_5.sol,^0.8.0,0.8.0,
IChainStorageContainer_4.sol,>0.5.0 <0.9.0,0.5.0,
IChainStorageContainer_5.sol,>0.5.0 <0.9.0,0.5.0,
Context_4.sol,>=0.6.0 <0.8.0,0.6.0,
Lib_BytesUtils_3.sol,^0.8.9,0.8.9,
Lib_Buffer.sol,^0.8.9,0.8.9,
L1MultiMessageRelayer.sol,>0.7.5,0.7.5,
Context_8.sol,^0.8.0,0.8.0,
CanonicalTransactionChain.sol,^0.8.9,0.8.9,
Lib_RLPReader.sol,^0.8.9,0.8.9,
AddressAliasHelper.sol,^0.8.7,0.8.7,
Lib_OVMCodec.sol,^0.8.9,0.8.9,
ChainStorageContainer.sol,^0.8.9,0.8.9,
IBondManager_1.sol,^0.8.9,0.8.9,
IBondManager.sol,^0.8.9,0.8.9,
Context.sol,>=0.6.0 <0.8.0,0.6.0,
ICanonicalTransactionChain.sol,>0.5.0 <0.9.0,0.5.0,
Lib_RLPWriter.sol,^0.8.9,0.8.9,
Lib_AddressManager_4.sol,>0.5.0 <0.8.0,0.5.0,
Lib_MerkleTree.sol,^0.8.9,0.8.9,
Ownable_3.sol,^0.8.0,0.8.0,
Ownable_2.sol,^0.8.0,0.8.0,
Lib_AddressManager_5.sol,^0.8.9,0.8.9,
iL1ChugSplashDeployer.sol,>0.5.0 <0.8.0,0.5.0,
IL1CrossDomainMessenger.sol,^0.8.9,0.8.9,
ICanonicalTransactionChain_2.sol,>0.5.0 <0.9.0,0.5.0,
Lib_AddressManager_7.sol,^0.8.9,0.8.9,
Lib_Bytes32Utils_2.sol,^0.8.9,0.8.9,
Lib_Bytes32Utils_3.sol,^0.8.9,0.8.9,
Lib_ResolvedDelegateProxy.sol,>0.5.0 <0.8.0,0.5.0,
Lib_AddressManager_6.sol,^0.8.9,0.8.9,
BondManager.sol,^0.8.9,0.8.9,
Lib_AddressManager_2.sol,^0.8.9,0.8.9,
Ownable_5.sol,^0.8.0,0.8.0,
Ownable_4.sol,>=0.6.0 <0.8.0,0.6.0,
Lib_AddressManager_3.sol,^0.8.9,0.8.9,
Lib_OVMCodec_3.sol,^0.8.9,0.8.9,
Ownable_6.sol,^0.8.0,0.8.0,
Lib_RLPWriter_3.sol,^0.8.9,0.8.9,
Lib_RLPWriter_2.sol,^0.8.9,0.8.9,
Ownable_7.sol,^0.8.0,0.8.0,
Lib_OVMCodec_2.sol,^0.8.9,0.8.9,
