{
    "AToken": 1,
    "Address": 2,
    "Address_1": 3,
    "Address_2": 4,
    "Address_3": 5,
    "Address_4": 6,
    "Address_5": 7,
    "Context": 8,
    "Context_1": 9,
    "Context_2": 10,
    "Context_3": 11,
    "Context_4": 12,
    "Context_5": 13,
    "Context_6": 14,
    "DataTypes": 15,
    "DataTypes_1": 16,
    "DebtTokenBase": 17,
    "ERC20": 18,
    "ERC20_1": 19,
    "ERC20_2": 20,
    "ERC20_3": 21,
    "ERC20_4": 22,
    "Errors": 23,
    "Errors_1": 24,
    "IAToken": 25,
    "IAaveIncentivesController": 26,
    "IAaveIncentivesController_1": 27,
    "ICreditDelegationToken": 28,
    "IERC20": 29,
    "IERC20Detailed": 30,
    "IERC20Detailed_1": 31,
    "IERC20_1": 32,
    "IERC20_2": 33,
    "IERC20_3": 34,
    "IERC20_4": 35,
    "IERC20_5": 36,
    "IERC20_6": 37,
    "IInitializableAToken": 38,
    "IInitializableDebtToken": 39,
    "ILendingPool": 40,
    "ILendingPoolAddressesProvider": 41,
    "ILendingPoolAddressesProvider_1": 42,
    "ILendingPool_1": 43,
    "IScaledBalanceToken": 44,
    "IStableDebtToken": 45,
    "IncentivizedERC20": 46,
    "IncentivizedERC20_1": 47,
    "KolectToken": 48,
    "MathUtils": 49,
    "Ownable": 50,
    "Ownable_1": 51,
    "Ownable_2": 52,
    "Ownable_3": 53,
    "Ownable_4": 54,
    "SafeERC20": 55,
    "SafeMath": 56,
    "SafeMath_1": 57,
    "SafeMath_2": 58,
    "SafeMath_3": 59,
    "SafeMath_4": 60,
    "SafeMath_5": 61,
    "SafeMath_6": 62,
    "StableDebtToken": 63,
    "VersionedInitializable": 64,
    "VersionedInitializable_1": 65,
    "WadRayMath": 66,
    "WadRayMath_1": 67,
    "WrappedToken": 68,
    "WrappedToken_1": 69,
    "WrappedToken_2": 70,
    "WrappedToken_3": 71,
    "WrappedToken_4": 72
}