{
    "Address": 1,
    "BaseRelayer": 2,
    "BasicAMBMediator": 3,
    "BasicNFTOmnibridge": 4,
    "BridgeOperationsStorage": 5,
    "BridgedTokensRegistry": 6,
    "Bytes": 7,
    "Context": 8,
    "ERC1155Relayer": 9,
    "ERC1155TokenProxy": 10,
    "ERC165": 11,
    "ERC721": 12,
    "ERC721BridgeToken": 13,
    "ERC721Relayer": 14,
    "ERC721TokenProxy": 15,
    "EnumerableMap": 16,
    "EnumerableSet": 17,
    "EternalStorage": 18,
    "EternalStorageProxy": 19,
    "FailedMessagesProcessor": 20,
    "ForeignNFTOmnibridge": 21,
    "GasLimitManager": 22,
    "IAMB": 23,
    "IBurnableMintableERC1155Token": 24,
    "IBurnableMintableERC721Token": 25,
    "IERC1155": 26,
    "IERC1155MetadataURI": 27,
    "IERC1155TokenReceiver": 28,
    "IERC165": 29,
    "IERC721": 30,
    "IERC721Enumerable": 31,
    "IERC721Metadata": 32,
    "IERC721Receiver": 33,
    "IOwnable": 34,
    "IUpgradeabilityOwnerStorage": 35,
    "Initializable": 36,
    "MetadataReader": 37,
    "NFTBridgeLimits": 38,
    "NFTMediatorBalanceStorage": 39,
    "NFTOmnibridgeInfo": 40,
    "NativeTokensRegistry": 41,
    "Ownable": 42,
    "Proxy": 43,
    "ReentrancyGuard": 44,
    "SafeMath": 45,
    "Strings": 46,
    "TokenImageStorage": 47,
    "Upgradeable": 48,
    "VersionableBridge": 49
}