{
    "Address": 1,
    "Address_1": 2,
    "BridgeNFT": 3,
    "BridgeNFT_1": 4,
    "Context": 5,
    "Context_1": 6,
    "ERC165": 7,
    "ERC165_1": 8,
    "ERC721": 9,
    "ERC721Enumerable": 10,
    "ERC721Enumerable_1": 11,
    "ERC721_1": 12,
    "IERC165": 13,
    "IERC165_1": 14,
    "IERC721": 15,
    "IERC721Enumerable": 16,
    "IERC721Enumerable_1": 17,
    "IERC721Metadata": 18,
    "IERC721Metadata_1": 19,
    "IERC721Receiver": 20,
    "IERC721Receiver_1": 21,
    "IERC721_1": 22,
    "Ownable": 23,
    "Ownable_1": 24,
    "Strings": 25,
    "Strings_1": 26,
    "XPNft": 27,
    "XPNft_1": 28
}