{
    "AccessControl": 1,
    "AccessControlEnumerable": 2,
    "AccessControl_1": 3,
    "AccessControl_2": 4,
    "Address": 5,
    "Address_1": 6,
    "Address_2": 7,
    "Address_3": 8,
    "Address_4": 9,
    "Bridge": 10,
    "Bridge_1": 11,
    "Context": 12,
    "Context_1": 13,
    "Context_2": 14,
    "Context_3": 15,
    "Context_4": 16,
    "Counters": 17,
    "ECDSA": 18,
    "ERC165": 19,
    "ERC20": 20,
    "ERC20Burnable": 21,
    "ERC20Capped": 22,
    "ERC20Detailed": 23,
    "ERC20Detailed_1": 24,
    "ERC20Handler": 25,
    "ERC20Handler_1": 26,
    "ERC20PresetMinterPauser": 27,
    "ERC20PresetMinterPauser_1": 28,
    "ERC20PresetMinterPauser_2": 29,
    "ERC20Safe": 30,
    "ERC20Safe_1": 31,
    "ERC20_1": 32,
    "EnumerableSet": 33,
    "EnumerableSet_1": 34,
    "EnumerableSet_2": 35,
    "EthSend": 36,
    "GenericHandler": 37,
    "HandlerHelpers": 38,
    "HandlerHelpers_1": 39,
    "IBridge": 40,
    "IBridge_1": 41,
    "IDepositExecute": 42,
    "IDepositExecute_1": 43,
    "IDepositExecute_2": 44,
    "IDepositExecute_3": 45,
    "IERC165": 46,
    "IERC20": 47,
    "IERC20Handler": 48,
    "IERC20Handler_1": 49,
    "IERC20Metadata": 50,
    "IERC20Metadata_1": 51,
    "IERC20_1": 52,
    "IERC20_2": 53,
    "IERC20_3": 54,
    "IERC20_4": 55,
    "IERC20_5": 56,
    "IERCHandler": 57,
    "IERCHandler_1": 58,
    "IERCHandler_2": 59,
    "IERCHandler_3": 60,
    "IGenericHandler": 61,
    "IGenericHandler_1": 62,
    "IGenericHandler_2": 63,
    "IStakingRewards": 64,
    "IStakingRewards_1": 65,
    "Math": 66,
    "Math_1": 67,
    "Ownable": 68,
    "Ownable_1": 69,
    "Ownable_2": 70,
    "Pausable": 71,
    "Pausable_1": 72,
    "ReducedSafeMath": 73,
    "ReentrancyGuard": 74,
    "ReentrancyGuard_1": 75,
    "RelayToken": 76,
    "SENTToken": 77,
    "SafeERC20": 78,
    "SafeERC20_1": 79,
    "SafeERC20_2": 80,
    "SafeERC20_3": 81,
    "SafeMath": 82,
    "SafeMath_1": 83,
    "SafeMath_2": 84,
    "SafeMath_3": 85,
    "StakingRewardsStandalone": 86,
    "StakingRewardsStandaloneMul": 87,
    "Strings": 88,
    "TokenDepositer": 89,
    "Treasury": 90,
    "WasderSale": 91,
    "ZeroTeamTokenVesting": 92,
    "draft-EIP712": 93,
    "draft-ERC20Permit": 94,
    "draft-IERC20Permit": 95
}