{
    "Address": 1,
    "Address_1": 2,
    "Address_2": 3,
    "Address_3": 4,
    "BankStorage": 5,
    "BankStorage_1": 6,
    "BankStorage_2": 7,
    "BankStorage_3": 8,
    "BridgeBank": 9,
    "BridgeBank_1": 10,
    "BridgeBank_2": 11,
    "BridgeBank_3": 12,
    "BridgeRegistry": 13,
    "BridgeToken": 14,
    "BridgeToken_1": 15,
    "BridgeToken_2": 16,
    "BridgeToken_3": 17,
    "BridgeToken_4": 18,
    "Context": 19,
    "Context_1": 20,
    "Context_2": 21,
    "Context_3": 22,
    "CosmosBank": 23,
    "CosmosBankStorage": 24,
    "CosmosBankStorage_1": 25,
    "CosmosBankStorage_2": 26,
    "CosmosBankStorage_3": 27,
    "CosmosBank_1": 28,
    "CosmosBank_2": 29,
    "CosmosBank_3": 30,
    "CosmosBridge": 31,
    "CosmosBridgeStorage": 32,
    "CosmosBridgeStorage_1": 33,
    "CosmosBridgeStorage_2": 34,
    "CosmosBridgeStorage_3": 35,
    "CosmosBridge_1": 36,
    "CosmosBridge_2": 37,
    "CosmosBridge_3": 38,
    "CosmosWhiteList": 39,
    "CosmosWhiteListStorage": 40,
    "CosmosWhiteListStorage_1": 41,
    "CosmosWhiteListStorage_2": 42,
    "CosmosWhiteListStorage_3": 43,
    "CosmosWhiteList_1": 44,
    "CosmosWhiteList_2": 45,
    "CosmosWhiteList_3": 46,
    "ERC20": 47,
    "ERC20Burnable": 48,
    "ERC20Burnable_1": 49,
    "ERC20Burnable_2": 50,
    "ERC20Burnable_3": 51,
    "ERC20Detailed": 52,
    "ERC20Detailed_1": 53,
    "ERC20Detailed_2": 54,
    "ERC20Detailed_3": 55,
    "ERC20Mintable": 56,
    "ERC20Mintable_1": 57,
    "ERC20Mintable_2": 58,
    "ERC20Mintable_3": 59,
    "ERC20_1": 60,
    "ERC20_2": 61,
    "ERC20_3": 62,
    "EthereumBank": 63,
    "EthereumBankStorage": 64,
    "EthereumBankStorage_1": 65,
    "EthereumBankStorage_2": 66,
    "EthereumBankStorage_3": 67,
    "EthereumBank_1": 68,
    "EthereumBank_2": 69,
    "EthereumBank_3": 70,
    "EthereumWhitelist": 71,
    "EthereumWhitelist_1": 72,
    "EthereumWhitelist_2": 73,
    "EthereumWhitelist_3": 74,
    "IERC20": 75,
    "IERC20_1": 76,
    "IERC20_2": 77,
    "IERC20_3": 78,
    "MinterRole": 79,
    "MinterRole_1": 80,
    "MinterRole_2": 81,
    "MinterRole_3": 82,
    "Oracle": 83,
    "OracleStorage": 84,
    "OracleStorage_1": 85,
    "OracleStorage_2": 86,
    "OracleStorage_3": 87,
    "Oracle_1": 88,
    "Oracle_2": 89,
    "Oracle_3": 90,
    "Pausable": 91,
    "Pausable_1": 92,
    "Pausable_2": 93,
    "Pausable_3": 94,
    "PauserRole": 95,
    "PauserRole_1": 96,
    "PauserRole_2": 97,
    "PauserRole_3": 98,
    "Roles": 99,
    "Roles_1": 100,
    "Roles_2": 101,
    "Roles_3": 102,
    "SafeERC20": 103,
    "SafeERC20_1": 104,
    "SafeERC20_2": 105,
    "SafeERC20_3": 106,
    "SafeMath": 107,
    "SafeMath_1": 108,
    "SafeMath_2": 109,
    "SafeMath_3": 110,
    "StandardToken": 111,
    "ToLower": 112,
    "ToLower_1": 113,
    "ToLower_2": 114,
    "ToLower_3": 115,
    "Valset": 116,
    "ValsetStorage": 117,
    "ValsetStorage_1": 118,
    "ValsetStorage_2": 119,
    "ValsetStorage_3": 120,
    "Valset_1": 121,
    "Valset_2": 122,
    "Valset_3": 123
}